title,start_time,end_time,description,exercise_title,superset_id,exercise_notes,set_index,set_type,weight_lbs,reps,distance_miles,duration_seconds,rpe
Upper,"Jul 19, 2026, 7:01 PM","Jul 19, 2026, 8:10 PM",,Incline Bench Press (Dumbbell),,,0,warmup,40.0,12.0,,,
Upper,"Jul 19, 2026, 7:01 PM","Jul 19, 2026, 8:10 PM",,Incline Bench Press (Dumbbell),,,1,warmup,110.0,10.0,,,
Upper,"Jul 19, 2026, 7:01 PM","Jul 19, 2026, 8:10 PM",,Incline Bench Press (Dumbbell),,,2,normal,120.0,8.0,,,
Upper,"Jul 19, 2026, 7:01 PM","Jul 19, 2026, 8:10 PM",,Incline Bench Press (Dumbbell),,,3,normal,130.0,8.0,,,
Upper,"Jul 19, 2026, 7:01 PM","Jul 19, 2026, 8:10 PM",,Incline Bench Press (Dumbbell),,,4,normal,140.0,5.0,,,
Upper,"Jul 19, 2026, 7:01 PM","Jul 19, 2026, 8:10 PM",,Seated Cable Row - V Grip (Cable),,,0,warmup,70.0,12.0,,,
Upper,"Jul 19, 2026, 7:01 PM","Jul 19, 2026, 8:10 PM",,Seated Cable Row - V Grip (Cable),,,1,normal,85.0,10.0,,,
Upper,"Jul 19, 2026, 7:01 PM","Jul 19, 2026, 8:10 PM",,Seated Cable Row - V Grip (Cable),,,2,normal,100.0,10.0,,,
Upper,"Jul 19, 2026, 7:01 PM","Jul 19, 2026, 8:10 PM",,Seated Cable Row - V Grip (Cable),,,3,normal,110.0,8.0,,,
Upper,"Jul 19, 2026, 7:01 PM","Jul 19, 2026, 8:10 PM",,Iso-Lateral Chest Press (Machine),,,0,normal,120.0,10.0,,,
Upper,"Jul 19, 2026, 7:01 PM","Jul 19, 2026, 8:10 PM",,Iso-Lateral Chest Press (Machine),,,1,normal,120.0,8.0,,,
Upper,"Jul 19, 2026, 7:01 PM","Jul 19, 2026, 8:10 PM",,Iso-Lateral Chest Press (Machine),,,2,normal,120.0,8.0,,,
Upper,"Jul 19, 2026, 7:01 PM","Jul 19, 2026, 8:10 PM",,Lateral Raise (Dumbbell),,,0,normal,10.0,12.0,,,
Upper,"Jul 19, 2026, 7:01 PM","Jul 19, 2026, 8:10 PM",,Lateral Raise (Dumbbell),,,1,normal,15.0,10.0,,,
Upper,"Jul 19, 2026, 7:01 PM","Jul 19, 2026, 8:10 PM",,Lateral Raise (Dumbbell),,,2,normal,15.0,10.0,,,
Upper,"Jul 19, 2026, 7:01 PM","Jul 19, 2026, 8:10 PM",,Treadmill,,,0,normal,,,,600.0,
Legs,"Jul 17, 2026, 8:14 PM","Jul 17, 2026, 8:52 PM",,Squat (Barbell),,,0,warmup,50.0,15.0,,,
Legs,"Jul 17, 2026, 8:14 PM","Jul 17, 2026, 8:52 PM",,Squat (Barbell),,,1,warmup,90.0,10.0,,,
Legs,"Jul 17, 2026, 8:14 PM","Jul 17, 2026, 8:52 PM",,Squat (Barbell),,,2,normal,140.0,8.0,,,
Legs,"Jul 17, 2026, 8:14 PM","Jul 17, 2026, 8:52 PM",,Squat (Barbell),,,3,normal,140.0,8.0,,,
Legs,"Jul 17, 2026, 8:14 PM","Jul 17, 2026, 8:52 PM",,Squat (Barbell),,,4,normal,140.0,8.0,,,
Legs,"Jul 17, 2026, 8:14 PM","Jul 17, 2026, 8:52 PM",,Romanian Deadlift (Dumbbell),,,0,warmup,70.0,10.0,,,
Legs,"Jul 17, 2026, 8:14 PM","Jul 17, 2026, 8:52 PM",,Romanian Deadlift (Dumbbell),,,1,normal,90.0,10.0,,,
Legs,"Jul 17, 2026, 8:14 PM","Jul 17, 2026, 8:52 PM",,Romanian Deadlift (Dumbbell),,,2,normal,90.0,8.0,,,
Legs,"Jul 17, 2026, 8:14 PM","Jul 17, 2026, 8:52 PM",,Romanian Deadlift (Dumbbell),,,3,normal,90.0,10.0,,,
Legs,"Jul 17, 2026, 8:14 PM","Jul 17, 2026, 8:52 PM",,Seated Calf Raise,,,0,normal,90.0,15.0,,,
Legs,"Jul 17, 2026, 8:14 PM","Jul 17, 2026, 8:52 PM",,Seated Calf Raise,,,1,normal,90.0,15.0,,,
Legs,"Jul 17, 2026, 8:14 PM","Jul 17, 2026, 8:52 PM",,Seated Calf Raise,,,2,normal,90.0,12.0,,,
Legs,"Jul 17, 2026, 8:14 PM","Jul 17, 2026, 8:52 PM",,Cable Crunch,,,0,normal,20.0,12.0,,,
Legs,"Jul 17, 2026, 8:14 PM","Jul 17, 2026, 8:52 PM",,Cable Crunch,,,1,normal,30.0,12.0,,,
Legs,"Jul 17, 2026, 8:14 PM","Jul 17, 2026, 8:52 PM",,Cable Crunch,,,2,normal,30.0,12.0,,,
Legs,"Jul 17, 2026, 8:14 PM","Jul 17, 2026, 8:52 PM",,Treadmill,,,0,normal,,,,600.0,
Pull,"Jul 15, 2026, 8:33 PM","Jul 15, 2026, 9:33 PM",,Bent Over Row (Barbell),,,0,warmup,50.0,10.0,,,
Pull,"Jul 15, 2026, 8:33 PM","Jul 15, 2026, 9:33 PM",,Bent Over Row (Barbell),,,1,warmup,70.0,8.0,,,
Pull,"Jul 15, 2026, 8:33 PM","Jul 15, 2026, 9:33 PM",,Bent Over Row (Barbell),,,2,normal,100.0,8.0,,,
Pull,"Jul 15, 2026, 8:33 PM","Jul 15, 2026, 9:33 PM",,Bent Over Row (Barbell),,,3,normal,120.0,8.0,,,
Pull,"Jul 15, 2026, 8:33 PM","Jul 15, 2026, 9:33 PM",,Bent Over Row (Barbell),,,4,normal,120.0,8.0,,,
Pull,"Jul 15, 2026, 8:33 PM","Jul 15, 2026, 9:33 PM",,Lat Pulldown (Cable),,,0,normal,145.0,10.0,,,
Pull,"Jul 15, 2026, 8:33 PM","Jul 15, 2026, 9:33 PM",,Lat Pulldown (Cable),,,1,normal,160.0,8.0,,,
Pull,"Jul 15, 2026, 8:33 PM","Jul 15, 2026, 9:33 PM",,Lat Pulldown (Cable),,,2,normal,170.0,8.0,,,
Pull,"Jul 15, 2026, 8:33 PM","Jul 15, 2026, 9:33 PM",,Seated Cable Row - V Grip (Cable),,,0,normal,95.0,8.0,,,
Pull,"Jul 15, 2026, 8:33 PM","Jul 15, 2026, 9:33 PM",,Seated Cable Row - V Grip (Cable),,,1,normal,95.0,8.0,,,
Pull,"Jul 15, 2026, 8:33 PM","Jul 15, 2026, 9:33 PM",,Seated Cable Row - V Grip (Cable),,,2,normal,95.0,8.0,,,
Pull,"Jul 15, 2026, 8:33 PM","Jul 15, 2026, 9:33 PM",,Bicep Curl (Dumbbell),,,0,normal,20.0,12.0,,,
Pull,"Jul 15, 2026, 8:33 PM","Jul 15, 2026, 9:33 PM",,Bicep Curl (Dumbbell),,,1,normal,20.0,12.0,,,
Pull,"Jul 15, 2026, 8:33 PM","Jul 15, 2026, 9:33 PM",,Bicep Curl (Dumbbell),,,2,normal,20.0,12.0,,,
Pull,"Jul 15, 2026, 8:33 PM","Jul 15, 2026, 9:33 PM",,Treadmill,,,0,normal,,,,600.0,
Push,"Jul 13, 2026, 8:52 PM","Jul 13, 2026, 9:26 PM",,Bench Press (Barbell),,,0,warmup,50.0,12.0,,,
Push,"Jul 13, 2026, 8:52 PM","Jul 13, 2026, 9:26 PM",,Bench Press (Barbell),,,1,warmup,70.0,10.0,,,
Push,"Jul 13, 2026, 8:52 PM","Jul 13, 2026, 9:26 PM",,Bench Press (Barbell),,,2,normal,120.0,8.0,,,
Push,"Jul 13, 2026, 8:52 PM","Jul 13, 2026, 9:26 PM",,Bench Press (Barbell),,,3,normal,130.0,6.0,,,
Push,"Jul 13, 2026, 8:52 PM","Jul 13, 2026, 9:26 PM",,Bench Press (Barbell),,,4,normal,130.0,6.0,,,
Push,"Jul 13, 2026, 8:52 PM","Jul 13, 2026, 9:26 PM",,Shoulder Press (Machine Plates),,,0,normal,90.0,10.0,,,
Push,"Jul 13, 2026, 8:52 PM","Jul 13, 2026, 9:26 PM",,Shoulder Press (Machine Plates),,,1,normal,110.0,10.0,,,
Push,"Jul 13, 2026, 8:52 PM","Jul 13, 2026, 9:26 PM",,Shoulder Press (Machine Plates),,,2,normal,110.0,8.0,,,
Push,"Jul 13, 2026, 8:52 PM","Jul 13, 2026, 9:26 PM",,Triceps Rope Pushdown,,,0,normal,30.0,12.0,,,
Push,"Jul 13, 2026, 8:52 PM","Jul 13, 2026, 9:26 PM",,Triceps Rope Pushdown,,,1,normal,35.0,10.0,,,
Push,"Jul 13, 2026, 8:52 PM","Jul 13, 2026, 9:26 PM",,Triceps Rope Pushdown,,,2,normal,35.0,12.0,,,
Push,"Jul 13, 2026, 8:52 PM","Jul 13, 2026, 9:26 PM",,Crunch (Machine),,,0,normal,,12.0,,,
Push,"Jul 13, 2026, 8:52 PM","Jul 13, 2026, 9:26 PM",,Crunch (Machine),,,1,normal,,12.0,,,
Push,"Jul 13, 2026, 8:52 PM","Jul 13, 2026, 9:26 PM",,Crunch (Machine),,,2,normal,,12.0,,,
Push,"Jul 13, 2026, 8:52 PM","Jul 13, 2026, 9:26 PM",,Treadmill,,,0,normal,,,,600.0,
Lower,"Jul 10, 2026, 8:08 PM","Jul 10, 2026, 8:51 PM",,Leg Press (Machine),,,0,warmup,270.0,10.0,,,
Lower,"Jul 10, 2026, 8:08 PM","Jul 10, 2026, 8:51 PM",,Leg Press (Machine),,,1,warmup,360.0,8.0,,,
Lower,"Jul 10, 2026, 8:08 PM","Jul 10, 2026, 8:51 PM",,Leg Press (Machine),,,2,normal,450.0,8.0,,,
Lower,"Jul 10, 2026, 8:08 PM","Jul 10, 2026, 8:51 PM",,Leg Press (Machine),,,3,normal,500.0,8.0,,,
Lower,"Jul 10, 2026, 8:08 PM","Jul 10, 2026, 8:51 PM",,Leg Press (Machine),,,4,normal,500.0,8.0,,,
Lower,"Jul 10, 2026, 8:08 PM","Jul 10, 2026, 8:51 PM",,Back Extension (Weighted Hyperextension),,,0,warmup,25.0,8.0,,,
Lower,"Jul 10, 2026, 8:08 PM","Jul 10, 2026, 8:51 PM",,Back Extension (Weighted Hyperextension),,,1,warmup,25.0,8.0,,,
Lower,"Jul 10, 2026, 8:08 PM","Jul 10, 2026, 8:51 PM",,Back Extension (Weighted Hyperextension),,,2,normal,25.0,8.0,,,
Lower,"Jul 10, 2026, 8:08 PM","Jul 10, 2026, 8:51 PM",,Back Extension (Weighted Hyperextension),,,3,normal,25.0,8.0,,,
Lower,"Jul 10, 2026, 8:08 PM","Jul 10, 2026, 8:51 PM",,Back Extension (Weighted Hyperextension),,,4,normal,25.0,8.0,,,
Lower,"Jul 10, 2026, 8:08 PM","Jul 10, 2026, 8:51 PM",,Seated Leg Curl (Machine),,,0,normal,115.0,12.0,,,
Lower,"Jul 10, 2026, 8:08 PM","Jul 10, 2026, 8:51 PM",,Seated Leg Curl (Machine),,,1,normal,115.0,12.0,,,
Lower,"Jul 10, 2026, 8:08 PM","Jul 10, 2026, 8:51 PM",,Seated Leg Curl (Machine),,,2,normal,130.0,12.0,,,
Lower,"Jul 10, 2026, 8:08 PM","Jul 10, 2026, 8:51 PM",,Standing Calf Raise (Machine),,,0,normal,100.0,12.0,,,
Lower,"Jul 10, 2026, 8:08 PM","Jul 10, 2026, 8:51 PM",,Standing Calf Raise (Machine),,,1,normal,100.0,12.0,,,
Lower,"Jul 10, 2026, 8:08 PM","Jul 10, 2026, 8:51 PM",,Standing Calf Raise (Machine),,,2,normal,100.0,12.0,,,
Lower,"Jul 10, 2026, 8:08 PM","Jul 10, 2026, 8:51 PM",,Treadmill,,,0,normal,,,,600.0,
Upper,"Jul 9, 2026, 9:12 PM","Jul 9, 2026, 9:55 PM",,Incline Bench Press (Smith Machine),,,0,warmup,25.0,12.0,,,
Upper,"Jul 9, 2026, 9:12 PM","Jul 9, 2026, 9:55 PM",,Incline Bench Press (Smith Machine),,,1,warmup,35.0,10.0,,,
Upper,"Jul 9, 2026, 9:12 PM","Jul 9, 2026, 9:55 PM",,Incline Bench Press (Smith Machine),,,2,normal,55.0,8.0,,,
Upper,"Jul 9, 2026, 9:12 PM","Jul 9, 2026, 9:55 PM",,Incline Bench Press (Smith Machine),,,3,normal,60.0,5.0,,,
Upper,"Jul 9, 2026, 9:12 PM","Jul 9, 2026, 9:55 PM",,Incline Bench Press (Smith Machine),,,4,normal,60.0,5.0,,,
Upper,"Jul 9, 2026, 9:12 PM","Jul 9, 2026, 9:55 PM",,Lat Pulldown - Close Grip (Cable),,,0,warmup,145.0,10.0,,,
Upper,"Jul 9, 2026, 9:12 PM","Jul 9, 2026, 9:55 PM",,Lat Pulldown - Close Grip (Cable),,,1,normal,160.0,8.0,,,
Upper,"Jul 9, 2026, 9:12 PM","Jul 9, 2026, 9:55 PM",,Lat Pulldown - Close Grip (Cable),,,2,normal,160.0,8.0,,,
Upper,"Jul 9, 2026, 9:12 PM","Jul 9, 2026, 9:55 PM",,Lat Pulldown - Close Grip (Cable),,,3,normal,175.0,8.0,,,
Upper,"Jul 9, 2026, 9:12 PM","Jul 9, 2026, 9:55 PM",,Chest Press (Machine),,,0,normal,60.0,8.0,,,
Upper,"Jul 9, 2026, 9:12 PM","Jul 9, 2026, 9:55 PM",,Chest Press (Machine),,,1,normal,90.0,8.0,,,
Upper,"Jul 9, 2026, 9:12 PM","Jul 9, 2026, 9:55 PM",,Chest Press (Machine),,,2,normal,120.0,8.0,,,
Upper,"Jul 9, 2026, 9:12 PM","Jul 9, 2026, 9:55 PM",,Decline Crunch (Weighted),,,0,normal,25.0,12.0,,,
Upper,"Jul 9, 2026, 9:12 PM","Jul 9, 2026, 9:55 PM",,Decline Crunch (Weighted),,,1,normal,25.0,12.0,,,
Upper,"Jul 9, 2026, 9:12 PM","Jul 9, 2026, 9:55 PM",,Decline Crunch (Weighted),,,2,normal,25.0,12.0,,,
Upper,"Jul 9, 2026, 9:12 PM","Jul 9, 2026, 9:55 PM",,Lateral Raise (Dumbbell),,,0,normal,15.0,12.0,,,
Upper,"Jul 9, 2026, 9:12 PM","Jul 9, 2026, 9:55 PM",,Lateral Raise (Dumbbell),,,1,normal,15.0,12.0,,,
Upper,"Jul 9, 2026, 9:12 PM","Jul 9, 2026, 9:55 PM",,Lateral Raise (Dumbbell),,,2,normal,15.0,12.0,,,
Upper,"Jul 9, 2026, 9:12 PM","Jul 9, 2026, 9:55 PM",,Treadmill,,,0,normal,,,,600.0,
Legs,"Jul 8, 2026, 8:28 PM","Jul 8, 2026, 9:19 PM",,Squat (Barbell),,,0,warmup,50.0,12.0,,,
Legs,"Jul 8, 2026, 8:28 PM","Jul 8, 2026, 9:19 PM",,Squat (Barbell),,,1,warmup,90.0,10.0,,,
Legs,"Jul 8, 2026, 8:28 PM","Jul 8, 2026, 9:19 PM",,Squat (Barbell),,,2,normal,140.0,8.0,,,
Legs,"Jul 8, 2026, 8:28 PM","Jul 8, 2026, 9:19 PM",,Squat (Barbell),,,3,normal,160.0,8.0,,,
Legs,"Jul 8, 2026, 8:28 PM","Jul 8, 2026, 9:19 PM",,Squat (Barbell),,,4,normal,180.0,4.0,,,
Legs,"Jul 8, 2026, 8:28 PM","Jul 8, 2026, 9:19 PM",,Romanian Deadlift (Dumbbell),,,0,warmup,60.0,10.0,,,
Legs,"Jul 8, 2026, 8:28 PM","Jul 8, 2026, 9:19 PM",,Romanian Deadlift (Dumbbell),,,1,normal,70.0,10.0,,,
Legs,"Jul 8, 2026, 8:28 PM","Jul 8, 2026, 9:19 PM",,Romanian Deadlift (Dumbbell),,,2,normal,70.0,10.0,,,
Legs,"Jul 8, 2026, 8:28 PM","Jul 8, 2026, 9:19 PM",,Romanian Deadlift (Dumbbell),,,3,normal,70.0,8.0,,,
Legs,"Jul 8, 2026, 8:28 PM","Jul 8, 2026, 9:19 PM",,Cable Crunch,,,0,normal,15.0,15.0,,,
Legs,"Jul 8, 2026, 8:28 PM","Jul 8, 2026, 9:19 PM",,Cable Crunch,,,1,normal,20.0,15.0,,,
Legs,"Jul 8, 2026, 8:28 PM","Jul 8, 2026, 9:19 PM",,Cable Crunch,,,2,normal,25.0,10.0,,,
Legs,"Jul 8, 2026, 8:28 PM","Jul 8, 2026, 9:19 PM",,Seated Calf Raise,,,0,normal,90.0,12.0,,,
Legs,"Jul 8, 2026, 8:28 PM","Jul 8, 2026, 9:19 PM",,Seated Calf Raise,,,1,normal,90.0,12.0,,,
Legs,"Jul 8, 2026, 8:28 PM","Jul 8, 2026, 9:19 PM",,Seated Calf Raise,,,2,normal,90.0,12.0,,,
Legs,"Jul 8, 2026, 8:28 PM","Jul 8, 2026, 9:19 PM",,Sit Up (Weighted),,,0,normal,15.0,12.0,,,
Legs,"Jul 8, 2026, 8:28 PM","Jul 8, 2026, 9:19 PM",,Sit Up (Weighted),,,1,normal,15.0,12.0,,,
Legs,"Jul 8, 2026, 8:28 PM","Jul 8, 2026, 9:19 PM",,Sit Up (Weighted),,,2,normal,15.0,12.0,,,
Legs,"Jul 8, 2026, 8:28 PM","Jul 8, 2026, 9:19 PM",,Treadmill,,,0,normal,,,,600.0,
Pull,"Jul 7, 2026, 6:58 PM","Jul 7, 2026, 7:44 PM",,Bent Over Row (Barbell),,,0,warmup,50.0,10.0,,,
Pull,"Jul 7, 2026, 6:58 PM","Jul 7, 2026, 7:44 PM",,Bent Over Row (Barbell),,,1,warmup,70.0,9.0,,,
Pull,"Jul 7, 2026, 6:58 PM","Jul 7, 2026, 7:44 PM",,Bent Over Row (Barbell),,,2,normal,90.0,8.0,,,
Pull,"Jul 7, 2026, 6:58 PM","Jul 7, 2026, 7:44 PM",,Bent Over Row (Barbell),,,3,normal,90.0,8.0,,,
Pull,"Jul 7, 2026, 6:58 PM","Jul 7, 2026, 7:44 PM",,Bent Over Row (Barbell),,,4,normal,90.0,8.0,,,
Pull,"Jul 7, 2026, 6:58 PM","Jul 7, 2026, 7:44 PM",,Lat Pulldown (Cable),,,0,normal,145.0,10.0,,,
Pull,"Jul 7, 2026, 6:58 PM","Jul 7, 2026, 7:44 PM",,Lat Pulldown (Cable),,,1,normal,160.0,9.0,,,
Pull,"Jul 7, 2026, 6:58 PM","Jul 7, 2026, 7:44 PM",,Lat Pulldown (Cable),,,2,normal,175.0,8.0,,,
Pull,"Jul 7, 2026, 6:58 PM","Jul 7, 2026, 7:44 PM",,Chest Supported Incline Row (Dumbbell),,,0,normal,20.0,10.0,,,
Pull,"Jul 7, 2026, 6:58 PM","Jul 7, 2026, 7:44 PM",,Chest Supported Incline Row (Dumbbell),,,1,normal,20.0,10.0,,,
Pull,"Jul 7, 2026, 6:58 PM","Jul 7, 2026, 7:44 PM",,Chest Supported Incline Row (Dumbbell),,,2,normal,20.0,10.0,,,
Pull,"Jul 7, 2026, 6:58 PM","Jul 7, 2026, 7:44 PM",,Bicep Curl (Dumbbell),,,0,normal,30.0,10.0,,,
Pull,"Jul 7, 2026, 6:58 PM","Jul 7, 2026, 7:44 PM",,Bicep Curl (Dumbbell),,,1,normal,35.0,10.0,,,
Pull,"Jul 7, 2026, 6:58 PM","Jul 7, 2026, 7:44 PM",,Bicep Curl (Dumbbell),,,2,normal,40.0,8.0,,,
Pull,"Jul 7, 2026, 6:58 PM","Jul 7, 2026, 7:44 PM",,Treadmill,,,0,normal,,,,600.0,
Pull,"Jul 7, 2026, 6:58 PM","Jul 7, 2026, 7:44 PM",,EZ Bar Biceps Curl,,,0,normal,30.0,12.0,,,
Pull,"Jul 7, 2026, 6:58 PM","Jul 7, 2026, 7:44 PM",,EZ Bar Biceps Curl,,,1,normal,40.0,10.0,,,
Pull,"Jul 7, 2026, 6:58 PM","Jul 7, 2026, 7:44 PM",,EZ Bar Biceps Curl,,,2,normal,50.0,10.0,,,
Push,"Jul 3, 2026, 8:07 PM","Jul 3, 2026, 9:12 PM",,Bench Press (Barbell),,,0,warmup,50.0,12.0,,,
Push,"Jul 3, 2026, 8:07 PM","Jul 3, 2026, 9:12 PM",,Bench Press (Barbell),,,1,warmup,70.0,10.0,,,
Push,"Jul 3, 2026, 8:07 PM","Jul 3, 2026, 9:12 PM",,Bench Press (Barbell),,,2,normal,110.0,8.0,,,
Push,"Jul 3, 2026, 8:07 PM","Jul 3, 2026, 9:12 PM",,Bench Press (Barbell),,,3,normal,120.0,5.0,,,
Push,"Jul 3, 2026, 8:07 PM","Jul 3, 2026, 9:12 PM",,Bench Press (Barbell),,,4,normal,110.0,8.0,,,
Push,"Jul 3, 2026, 8:07 PM","Jul 3, 2026, 9:12 PM",,Seated Shoulder Press (Machine),,,0,normal,50.0,10.0,,,
Push,"Jul 3, 2026, 8:07 PM","Jul 3, 2026, 9:12 PM",,Seated Shoulder Press (Machine),,,1,normal,50.0,10.0,,,
Push,"Jul 3, 2026, 8:07 PM","Jul 3, 2026, 9:12 PM",,Seated Shoulder Press (Machine),,,2,normal,60.0,10.0,,,
Push,"Jul 3, 2026, 8:07 PM","Jul 3, 2026, 9:12 PM",,Triceps Pushdown,,,0,normal,50.0,12.0,,,
Push,"Jul 3, 2026, 8:07 PM","Jul 3, 2026, 9:12 PM",,Triceps Pushdown,,,1,normal,50.0,12.0,,,
Push,"Jul 3, 2026, 8:07 PM","Jul 3, 2026, 9:12 PM",,Triceps Pushdown,,,2,normal,50.0,12.0,,,
Push,"Jul 3, 2026, 8:07 PM","Jul 3, 2026, 9:12 PM",,Crunch (Machine),,,0,normal,,12.0,,,
Push,"Jul 3, 2026, 8:07 PM","Jul 3, 2026, 9:12 PM",,Crunch (Machine),,,1,normal,,12.0,,,
Push,"Jul 3, 2026, 8:07 PM","Jul 3, 2026, 9:12 PM",,Crunch (Machine),,,2,normal,,12.0,,,
Push,"Jul 3, 2026, 8:07 PM","Jul 3, 2026, 9:12 PM",,Treadmill,,,0,normal,,,,600.0,
Lower,"Jul 2, 2026, 9:28 PM","Jul 2, 2026, 10:41 PM",,Leg Press (Machine),,,0,warmup,270.0,12.0,,,
Lower,"Jul 2, 2026, 9:28 PM","Jul 2, 2026, 10:41 PM",,Leg Press (Machine),,,1,warmup,360.0,8.0,,,
Lower,"Jul 2, 2026, 9:28 PM","Jul 2, 2026, 10:41 PM",,Leg Press (Machine),,,2,normal,450.0,8.0,,,
Lower,"Jul 2, 2026, 9:28 PM","Jul 2, 2026, 10:41 PM",,Leg Press (Machine),,,3,normal,480.0,8.0,,,
Lower,"Jul 2, 2026, 9:28 PM","Jul 2, 2026, 10:41 PM",,Leg Press (Machine),,,4,normal,480.0,8.0,,,
Lower,"Jul 2, 2026, 9:28 PM","Jul 2, 2026, 10:41 PM",,Back Extension (Weighted Hyperextension),,,0,warmup,25.0,8.0,,,
Lower,"Jul 2, 2026, 9:28 PM","Jul 2, 2026, 10:41 PM",,Back Extension (Weighted Hyperextension),,,1,warmup,25.0,8.0,,,
Lower,"Jul 2, 2026, 9:28 PM","Jul 2, 2026, 10:41 PM",,Back Extension (Weighted Hyperextension),,,2,normal,25.0,8.0,,,
Lower,"Jul 2, 2026, 9:28 PM","Jul 2, 2026, 10:41 PM",,Back Extension (Weighted Hyperextension),,,3,normal,25.0,8.0,,,
Lower,"Jul 2, 2026, 9:28 PM","Jul 2, 2026, 10:41 PM",,Back Extension (Weighted Hyperextension),,,4,normal,25.0,8.0,,,
Lower,"Jul 2, 2026, 9:28 PM","Jul 2, 2026, 10:41 PM",,Seated Leg Curl (Machine),,,0,normal,115.0,12.0,,,
Lower,"Jul 2, 2026, 9:28 PM","Jul 2, 2026, 10:41 PM",,Seated Leg Curl (Machine),,,1,normal,115.0,12.0,,,
Lower,"Jul 2, 2026, 9:28 PM","Jul 2, 2026, 10:41 PM",,Seated Leg Curl (Machine),,,2,normal,115.0,12.0,,,
Lower,"Jul 2, 2026, 9:28 PM","Jul 2, 2026, 10:41 PM",,Standing Calf Raise (Machine),,,0,normal,100.0,12.0,,,
Lower,"Jul 2, 2026, 9:28 PM","Jul 2, 2026, 10:41 PM",,Standing Calf Raise (Machine),,,1,normal,100.0,12.0,,,
Lower,"Jul 2, 2026, 9:28 PM","Jul 2, 2026, 10:41 PM",,Standing Calf Raise (Machine),,,2,normal,100.0,12.0,,,
Lower,"Jul 2, 2026, 9:28 PM","Jul 2, 2026, 10:41 PM",,Treadmill,,,0,normal,,,,600.0,
Upper,"Jul 1, 2026, 9:41 PM","Jul 1, 2026, 10:37 PM",,Incline Bench Press (Barbell),,,0,warmup,25.0,12.0,,,
Upper,"Jul 1, 2026, 9:41 PM","Jul 1, 2026, 10:37 PM",,Incline Bench Press (Barbell),,,1,warmup,45.0,10.0,,,
Upper,"Jul 1, 2026, 9:41 PM","Jul 1, 2026, 10:37 PM",,Incline Bench Press (Barbell),,,2,normal,55.0,8.0,,,
Upper,"Jul 1, 2026, 9:41 PM","Jul 1, 2026, 10:37 PM",,Incline Bench Press (Barbell),,,3,normal,55.0,8.0,,,
Upper,"Jul 1, 2026, 9:41 PM","Jul 1, 2026, 10:37 PM",,Incline Bench Press (Barbell),,,4,normal,55.0,6.0,,,
Upper,"Jul 1, 2026, 9:41 PM","Jul 1, 2026, 10:37 PM",,Lat Pulldown - Close Grip (Cable),,,0,warmup,115.0,10.0,,,
Upper,"Jul 1, 2026, 9:41 PM","Jul 1, 2026, 10:37 PM",,Lat Pulldown - Close Grip (Cable),,,1,normal,130.0,10.0,,,
Upper,"Jul 1, 2026, 9:41 PM","Jul 1, 2026, 10:37 PM",,Lat Pulldown - Close Grip (Cable),,,2,normal,145.0,8.0,,,
Upper,"Jul 1, 2026, 9:41 PM","Jul 1, 2026, 10:37 PM",,Lat Pulldown - Close Grip (Cable),,,3,normal,160.0,8.0,,,
Upper,"Jul 1, 2026, 9:41 PM","Jul 1, 2026, 10:37 PM",,Iso-Lateral Chest Press (Machine),,,0,normal,45.0,8.0,,,
Upper,"Jul 1, 2026, 9:41 PM","Jul 1, 2026, 10:37 PM",,Iso-Lateral Chest Press (Machine),,,1,normal,45.0,8.0,,,
Upper,"Jul 1, 2026, 9:41 PM","Jul 1, 2026, 10:37 PM",,Iso-Lateral Chest Press (Machine),,,2,normal,70.0,8.0,,,
Upper,"Jul 1, 2026, 9:41 PM","Jul 1, 2026, 10:37 PM",,Decline Crunch (Weighted),,,0,normal,25.0,12.0,,,
Upper,"Jul 1, 2026, 9:41 PM","Jul 1, 2026, 10:37 PM",,Decline Crunch (Weighted),,,1,normal,25.0,12.0,,,
Upper,"Jul 1, 2026, 9:41 PM","Jul 1, 2026, 10:37 PM",,Decline Crunch (Weighted),,,2,normal,25.0,12.0,,,
Upper,"Jul 1, 2026, 9:41 PM","Jul 1, 2026, 10:37 PM",,Lateral Raise (Dumbbell),,,0,normal,15.0,15.0,,,
Upper,"Jul 1, 2026, 9:41 PM","Jul 1, 2026, 10:37 PM",,Lateral Raise (Dumbbell),,,1,normal,15.0,12.0,,,
Upper,"Jul 1, 2026, 9:41 PM","Jul 1, 2026, 10:37 PM",,Lateral Raise (Dumbbell),,,2,normal,15.0,12.0,,,
Upper,"Jul 1, 2026, 9:41 PM","Jul 1, 2026, 10:37 PM",,Treadmill,,,0,normal,,,,600.0,
Legs,"Jun 30, 2026, 8:22 PM","Jun 30, 2026, 9:03 PM",,Bulgarian Split Squat (Dumbbell),,,0,warmup,15.0,10.0,,,
Legs,"Jun 30, 2026, 8:22 PM","Jun 30, 2026, 9:03 PM",,Bulgarian Split Squat (Dumbbell),,,1,warmup,17.5,10.0,,,
Legs,"Jun 30, 2026, 8:22 PM","Jun 30, 2026, 9:03 PM",,Bulgarian Split Squat (Dumbbell),,,2,normal,20.0,8.0,,,
Legs,"Jun 30, 2026, 8:22 PM","Jun 30, 2026, 9:03 PM",,Bulgarian Split Squat (Dumbbell),,,3,normal,20.0,8.0,,,
Legs,"Jun 30, 2026, 8:22 PM","Jun 30, 2026, 9:03 PM",,Bulgarian Split Squat (Dumbbell),,,4,normal,20.0,8.0,,,
Legs,"Jun 30, 2026, 8:22 PM","Jun 30, 2026, 9:03 PM",,Romanian Deadlift (Barbell),,,0,warmup,25.0,8.0,,,
Legs,"Jun 30, 2026, 8:22 PM","Jun 30, 2026, 9:03 PM",,Romanian Deadlift (Barbell),,,1,normal,35.0,8.0,,,
Legs,"Jun 30, 2026, 8:22 PM","Jun 30, 2026, 9:03 PM",,Romanian Deadlift (Barbell),,,2,normal,45.0,10.0,,,
Legs,"Jun 30, 2026, 8:22 PM","Jun 30, 2026, 9:03 PM",,Romanian Deadlift (Barbell),,,3,normal,45.0,5.0,,,
Legs,"Jun 30, 2026, 8:22 PM","Jun 30, 2026, 9:03 PM",,Cable Crunch,,,0,normal,15.0,12.0,,,
Legs,"Jun 30, 2026, 8:22 PM","Jun 30, 2026, 9:03 PM",,Cable Crunch,,,1,normal,15.0,12.0,,,
Legs,"Jun 30, 2026, 8:22 PM","Jun 30, 2026, 9:03 PM",,Cable Crunch,,,2,normal,15.0,12.0,,,
Legs,"Jun 30, 2026, 8:22 PM","Jun 30, 2026, 9:03 PM",,Standing Calf Raise (Machine),,,0,normal,100.0,12.0,,,
Legs,"Jun 30, 2026, 8:22 PM","Jun 30, 2026, 9:03 PM",,Standing Calf Raise (Machine),,,1,normal,100.0,12.0,,,
Legs,"Jun 30, 2026, 8:22 PM","Jun 30, 2026, 9:03 PM",,Standing Calf Raise (Machine),,,2,normal,100.0,12.0,,,
Legs,"Jun 30, 2026, 8:22 PM","Jun 30, 2026, 9:03 PM",,Crunch (Weighted),,,0,normal,20.0,12.0,,,
Legs,"Jun 30, 2026, 8:22 PM","Jun 30, 2026, 9:03 PM",,Crunch (Weighted),,,1,normal,20.0,12.0,,,
Legs,"Jun 30, 2026, 8:22 PM","Jun 30, 2026, 9:03 PM",,Crunch (Weighted),,,2,normal,20.0,12.0,,,
Legs,"Jun 30, 2026, 8:22 PM","Jun 30, 2026, 9:03 PM",,Treadmill,,,0,normal,,,,600.0,
Pull,"Jun 29, 2026, 7:49 PM","Jun 29, 2026, 8:23 PM",,Bent Over Row (Barbell),,,0,warmup,50.0,10.0,,,
Pull,"Jun 29, 2026, 7:49 PM","Jun 29, 2026, 8:23 PM",,Bent Over Row (Barbell),,,1,warmup,70.0,10.0,,,
Pull,"Jun 29, 2026, 7:49 PM","Jun 29, 2026, 8:23 PM",,Bent Over Row (Barbell),,,2,normal,90.0,8.0,,,
Pull,"Jun 29, 2026, 7:49 PM","Jun 29, 2026, 8:23 PM",,Bent Over Row (Barbell),,,3,normal,110.0,8.0,,,
Pull,"Jun 29, 2026, 7:49 PM","Jun 29, 2026, 8:23 PM",,Bent Over Row (Barbell),,,4,normal,110.0,5.0,,,
Pull,"Jun 29, 2026, 7:49 PM","Jun 29, 2026, 8:23 PM",,Lat Pulldown (Machine),,,0,normal,130.0,8.0,,,
Pull,"Jun 29, 2026, 7:49 PM","Jun 29, 2026, 8:23 PM",,Lat Pulldown (Machine),,,1,normal,130.0,8.0,,,
Pull,"Jun 29, 2026, 7:49 PM","Jun 29, 2026, 8:23 PM",,Lat Pulldown (Machine),,,2,normal,130.0,8.0,,,
Pull,"Jun 29, 2026, 7:49 PM","Jun 29, 2026, 8:23 PM",,Iso-Lateral Row (Machine),,,0,normal,40.0,8.0,,,
Pull,"Jun 29, 2026, 7:49 PM","Jun 29, 2026, 8:23 PM",,Iso-Lateral Row (Machine),,,1,normal,40.0,8.0,,,
Pull,"Jun 29, 2026, 7:49 PM","Jun 29, 2026, 8:23 PM",,Iso-Lateral Row (Machine),,,2,normal,40.0,8.0,,,
Pull,"Jun 29, 2026, 7:49 PM","Jun 29, 2026, 8:23 PM",,Lat Pulldown - Close Grip (Cable),,,0,normal,115.0,10.0,,,
Pull,"Jun 29, 2026, 7:49 PM","Jun 29, 2026, 8:23 PM",,Lat Pulldown - Close Grip (Cable),,,1,normal,115.0,10.0,,,
Pull,"Jun 29, 2026, 7:49 PM","Jun 29, 2026, 8:23 PM",,Lat Pulldown - Close Grip (Cable),,,2,normal,115.0,8.0,,,
Pull,"Jun 29, 2026, 7:49 PM","Jun 29, 2026, 8:23 PM",,Shrug (Dumbbell),,,0,normal,65.0,12.0,,,
Pull,"Jun 29, 2026, 7:49 PM","Jun 29, 2026, 8:23 PM",,Shrug (Dumbbell),,,1,normal,65.0,12.0,,,
Pull,"Jun 29, 2026, 7:49 PM","Jun 29, 2026, 8:23 PM",,Shrug (Dumbbell),,,2,normal,65.0,12.0,,,
Pull,"Jun 29, 2026, 7:49 PM","Jun 29, 2026, 8:23 PM",,Bicep Curl (Dumbbell),,,0,normal,30.0,12.0,,,
Pull,"Jun 29, 2026, 7:49 PM","Jun 29, 2026, 8:23 PM",,Bicep Curl (Dumbbell),,,1,normal,30.0,12.0,,,
Pull,"Jun 29, 2026, 7:49 PM","Jun 29, 2026, 8:23 PM",,Bicep Curl (Dumbbell),,,2,normal,30.0,12.0,,,
Pull,"Jun 29, 2026, 7:49 PM","Jun 29, 2026, 8:23 PM",,Treadmill,,,0,normal,,,,600.0,
Push,"Jun 27, 2026, 3:47 PM","Jun 27, 2026, 4:25 PM",,Bench Press (Barbell),,,0,warmup,50.0,12.0,,,
Push,"Jun 27, 2026, 3:47 PM","Jun 27, 2026, 4:25 PM",,Bench Press (Barbell),,,1,warmup,70.0,10.0,,,
Push,"Jun 27, 2026, 3:47 PM","Jun 27, 2026, 4:25 PM",,Bench Press (Barbell),,,2,normal,110.0,6.0,,,
Push,"Jun 27, 2026, 3:47 PM","Jun 27, 2026, 4:25 PM",,Bench Press (Barbell),,,3,normal,110.0,6.0,,,
Push,"Jun 27, 2026, 3:47 PM","Jun 27, 2026, 4:25 PM",,Bench Press (Barbell),,,4,normal,110.0,5.0,,,
Push,"Jun 27, 2026, 3:47 PM","Jun 27, 2026, 4:25 PM",,Shoulder Press (Dumbbell),,,0,normal,45.0,8.0,,,
Push,"Jun 27, 2026, 3:47 PM","Jun 27, 2026, 4:25 PM",,Shoulder Press (Dumbbell),,,1,normal,45.0,8.0,,,
Push,"Jun 27, 2026, 3:47 PM","Jun 27, 2026, 4:25 PM",,Shoulder Press (Dumbbell),,,2,normal,45.0,8.0,,,
Push,"Jun 27, 2026, 3:47 PM","Jun 27, 2026, 4:25 PM",,Triceps Pushdown,,,0,normal,50.0,15.0,,,
Push,"Jun 27, 2026, 3:47 PM","Jun 27, 2026, 4:25 PM",,Triceps Pushdown,,,1,normal,55.0,13.0,,,
Push,"Jun 27, 2026, 3:47 PM","Jun 27, 2026, 4:25 PM",,Triceps Pushdown,,,2,normal,55.0,10.0,,,
Push,"Jun 27, 2026, 3:47 PM","Jun 27, 2026, 4:25 PM",,Overhead Triceps Extension (Cable),,,0,normal,30.0,12.0,,,
Push,"Jun 27, 2026, 3:47 PM","Jun 27, 2026, 4:25 PM",,Overhead Triceps Extension (Cable),,,1,normal,30.0,8.0,,,
Push,"Jun 27, 2026, 3:47 PM","Jun 27, 2026, 4:25 PM",,Overhead Triceps Extension (Cable),,,2,normal,30.0,8.0,,,
Push,"Jun 27, 2026, 3:47 PM","Jun 27, 2026, 4:25 PM",,Chest Fly (Machine),,,0,normal,140.0,12.0,,,
Push,"Jun 27, 2026, 3:47 PM","Jun 27, 2026, 4:25 PM",,Chest Fly (Machine),,,1,normal,140.0,10.0,,,
Push,"Jun 27, 2026, 3:47 PM","Jun 27, 2026, 4:25 PM",,Chest Fly (Machine),,,2,normal,140.0,8.0,,,
Upper,"Jun 25, 2026, 7:32 PM","Jun 25, 2026, 8:32 PM",,Incline Bench Press (Dumbbell),,,0,warmup,40.0,8.0,,,
Upper,"Jun 25, 2026, 7:32 PM","Jun 25, 2026, 8:32 PM",,Incline Bench Press (Dumbbell),,,1,warmup,110.0,8.0,,,
Upper,"Jun 25, 2026, 7:32 PM","Jun 25, 2026, 8:32 PM",,Incline Bench Press (Dumbbell),,,2,normal,120.0,8.0,,,
Upper,"Jun 25, 2026, 7:32 PM","Jun 25, 2026, 8:32 PM",,Incline Bench Press (Dumbbell),,,3,normal,130.0,8.0,,,
Upper,"Jun 25, 2026, 7:32 PM","Jun 25, 2026, 8:32 PM",,Incline Bench Press (Dumbbell),,,4,normal,130.0,8.0,,,
Upper,"Jun 25, 2026, 7:32 PM","Jun 25, 2026, 8:32 PM",,Lat Pulldown (Machine),,,0,warmup,90.0,12.0,,,
Upper,"Jun 25, 2026, 7:32 PM","Jun 25, 2026, 8:32 PM",,Lat Pulldown (Machine),,,1,normal,115.0,10.0,,,
Upper,"Jun 25, 2026, 7:32 PM","Jun 25, 2026, 8:32 PM",,Lat Pulldown (Machine),,,2,normal,135.0,10.0,,,
Upper,"Jun 25, 2026, 7:32 PM","Jun 25, 2026, 8:32 PM",,Lat Pulldown (Machine),,,3,normal,160.0,8.0,,,
Upper,"Jun 25, 2026, 7:32 PM","Jun 25, 2026, 8:32 PM",,Chest Press (Machine),,,0,normal,60.0,12.0,,,
Upper,"Jun 25, 2026, 7:32 PM","Jun 25, 2026, 8:32 PM",,Chest Press (Machine),,,1,normal,90.0,10.0,,,
Upper,"Jun 25, 2026, 7:32 PM","Jun 25, 2026, 8:32 PM",,Chest Press (Machine),,,2,normal,110.0,10.0,,,
Upper,"Jun 25, 2026, 7:32 PM","Jun 25, 2026, 8:32 PM",,Decline Crunch (Weighted),,,0,normal,25.0,15.0,,,
Upper,"Jun 25, 2026, 7:32 PM","Jun 25, 2026, 8:32 PM",,Decline Crunch (Weighted),,,1,normal,25.0,10.0,,,
Upper,"Jun 25, 2026, 7:32 PM","Jun 25, 2026, 8:32 PM",,Decline Crunch (Weighted),,,2,normal,25.0,10.0,,,
Upper,"Jun 25, 2026, 7:32 PM","Jun 25, 2026, 8:32 PM",,Lateral Raise (Dumbbell),,,0,normal,15.0,12.0,,,
Upper,"Jun 25, 2026, 7:32 PM","Jun 25, 2026, 8:32 PM",,Lateral Raise (Dumbbell),,,1,normal,15.0,10.0,,,
Upper,"Jun 25, 2026, 7:32 PM","Jun 25, 2026, 8:32 PM",,Lateral Raise (Dumbbell),,,2,normal,20.0,8.0,,,
Upper,"Jun 25, 2026, 7:32 PM","Jun 25, 2026, 8:32 PM",,Seated Incline Curl (Dumbbell),,,0,normal,15.0,12.0,,,
Upper,"Jun 25, 2026, 7:32 PM","Jun 25, 2026, 8:32 PM",,Seated Incline Curl (Dumbbell),,,1,normal,20.0,12.0,,,
Upper,"Jun 25, 2026, 7:32 PM","Jun 25, 2026, 8:32 PM",,Seated Incline Curl (Dumbbell),,,2,normal,20.0,10.0,,,
Upper,"Jun 25, 2026, 7:32 PM","Jun 25, 2026, 8:32 PM",,Treadmill,,,0,normal,,,,600.0,
Legs,"Jun 24, 2026, 7:03 PM","Jun 24, 2026, 8:10 PM",,Squat (Smith Machine),,,0,warmup,25.0,10.0,,,
Legs,"Jun 24, 2026, 7:03 PM","Jun 24, 2026, 8:10 PM",,Squat (Smith Machine),,,1,warmup,25.0,10.0,,,
Legs,"Jun 24, 2026, 7:03 PM","Jun 24, 2026, 8:10 PM",,Squat (Smith Machine),,,2,normal,75.0,6.0,,,
Legs,"Jun 24, 2026, 7:03 PM","Jun 24, 2026, 8:10 PM",,Squat (Smith Machine),,,3,normal,75.0,6.0,,,
Legs,"Jun 24, 2026, 7:03 PM","Jun 24, 2026, 8:10 PM",,Squat (Smith Machine),,,4,normal,75.0,6.0,,,
Legs,"Jun 24, 2026, 7:03 PM","Jun 24, 2026, 8:10 PM",,Romanian Deadlift (Barbell),,,0,warmup,25.0,8.0,,,
Legs,"Jun 24, 2026, 7:03 PM","Jun 24, 2026, 8:10 PM",,Romanian Deadlift (Barbell),,,1,normal,35.0,8.0,,,
Legs,"Jun 24, 2026, 7:03 PM","Jun 24, 2026, 8:10 PM",,Romanian Deadlift (Barbell),,,2,normal,45.0,8.0,,,
Legs,"Jun 24, 2026, 7:03 PM","Jun 24, 2026, 8:10 PM",,Romanian Deadlift (Barbell),,,3,normal,70.0,5.0,,,
Legs,"Jun 24, 2026, 7:03 PM","Jun 24, 2026, 8:10 PM",,Seated Leg Curl (Machine),,,0,normal,110.0,12.0,,,
Legs,"Jun 24, 2026, 7:03 PM","Jun 24, 2026, 8:10 PM",,Seated Leg Curl (Machine),,,1,normal,110.0,10.0,,,
Legs,"Jun 24, 2026, 7:03 PM","Jun 24, 2026, 8:10 PM",,Seated Leg Curl (Machine),,,2,normal,130.0,12.0,,,
Legs,"Jun 24, 2026, 7:03 PM","Jun 24, 2026, 8:10 PM",,Side Bend (Dumbbell),,,0,normal,20.0,12.0,,,
Legs,"Jun 24, 2026, 7:03 PM","Jun 24, 2026, 8:10 PM",,Side Bend (Dumbbell),,,1,normal,22.5,12.0,,,
Legs,"Jun 24, 2026, 7:03 PM","Jun 24, 2026, 8:10 PM",,Side Bend (Dumbbell),,,2,normal,25.0,12.0,,,
Legs,"Jun 24, 2026, 7:03 PM","Jun 24, 2026, 8:10 PM",,Seated Calf Raise,,,0,normal,85.0,12.0,,,
Legs,"Jun 24, 2026, 7:03 PM","Jun 24, 2026, 8:10 PM",,Seated Calf Raise,,,1,normal,85.0,12.0,,,
Legs,"Jun 24, 2026, 7:03 PM","Jun 24, 2026, 8:10 PM",,Seated Calf Raise,,,2,normal,85.0,12.0,,,
Legs,"Jun 24, 2026, 7:03 PM","Jun 24, 2026, 8:10 PM",,Crunch (Weighted),,,0,normal,20.0,15.0,,,
Legs,"Jun 24, 2026, 7:03 PM","Jun 24, 2026, 8:10 PM",,Crunch (Weighted),,,1,normal,20.0,12.0,,,
Legs,"Jun 24, 2026, 7:03 PM","Jun 24, 2026, 8:10 PM",,Crunch (Weighted),,,2,normal,20.0,12.0,,,
Legs,"Jun 24, 2026, 7:03 PM","Jun 24, 2026, 8:10 PM",,Treadmill,,,0,normal,,,0.5,600.0,
Pull,"Jun 23, 2026, 8:12 PM","Jun 23, 2026, 9:21 PM",,Bent Over Row (Barbell),,,0,warmup,40.0,8.0,,,
Pull,"Jun 23, 2026, 8:12 PM","Jun 23, 2026, 9:21 PM",,Bent Over Row (Barbell),,,1,warmup,50.0,8.0,,,
Pull,"Jun 23, 2026, 8:12 PM","Jun 23, 2026, 9:21 PM",,Bent Over Row (Barbell),,,2,normal,70.0,10.0,,,
Pull,"Jun 23, 2026, 8:12 PM","Jun 23, 2026, 9:21 PM",,Bent Over Row (Barbell),,,3,normal,90.0,8.0,,,
Pull,"Jun 23, 2026, 8:12 PM","Jun 23, 2026, 9:21 PM",,Bent Over Row (Barbell),,,4,normal,90.0,8.0,,,
Pull,"Jun 23, 2026, 8:12 PM","Jun 23, 2026, 9:21 PM",,Lat Pulldown (Cable),,,0,normal,130.0,10.0,,,
Pull,"Jun 23, 2026, 8:12 PM","Jun 23, 2026, 9:21 PM",,Lat Pulldown (Cable),,,1,normal,145.0,8.0,,,
Pull,"Jun 23, 2026, 8:12 PM","Jun 23, 2026, 9:21 PM",,Lat Pulldown (Cable),,,2,normal,160.0,8.0,,,
Pull,"Jun 23, 2026, 8:12 PM","Jun 23, 2026, 9:21 PM",,Dumbbell Row,,,0,normal,60.0,10.0,,,
Pull,"Jun 23, 2026, 8:12 PM","Jun 23, 2026, 9:21 PM",,Dumbbell Row,,,1,normal,65.0,8.0,,,
Pull,"Jun 23, 2026, 8:12 PM","Jun 23, 2026, 9:21 PM",,Dumbbell Row,,,2,normal,70.0,8.0,,,
Pull,"Jun 23, 2026, 8:12 PM","Jun 23, 2026, 9:21 PM",,Seated Cable Row - V Grip (Cable),,,0,normal,55.0,12.0,,,
Pull,"Jun 23, 2026, 8:12 PM","Jun 23, 2026, 9:21 PM",,Seated Cable Row - V Grip (Cable),,,1,normal,85.0,12.0,,,
Pull,"Jun 23, 2026, 8:12 PM","Jun 23, 2026, 9:21 PM",,Seated Cable Row - V Grip (Cable),,,2,normal,115.0,8.0,,,
Pull,"Jun 23, 2026, 8:12 PM","Jun 23, 2026, 9:21 PM",,Shrug (Dumbbell),,,0,normal,65.0,12.0,,,
Pull,"Jun 23, 2026, 8:12 PM","Jun 23, 2026, 9:21 PM",,Shrug (Dumbbell),,,1,normal,70.0,12.0,,,
Pull,"Jun 23, 2026, 8:12 PM","Jun 23, 2026, 9:21 PM",,Shrug (Dumbbell),,,2,normal,75.0,10.0,,,
Pull,"Jun 23, 2026, 8:12 PM","Jun 23, 2026, 9:21 PM",,Bicep Curl (Barbell),,,0,normal,30.0,15.0,,,
Pull,"Jun 23, 2026, 8:12 PM","Jun 23, 2026, 9:21 PM",,Bicep Curl (Barbell),,,1,normal,40.0,12.0,,,
Pull,"Jun 23, 2026, 8:12 PM","Jun 23, 2026, 9:21 PM",,Bicep Curl (Barbell),,,2,normal,50.0,10.0,,,
Pull,"Jun 23, 2026, 8:12 PM","Jun 23, 2026, 9:21 PM",,Concentration Curl,,,0,normal,10.0,15.0,,,
Pull,"Jun 23, 2026, 8:12 PM","Jun 23, 2026, 9:21 PM",,Concentration Curl,,,1,normal,15.0,12.0,,,
Pull,"Jun 23, 2026, 8:12 PM","Jun 23, 2026, 9:21 PM",,Concentration Curl,,,2,normal,20.0,10.0,,,
Pull,"Jun 23, 2026, 8:12 PM","Jun 23, 2026, 9:21 PM",,Treadmill,,,0,normal,,,,600.0,
Push,"Jun 23, 2026, 8:02 PM","Jun 23, 2026, 8:12 PM",,Bench Press (Barbell),,,0,warmup,40.0,8.0,,,
Push,"Jun 23, 2026, 8:02 PM","Jun 23, 2026, 8:12 PM",,Bench Press (Barbell),,,1,warmup,70.0,8.0,,,
Push,"Jun 23, 2026, 8:02 PM","Jun 23, 2026, 8:12 PM",,Bench Press (Barbell),,,2,normal,110.0,8.0,,,
Push,"Jun 23, 2026, 8:02 PM","Jun 23, 2026, 8:12 PM",,Bench Press (Barbell),,,3,normal,110.0,8.0,,,
Push,"Jun 23, 2026, 8:02 PM","Jun 23, 2026, 8:12 PM",,Bench Press (Barbell),,,4,normal,110.0,8.0,,,
Push,"Jun 23, 2026, 8:02 PM","Jun 23, 2026, 8:12 PM",,Shoulder Press (Dumbbell),,,0,normal,50.0,8.0,,,
Push,"Jun 23, 2026, 8:02 PM","Jun 23, 2026, 8:12 PM",,Shoulder Press (Dumbbell),,,1,normal,50.0,8.0,,,
Push,"Jun 23, 2026, 8:02 PM","Jun 23, 2026, 8:12 PM",,Shoulder Press (Dumbbell),,,2,normal,50.0,8.0,,,
Push,"Jun 23, 2026, 8:02 PM","Jun 23, 2026, 8:12 PM",,Triceps Pushdown,,,0,normal,60.0,12.0,,,
Push,"Jun 23, 2026, 8:02 PM","Jun 23, 2026, 8:12 PM",,Triceps Pushdown,,,1,normal,60.0,12.0,,,
Push,"Jun 23, 2026, 8:02 PM","Jun 23, 2026, 8:12 PM",,Triceps Pushdown,,,2,normal,60.0,12.0,,,
Push,"Jun 23, 2026, 8:02 PM","Jun 23, 2026, 8:12 PM",,Overhead Triceps Extension (Cable),,,0,normal,35.0,12.0,,,
Push,"Jun 23, 2026, 8:02 PM","Jun 23, 2026, 8:12 PM",,Overhead Triceps Extension (Cable),,,1,normal,35.0,12.0,,,
Push,"Jun 23, 2026, 8:02 PM","Jun 23, 2026, 8:12 PM",,Overhead Triceps Extension (Cable),,,2,normal,35.0,12.0,,,
Push,"Jun 23, 2026, 8:02 PM","Jun 23, 2026, 8:12 PM",,Chest Fly (Machine),,,0,normal,140.0,12.0,,,
Push,"Jun 23, 2026, 8:02 PM","Jun 23, 2026, 8:12 PM",,Chest Fly (Machine),,,1,normal,140.0,12.0,,,
Push,"Jun 23, 2026, 8:02 PM","Jun 23, 2026, 8:12 PM",,Chest Fly (Machine),,,2,normal,140.0,12.0,,,
Push,"Jun 23, 2026, 8:02 PM","Jun 23, 2026, 8:12 PM",,Crunch (Machine),,,0,normal,,12.0,,,
Push,"Jun 23, 2026, 8:02 PM","Jun 23, 2026, 8:12 PM",,Crunch (Machine),,,1,normal,,12.0,,,
Push,"Jun 23, 2026, 8:02 PM","Jun 23, 2026, 8:12 PM",,Crunch (Machine),,,2,normal,,12.0,,,
Push,"Jun 23, 2026, 8:02 PM","Jun 23, 2026, 8:12 PM",,Treadmill,,,0,normal,,,,600.0,
Leg 1,"Jun 19, 2026, 7:12 PM","Jun 19, 2026, 7:49 PM",,Leg Press (Machine),,,0,normal,360.0,10.0,,,
Leg 1,"Jun 19, 2026, 7:12 PM","Jun 19, 2026, 7:49 PM",,Leg Press (Machine),,,1,normal,450.0,8.0,,,
Leg 1,"Jun 19, 2026, 7:12 PM","Jun 19, 2026, 7:49 PM",,Leg Press (Machine),,,2,normal,500.0,6.0,,,
Leg 1,"Jun 19, 2026, 7:12 PM","Jun 19, 2026, 7:49 PM",,Leg Press (Machine),,,3,normal,540.0,6.0,,,
Leg 1,"Jun 19, 2026, 7:12 PM","Jun 19, 2026, 7:49 PM",,Romanian Deadlift (Barbell),,,0,normal,10.0,8.0,,,
Leg 1,"Jun 19, 2026, 7:12 PM","Jun 19, 2026, 7:49 PM",,Romanian Deadlift (Barbell),,,1,normal,20.0,8.0,,,
Leg 1,"Jun 19, 2026, 7:12 PM","Jun 19, 2026, 7:49 PM",,Romanian Deadlift (Barbell),,,2,normal,45.0,8.0,,,
Leg 1,"Jun 19, 2026, 7:12 PM","Jun 19, 2026, 7:49 PM",,Hip Thrust (Machine),,,0,normal,50.0,10.0,,,
Leg 1,"Jun 19, 2026, 7:12 PM","Jun 19, 2026, 7:49 PM",,Hip Thrust (Machine),,,1,normal,50.0,12.0,,,
Leg 1,"Jun 19, 2026, 7:12 PM","Jun 19, 2026, 7:49 PM",,Hip Thrust (Machine),,,2,normal,50.0,12.0,,,
Leg 1,"Jun 19, 2026, 7:12 PM","Jun 19, 2026, 7:49 PM",,Hip Abduction (Machine),,,0,normal,50.0,15.0,,,
Leg 1,"Jun 19, 2026, 7:12 PM","Jun 19, 2026, 7:49 PM",,Hip Abduction (Machine),,,1,normal,65.0,15.0,,,
Leg 1,"Jun 19, 2026, 7:12 PM","Jun 19, 2026, 7:49 PM",,Hip Abduction (Machine),,,2,normal,65.0,15.0,,,
Leg 1,"Jun 19, 2026, 7:12 PM","Jun 19, 2026, 7:49 PM",,Standing Calf Raise (Machine),,,0,normal,90.0,20.0,,,
Leg 1,"Jun 19, 2026, 7:12 PM","Jun 19, 2026, 7:49 PM",,Standing Calf Raise (Machine),,,1,normal,115.0,12.0,,,
Leg 1,"Jun 19, 2026, 7:12 PM","Jun 19, 2026, 7:49 PM",,Standing Calf Raise (Machine),,,2,normal,115.0,12.0,,,
Chest and tricep,"Jun 15, 2026, 7:10 PM","Jun 15, 2026, 7:42 PM",,Treadmill,,,0,normal,,,,300.0,
Chest and tricep,"Jun 15, 2026, 7:10 PM","Jun 15, 2026, 7:42 PM",,Bench Press (Barbell),,,0,normal,90.0,10.0,,,
Chest and tricep,"Jun 15, 2026, 7:10 PM","Jun 15, 2026, 7:42 PM",,Bench Press (Barbell),,,1,normal,110.0,8.0,,,
Chest and tricep,"Jun 15, 2026, 7:10 PM","Jun 15, 2026, 7:42 PM",,Bench Press (Barbell),,,2,normal,130.0,7.0,,,
Chest and tricep,"Jun 15, 2026, 7:10 PM","Jun 15, 2026, 7:42 PM",,Bench Press (Barbell),,,3,normal,140.0,5.0,,,
Chest and tricep,"Jun 15, 2026, 7:10 PM","Jun 15, 2026, 7:42 PM",,Iso-Lateral Chest Press (Machine),,,0,normal,45.0,10.0,,,
Chest and tricep,"Jun 15, 2026, 7:10 PM","Jun 15, 2026, 7:42 PM",,Iso-Lateral Chest Press (Machine),,,1,normal,45.0,8.0,,,
Chest and tricep,"Jun 15, 2026, 7:10 PM","Jun 15, 2026, 7:42 PM",,Iso-Lateral Chest Press (Machine),,,2,normal,55.0,8.0,,,
Chest and tricep,"Jun 15, 2026, 7:10 PM","Jun 15, 2026, 7:42 PM",,Chest Fly (Machine),,,0,normal,140.0,10.0,,,
Chest and tricep,"Jun 15, 2026, 7:10 PM","Jun 15, 2026, 7:42 PM",,Chest Fly (Machine),,,1,normal,160.0,9.0,,,
Chest and tricep,"Jun 15, 2026, 7:10 PM","Jun 15, 2026, 7:42 PM",,Chest Fly (Machine),,,2,normal,180.0,8.0,,,
Chest and tricep,"Jun 15, 2026, 7:10 PM","Jun 15, 2026, 7:42 PM",,Chest Fly (Machine),,,3,normal,180.0,8.0,,,
Chest and tricep,"Jun 15, 2026, 7:10 PM","Jun 15, 2026, 7:42 PM",,Low Cable Fly Crossovers,0.0,,0,normal,15.0,10.0,,,
Chest and tricep,"Jun 15, 2026, 7:10 PM","Jun 15, 2026, 7:42 PM",,Low Cable Fly Crossovers,0.0,,1,normal,20.0,8.0,,,
Chest and tricep,"Jun 15, 2026, 7:10 PM","Jun 15, 2026, 7:42 PM",,Low Cable Fly Crossovers,0.0,,2,normal,20.0,6.0,,,
Chest and tricep,"Jun 15, 2026, 7:10 PM","Jun 15, 2026, 7:42 PM",,Incline Bench Press (Dumbbell),,,0,normal,110.0,10.0,,,
Chest and tricep,"Jun 15, 2026, 7:10 PM","Jun 15, 2026, 7:42 PM",,Incline Bench Press (Dumbbell),,,1,normal,130.0,8.0,,,
Chest and tricep,"Jun 15, 2026, 7:10 PM","Jun 15, 2026, 7:42 PM",,Incline Bench Press (Dumbbell),,,2,normal,140.0,7.0,,,
Chest and tricep,"Jun 15, 2026, 7:10 PM","Jun 15, 2026, 7:42 PM",,Treadmill,,,0,normal,,,,1200.0,
Chest and tricep,"Jun 15, 2026, 7:10 PM","Jun 15, 2026, 7:42 PM",,Push Up,0.0,,0,normal,,20.0,,,
Chest and tricep,"Jun 15, 2026, 7:10 PM","Jun 15, 2026, 7:42 PM",,Push Up,0.0,,1,normal,,15.0,,,
Chest and tricep,"Jun 15, 2026, 7:10 PM","Jun 15, 2026, 7:42 PM",,Push Up,0.0,,2,normal,,7.0,,,
Chest and tricep,"Jun 15, 2026, 7:10 PM","Jun 15, 2026, 7:42 PM",,Cable Fly Crossovers,,,0,normal,27.5,11.0,,,
Chest and tricep,"Jun 15, 2026, 7:10 PM","Jun 15, 2026, 7:42 PM",,Cable Fly Crossovers,,,1,normal,30.0,10.0,,,
Chest and tricep,"Jun 15, 2026, 7:10 PM","Jun 15, 2026, 7:42 PM",,Cable Fly Crossovers,,,2,normal,35.0,10.0,,,
Lower #1,"Jun 12, 2026, 7:45 PM","Jun 12, 2026, 8:35 PM",,Lunge (Barbell),,,0,normal,35.0,8.0,,,
Lower #1,"Jun 12, 2026, 7:45 PM","Jun 12, 2026, 8:35 PM",,Lunge (Barbell),,,1,normal,35.0,8.0,,,
Lower #1,"Jun 12, 2026, 7:45 PM","Jun 12, 2026, 8:35 PM",,Lunge (Barbell),,,2,normal,55.0,6.0,,,
Lower #1,"Jun 12, 2026, 7:45 PM","Jun 12, 2026, 8:35 PM",,Leg Extension (Machine),,,0,normal,120.0,10.0,,,
Lower #1,"Jun 12, 2026, 7:45 PM","Jun 12, 2026, 8:35 PM",,Leg Extension (Machine),,,1,normal,140.0,8.0,,,
Lower #1,"Jun 12, 2026, 7:45 PM","Jun 12, 2026, 8:35 PM",,Leg Extension (Machine),,,2,normal,150.0,6.0,,,
Lower #1,"Jun 12, 2026, 7:45 PM","Jun 12, 2026, 8:35 PM",,Leg Press (Machine),,,0,normal,360.0,10.0,,,
Lower #1,"Jun 12, 2026, 7:45 PM","Jun 12, 2026, 8:35 PM",,Leg Press (Machine),,,1,normal,450.0,6.0,,,
Lower #1,"Jun 12, 2026, 7:45 PM","Jun 12, 2026, 8:35 PM",,Leg Press (Machine),,,2,normal,500.0,6.0,,,
Lower #1,"Jun 12, 2026, 7:45 PM","Jun 12, 2026, 8:35 PM",,Leg Press (Machine),,,3,normal,540.0,6.0,,,
Arm 03/26,"Jun 10, 2026, 8:00 PM","Jun 10, 2026, 9:31 PM",,Treadmill,,,0,normal,,,,600.0,
Back and bicep,"Jun 9, 2026, 8:25 PM","Jun 9, 2026, 8:58 PM",,Lat Pulldown (Cable),,,0,normal,160.0,10.0,,,
Back and bicep,"Jun 9, 2026, 8:25 PM","Jun 9, 2026, 8:58 PM",,Lat Pulldown (Cable),,,1,normal,175.0,8.0,,,
Back and bicep,"Jun 9, 2026, 8:25 PM","Jun 9, 2026, 8:58 PM",,Bent Over Row (Barbell),,,0,normal,50.0,10.0,,,
Back and bicep,"Jun 9, 2026, 8:25 PM","Jun 9, 2026, 8:58 PM",,Bent Over Row (Barbell),,,1,normal,70.0,10.0,,,
Back and bicep,"Jun 9, 2026, 8:25 PM","Jun 9, 2026, 8:58 PM",,Bent Over Row (Barbell),,,2,normal,90.0,8.0,,,
Back and bicep,"Jun 9, 2026, 8:25 PM","Jun 9, 2026, 8:58 PM",,Single Arm Cable Row,,,0,normal,10.0,10.0,,,
Back and bicep,"Jun 9, 2026, 8:25 PM","Jun 9, 2026, 8:58 PM",,Single Arm Cable Row,,,1,normal,25.0,10.0,,,
Back and bicep,"Jun 9, 2026, 8:25 PM","Jun 9, 2026, 8:58 PM",,Single Arm Cable Row,,,2,normal,25.0,8.0,,,
Back and bicep,"Jun 9, 2026, 8:25 PM","Jun 9, 2026, 8:58 PM",,Bicep Curl (Cable),0.0,,0,normal,45.0,10.0,,,
Back and bicep,"Jun 9, 2026, 8:25 PM","Jun 9, 2026, 8:58 PM",,Bicep Curl (Cable),0.0,,1,normal,50.0,10.0,,,
Back and bicep,"Jun 9, 2026, 8:25 PM","Jun 9, 2026, 8:58 PM",,Bicep Curl (Cable),0.0,,2,normal,52.5,8.0,,,
Back and bicep,"Jun 9, 2026, 8:25 PM","Jun 9, 2026, 8:58 PM",,Bicep Curl (Dumbbell),0.0,,0,normal,20.0,12.0,,,
Back and bicep,"Jun 9, 2026, 8:25 PM","Jun 9, 2026, 8:58 PM",,Bicep Curl (Dumbbell),0.0,,1,normal,25.0,10.0,,,
Back and bicep,"Jun 9, 2026, 8:25 PM","Jun 9, 2026, 8:58 PM",,Bicep Curl (Dumbbell),0.0,,2,normal,25.0,10.0,,,
Back and bicep,"Jun 9, 2026, 8:25 PM","Jun 9, 2026, 8:58 PM",,Dumbbell Row,,,0,normal,65.0,10.0,,,
Back and bicep,"Jun 9, 2026, 8:25 PM","Jun 9, 2026, 8:58 PM",,Dumbbell Row,,,1,normal,70.0,8.0,,,
Back and bicep,"Jun 9, 2026, 8:25 PM","Jun 9, 2026, 8:58 PM",,Dumbbell Row,,,2,normal,70.0,7.0,,,
Back and bicep,"Jun 9, 2026, 8:25 PM","Jun 9, 2026, 8:58 PM",,Seated Cable Row - V Grip (Cable),,,0,normal,70.0,10.0,,,
Back and bicep,"Jun 9, 2026, 8:25 PM","Jun 9, 2026, 8:58 PM",,Preacher Curl (Dumbbell),,,0,normal,25.0,10.0,,,
Back and bicep,"Jun 9, 2026, 8:25 PM","Jun 9, 2026, 8:58 PM",,Preacher Curl (Dumbbell),,,1,normal,30.0,10.0,,,
Back and bicep,"Jun 9, 2026, 8:25 PM","Jun 9, 2026, 8:58 PM",,Preacher Curl (Dumbbell),,,2,normal,30.0,10.0,,,
Back and bicep,"Jun 9, 2026, 8:25 PM","Jun 9, 2026, 8:58 PM",,Treadmill,,,0,normal,,,,601.0,
Chest and tricep,"Jun 8, 2026, 8:18 PM","Jun 8, 2026, 9:33 PM",,Treadmill,,,0,normal,,,,300.0,
Chest and tricep,"Jun 8, 2026, 8:18 PM","Jun 8, 2026, 9:33 PM",,Bench Press (Barbell),,,0,normal,90.0,10.0,,,
Chest and tricep,"Jun 8, 2026, 8:18 PM","Jun 8, 2026, 9:33 PM",,Bench Press (Barbell),,,1,normal,110.0,8.0,,,
Chest and tricep,"Jun 8, 2026, 8:18 PM","Jun 8, 2026, 9:33 PM",,Bench Press (Barbell),,,2,normal,130.0,5.0,,,
Chest and tricep,"Jun 8, 2026, 8:18 PM","Jun 8, 2026, 9:33 PM",,Bench Press (Barbell),,,3,normal,130.0,5.0,,,
Chest and tricep,"Jun 8, 2026, 8:18 PM","Jun 8, 2026, 9:33 PM",,Iso-Lateral Chest Press (Machine),,,0,normal,25.0,10.0,,,
Chest and tricep,"Jun 8, 2026, 8:18 PM","Jun 8, 2026, 9:33 PM",,Iso-Lateral Chest Press (Machine),,,1,normal,45.0,8.0,,,
Chest and tricep,"Jun 8, 2026, 8:18 PM","Jun 8, 2026, 9:33 PM",,Iso-Lateral Chest Press (Machine),,,2,normal,55.0,8.0,,,
Chest and tricep,"Jun 8, 2026, 8:18 PM","Jun 8, 2026, 9:33 PM",,Chest Fly (Machine),,,0,normal,140.0,10.0,,,
Chest and tricep,"Jun 8, 2026, 8:18 PM","Jun 8, 2026, 9:33 PM",,Chest Fly (Machine),,,1,normal,160.0,9.0,,,
Chest and tricep,"Jun 8, 2026, 8:18 PM","Jun 8, 2026, 9:33 PM",,Chest Fly (Machine),,,2,normal,180.0,8.0,,,
Chest and tricep,"Jun 8, 2026, 8:18 PM","Jun 8, 2026, 9:33 PM",,Chest Fly (Machine),,,3,normal,180.0,8.0,,,
Chest and tricep,"Jun 8, 2026, 8:18 PM","Jun 8, 2026, 9:33 PM",,Low Cable Fly Crossovers,0.0,,0,normal,15.0,10.0,,,
Chest and tricep,"Jun 8, 2026, 8:18 PM","Jun 8, 2026, 9:33 PM",,Low Cable Fly Crossovers,0.0,,1,normal,20.0,8.0,,,
Chest and tricep,"Jun 8, 2026, 8:18 PM","Jun 8, 2026, 9:33 PM",,Low Cable Fly Crossovers,0.0,,2,normal,20.0,6.0,,,
Chest and tricep,"Jun 8, 2026, 8:18 PM","Jun 8, 2026, 9:33 PM",,Incline Bench Press (Dumbbell),,,0,normal,110.0,10.0,,,
Chest and tricep,"Jun 8, 2026, 8:18 PM","Jun 8, 2026, 9:33 PM",,Incline Bench Press (Dumbbell),,,1,normal,130.0,8.0,,,
Chest and tricep,"Jun 8, 2026, 8:18 PM","Jun 8, 2026, 9:33 PM",,Incline Bench Press (Dumbbell),,,2,normal,140.0,7.0,,,
Chest and tricep,"Jun 8, 2026, 8:18 PM","Jun 8, 2026, 9:33 PM",,Treadmill,,,0,normal,,,,1200.0,
Chest and tricep,"Jun 8, 2026, 8:18 PM","Jun 8, 2026, 9:33 PM",,Push Up,0.0,,0,normal,,20.0,,,
Chest and tricep,"Jun 8, 2026, 8:18 PM","Jun 8, 2026, 9:33 PM",,Push Up,0.0,,1,normal,,15.0,,,
Chest and tricep,"Jun 8, 2026, 8:18 PM","Jun 8, 2026, 9:33 PM",,Push Up,0.0,,2,normal,,7.0,,,
Chest and tricep,"Jun 8, 2026, 8:18 PM","Jun 8, 2026, 9:33 PM",,Cable Fly Crossovers,,,0,normal,27.5,11.0,,,
Chest and tricep,"Jun 8, 2026, 8:18 PM","Jun 8, 2026, 9:33 PM",,Cable Fly Crossovers,,,1,normal,30.0,10.0,,,
Chest and tricep,"Jun 8, 2026, 8:18 PM","Jun 8, 2026, 9:33 PM",,Cable Fly Crossovers,,,2,normal,35.0,10.0,,,
3D Shoulders Workout,"Jun 4, 2026, 8:07 PM","Jun 4, 2026, 8:47 PM",,Warm Up,,,0,normal,,,,300.0,
3D Shoulders Workout,"Jun 4, 2026, 8:07 PM","Jun 4, 2026, 8:47 PM",,Shoulder Press (Dumbbell),,,0,warmup,25.0,10.0,,,
3D Shoulders Workout,"Jun 4, 2026, 8:07 PM","Jun 4, 2026, 8:47 PM",,Shoulder Press (Dumbbell),,,1,normal,45.0,10.0,,,
3D Shoulders Workout,"Jun 4, 2026, 8:07 PM","Jun 4, 2026, 8:47 PM",,Shoulder Press (Dumbbell),,,2,normal,60.0,10.0,,,
3D Shoulders Workout,"Jun 4, 2026, 8:07 PM","Jun 4, 2026, 8:47 PM",,Shoulder Press (Dumbbell),,,3,normal,60.0,8.0,,,
3D Shoulders Workout,"Jun 4, 2026, 8:07 PM","Jun 4, 2026, 8:47 PM",,Seated Shoulder Press (Machine),,,0,normal,25.0,10.0,,,
3D Shoulders Workout,"Jun 4, 2026, 8:07 PM","Jun 4, 2026, 8:47 PM",,Seated Shoulder Press (Machine),,,1,normal,45.0,10.0,,,
3D Shoulders Workout,"Jun 4, 2026, 8:07 PM","Jun 4, 2026, 8:47 PM",,Seated Shoulder Press (Machine),,,2,normal,70.0,10.0,,,
3D Shoulders Workout,"Jun 4, 2026, 8:07 PM","Jun 4, 2026, 8:47 PM",,Lateral Raise (Dumbbell),,,0,normal,10.0,12.0,,,
3D Shoulders Workout,"Jun 4, 2026, 8:07 PM","Jun 4, 2026, 8:47 PM",,Lateral Raise (Dumbbell),,,1,normal,12.0,12.0,,,
3D Shoulders Workout,"Jun 4, 2026, 8:07 PM","Jun 4, 2026, 8:47 PM",,Lateral Raise (Dumbbell),,,2,normal,15.0,12.0,,,
3D Shoulders Workout,"Jun 4, 2026, 8:07 PM","Jun 4, 2026, 8:47 PM",,Face Pull,,,0,normal,45.0,20.0,,,
3D Shoulders Workout,"Jun 4, 2026, 8:07 PM","Jun 4, 2026, 8:47 PM",,Face Pull,,,1,normal,50.0,20.0,,,
3D Shoulders Workout,"Jun 4, 2026, 8:07 PM","Jun 4, 2026, 8:47 PM",,Face Pull,,,2,normal,55.0,20.0,,,
3D Shoulders Workout,"Jun 4, 2026, 8:07 PM","Jun 4, 2026, 8:47 PM",,Single Arm Lateral Raise (Cable),,,0,normal,5.0,15.0,,,
3D Shoulders Workout,"Jun 4, 2026, 8:07 PM","Jun 4, 2026, 8:47 PM",,Single Arm Lateral Raise (Cable),,,1,normal,10.0,12.0,,,
3D Shoulders Workout,"Jun 4, 2026, 8:07 PM","Jun 4, 2026, 8:47 PM",,Single Arm Lateral Raise (Cable),,,2,normal,15.0,8.0,,,
Back and bicep,"Jun 2, 2026, 8:05 PM","Jun 2, 2026, 9:05 PM",,Lat Pulldown (Cable),,,0,normal,175.0,10.0,,,
Back and bicep,"Jun 2, 2026, 8:05 PM","Jun 2, 2026, 9:05 PM",,Lat Pulldown (Cable),,,1,normal,190.0,8.0,,,
Back and bicep,"Jun 2, 2026, 8:05 PM","Jun 2, 2026, 9:05 PM",,Lat Pulldown (Cable),,,2,normal,190.0,6.0,,,
Back and bicep,"Jun 2, 2026, 8:05 PM","Jun 2, 2026, 9:05 PM",,Bent Over Row (Barbell),,,0,normal,50.0,10.0,,,
Back and bicep,"Jun 2, 2026, 8:05 PM","Jun 2, 2026, 9:05 PM",,Bent Over Row (Barbell),,,1,normal,70.0,10.0,,,
Back and bicep,"Jun 2, 2026, 8:05 PM","Jun 2, 2026, 9:05 PM",,Bent Over Row (Barbell),,,2,normal,90.0,8.0,,,
Back and bicep,"Jun 2, 2026, 8:05 PM","Jun 2, 2026, 9:05 PM",,Single Arm Cable Row,,,0,normal,10.0,10.0,,,
Back and bicep,"Jun 2, 2026, 8:05 PM","Jun 2, 2026, 9:05 PM",,Single Arm Cable Row,,,1,normal,25.0,10.0,,,
Back and bicep,"Jun 2, 2026, 8:05 PM","Jun 2, 2026, 9:05 PM",,Single Arm Cable Row,,,2,normal,25.0,8.0,,,
Back and bicep,"Jun 2, 2026, 8:05 PM","Jun 2, 2026, 9:05 PM",,Bicep Curl (Cable),0.0,,0,normal,45.0,10.0,,,
Back and bicep,"Jun 2, 2026, 8:05 PM","Jun 2, 2026, 9:05 PM",,Bicep Curl (Cable),0.0,,1,normal,50.0,10.0,,,
Back and bicep,"Jun 2, 2026, 8:05 PM","Jun 2, 2026, 9:05 PM",,Bicep Curl (Cable),0.0,,2,normal,52.5,8.0,,,
Back and bicep,"Jun 2, 2026, 8:05 PM","Jun 2, 2026, 9:05 PM",,Bicep Curl (Dumbbell),0.0,,0,normal,20.0,12.0,,,
Back and bicep,"Jun 2, 2026, 8:05 PM","Jun 2, 2026, 9:05 PM",,Bicep Curl (Dumbbell),0.0,,1,normal,25.0,10.0,,,
Back and bicep,"Jun 2, 2026, 8:05 PM","Jun 2, 2026, 9:05 PM",,Bicep Curl (Dumbbell),0.0,,2,normal,25.0,10.0,,,
Back and bicep,"Jun 2, 2026, 8:05 PM","Jun 2, 2026, 9:05 PM",,Dumbbell Row,,,0,normal,65.0,10.0,,,
Back and bicep,"Jun 2, 2026, 8:05 PM","Jun 2, 2026, 9:05 PM",,Dumbbell Row,,,1,normal,70.0,8.0,,,
Back and bicep,"Jun 2, 2026, 8:05 PM","Jun 2, 2026, 9:05 PM",,Dumbbell Row,,,2,normal,70.0,7.0,,,
Back and bicep,"Jun 2, 2026, 8:05 PM","Jun 2, 2026, 9:05 PM",,Seated Cable Row - V Grip (Cable),,,0,normal,70.0,10.0,,,
Back and bicep,"Jun 2, 2026, 8:05 PM","Jun 2, 2026, 9:05 PM",,Preacher Curl (Dumbbell),,,0,normal,25.0,10.0,,,
Back and bicep,"Jun 2, 2026, 8:05 PM","Jun 2, 2026, 9:05 PM",,Preacher Curl (Dumbbell),,,1,normal,30.0,10.0,,,
Back and bicep,"Jun 2, 2026, 8:05 PM","Jun 2, 2026, 9:05 PM",,Preacher Curl (Dumbbell),,,2,normal,30.0,10.0,,,
Back and bicep,"Jun 2, 2026, 8:05 PM","Jun 2, 2026, 9:05 PM",,Treadmill,,,0,normal,,,,601.0,
Chest and tricep,"Jun 1, 2026, 7:40 PM","Jun 1, 2026, 9:04 PM",,Treadmill,,,0,normal,,,,300.0,
Chest and tricep,"Jun 1, 2026, 7:40 PM","Jun 1, 2026, 9:04 PM",,Bench Press (Barbell),,,0,normal,50.0,12.0,,,
Chest and tricep,"Jun 1, 2026, 7:40 PM","Jun 1, 2026, 9:04 PM",,Bench Press (Barbell),,,1,normal,90.0,8.0,,,
Chest and tricep,"Jun 1, 2026, 7:40 PM","Jun 1, 2026, 9:04 PM",,Bench Press (Barbell),,,2,normal,110.0,8.0,,,
Chest and tricep,"Jun 1, 2026, 7:40 PM","Jun 1, 2026, 9:04 PM",,Bench Press (Barbell),,,3,normal,130.0,5.0,,,
Chest and tricep,"Jun 1, 2026, 7:40 PM","Jun 1, 2026, 9:04 PM",,Iso-Lateral Chest Press (Machine),,,0,normal,25.0,10.0,,,
Chest and tricep,"Jun 1, 2026, 7:40 PM","Jun 1, 2026, 9:04 PM",,Iso-Lateral Chest Press (Machine),,,1,normal,45.0,8.0,,,
Chest and tricep,"Jun 1, 2026, 7:40 PM","Jun 1, 2026, 9:04 PM",,Iso-Lateral Chest Press (Machine),,,2,normal,55.0,8.0,,,
Chest and tricep,"Jun 1, 2026, 7:40 PM","Jun 1, 2026, 9:04 PM",,Chest Fly (Machine),,,0,normal,140.0,10.0,,,
Chest and tricep,"Jun 1, 2026, 7:40 PM","Jun 1, 2026, 9:04 PM",,Chest Fly (Machine),,,1,normal,160.0,9.0,,,
Chest and tricep,"Jun 1, 2026, 7:40 PM","Jun 1, 2026, 9:04 PM",,Chest Fly (Machine),,,2,normal,180.0,8.0,,,
Chest and tricep,"Jun 1, 2026, 7:40 PM","Jun 1, 2026, 9:04 PM",,Chest Fly (Machine),,,3,normal,180.0,8.0,,,
Chest and tricep,"Jun 1, 2026, 7:40 PM","Jun 1, 2026, 9:04 PM",,Low Cable Fly Crossovers,,,0,normal,15.0,10.0,,,
Chest and tricep,"Jun 1, 2026, 7:40 PM","Jun 1, 2026, 9:04 PM",,Low Cable Fly Crossovers,,,1,normal,20.0,8.0,,,
Chest and tricep,"Jun 1, 2026, 7:40 PM","Jun 1, 2026, 9:04 PM",,Low Cable Fly Crossovers,,,2,normal,20.0,6.0,,,
Chest and tricep,"Jun 1, 2026, 7:40 PM","Jun 1, 2026, 9:04 PM",,Chest Dip,,,0,normal,,10.0,,,
Chest and tricep,"Jun 1, 2026, 7:40 PM","Jun 1, 2026, 9:04 PM",,Chest Dip,,,1,normal,,8.0,,,
Chest and tricep,"Jun 1, 2026, 7:40 PM","Jun 1, 2026, 9:04 PM",,Chest Dip,,,2,normal,,5.0,,,
Chest and tricep,"Jun 1, 2026, 7:40 PM","Jun 1, 2026, 9:04 PM",,Overhead Triceps Extension (Cable),,,0,normal,20.0,12.0,,,
Chest and tricep,"Jun 1, 2026, 7:40 PM","Jun 1, 2026, 9:04 PM",,Overhead Triceps Extension (Cable),,,1,normal,25.0,10.0,,,
Chest and tricep,"Jun 1, 2026, 7:40 PM","Jun 1, 2026, 9:04 PM",,Overhead Triceps Extension (Cable),,,2,normal,25.0,8.0,,,
Chest and tricep,"Jun 1, 2026, 7:40 PM","Jun 1, 2026, 9:04 PM",,Triceps Pressdown,,,0,normal,30.0,15.0,,,
Chest and tricep,"Jun 1, 2026, 7:40 PM","Jun 1, 2026, 9:04 PM",,Triceps Pressdown,,,1,normal,45.0,10.0,,,
Chest and tricep,"Jun 1, 2026, 7:40 PM","Jun 1, 2026, 9:04 PM",,Triceps Pressdown,,,2,normal,50.0,10.0,,,
Chest and tricep,"Jun 1, 2026, 7:40 PM","Jun 1, 2026, 9:04 PM",,Treadmill,,,0,normal,,,,1200.0,
Leg,"May 31, 2026, 6:17 PM","May 31, 2026, 7:03 PM",,Bulgarian Split Squat (Dumbbell),0.0,,0,normal,,10.0,,,
Leg,"May 31, 2026, 6:17 PM","May 31, 2026, 7:03 PM",,Bulgarian Split Squat (Dumbbell),0.0,,1,normal,10.0,10.0,,,
Leg,"May 31, 2026, 6:17 PM","May 31, 2026, 7:03 PM",,Bulgarian Split Squat (Dumbbell),0.0,,2,normal,10.0,10.0,,,
Leg,"May 31, 2026, 6:17 PM","May 31, 2026, 7:03 PM",,Lunge,0.0,,0,normal,,10.0,,,
Leg,"May 31, 2026, 6:17 PM","May 31, 2026, 7:03 PM",,Lunge,0.0,,1,normal,,10.0,,,
Leg,"May 31, 2026, 6:17 PM","May 31, 2026, 7:03 PM",,Lunge,0.0,,2,normal,,10.0,,,
Leg,"May 31, 2026, 6:17 PM","May 31, 2026, 7:03 PM",,Sumo Squat (Dumbbell),,,0,normal,45.0,11.0,,,
Leg,"May 31, 2026, 6:17 PM","May 31, 2026, 7:03 PM",,Sumo Squat (Dumbbell),,,1,normal,55.0,10.0,,,
Leg,"May 31, 2026, 6:17 PM","May 31, 2026, 7:03 PM",,Sumo Squat (Dumbbell),,,2,normal,60.0,9.0,,,
Leg,"May 31, 2026, 6:17 PM","May 31, 2026, 7:03 PM",,Squat (Smith Machine),,,0,normal,45.0,8.0,,,
Leg,"May 31, 2026, 6:17 PM","May 31, 2026, 7:03 PM",,Squat (Smith Machine),,,1,normal,90.0,7.0,,,
Leg,"May 31, 2026, 6:17 PM","May 31, 2026, 7:03 PM",,Squat (Smith Machine),,,2,normal,90.0,5.0,,,
Leg,"May 31, 2026, 6:17 PM","May 31, 2026, 7:03 PM",,Calf Press (Machine),,,0,normal,15.0,45.0,,,
Leg,"May 31, 2026, 6:17 PM","May 31, 2026, 7:03 PM",,Calf Press (Machine),,,1,normal,15.0,70.0,,,
Leg,"May 31, 2026, 6:17 PM","May 31, 2026, 7:03 PM",,Calf Press (Machine),,,2,normal,15.0,70.0,,,
Leg,"May 31, 2026, 6:17 PM","May 31, 2026, 7:03 PM",,Romanian Deadlift (Dumbbell),,,0,normal,25.0,10.0,,,
Leg,"May 31, 2026, 6:17 PM","May 31, 2026, 7:03 PM",,Romanian Deadlift (Dumbbell),,,1,normal,30.0,10.0,,,
Leg,"May 31, 2026, 6:17 PM","May 31, 2026, 7:03 PM",,Romanian Deadlift (Dumbbell),,,2,normal,35.0,10.0,,,
Shoulder and abd,"May 30, 2026, 6:01 PM","May 30, 2026, 7:25 PM",,Air Bike,,,0,normal,,,,660.0,
Shoulder and abd,"May 30, 2026, 6:01 PM","May 30, 2026, 7:25 PM",,Shoulder Press (Dumbbell),,,0,normal,55.0,10.0,,,
Shoulder and abd,"May 30, 2026, 6:01 PM","May 30, 2026, 7:25 PM",,Shoulder Press (Dumbbell),,,1,normal,60.0,8.0,,,
Shoulder and abd,"May 30, 2026, 6:01 PM","May 30, 2026, 7:25 PM",,Shoulder Press (Dumbbell),,,2,normal,65.0,6.0,,,
Shoulder and abd,"May 30, 2026, 6:01 PM","May 30, 2026, 7:25 PM",,Single Arm Lateral Raise (Cable),,,0,normal,5.0,15.0,,,
Shoulder and abd,"May 30, 2026, 6:01 PM","May 30, 2026, 7:25 PM",,Single Arm Lateral Raise (Cable),,,1,normal,10.0,12.0,,,
Shoulder and abd,"May 30, 2026, 6:01 PM","May 30, 2026, 7:25 PM",,Single Arm Lateral Raise (Cable),,,2,normal,15.0,8.0,,,
Shoulder and abd,"May 30, 2026, 6:01 PM","May 30, 2026, 7:25 PM",,Front Raise (Cable),,,0,normal,20.0,11.0,,,
Shoulder and abd,"May 30, 2026, 6:01 PM","May 30, 2026, 7:25 PM",,Front Raise (Cable),,,1,normal,25.0,10.0,,,
Shoulder and abd,"May 30, 2026, 6:01 PM","May 30, 2026, 7:25 PM",,Front Raise (Cable),,,2,normal,30.0,5.0,,,
Shoulder and abd,"May 30, 2026, 6:01 PM","May 30, 2026, 7:25 PM",,Rear Delt Reverse Fly (Machine),,,0,normal,120.0,10.0,,,
Shoulder and abd,"May 30, 2026, 6:01 PM","May 30, 2026, 7:25 PM",,Rear Delt Reverse Fly (Machine),,,1,normal,140.0,8.0,,,
Shoulder and abd,"May 30, 2026, 6:01 PM","May 30, 2026, 7:25 PM",,Rear Delt Reverse Fly (Machine),,,2,normal,140.0,6.0,,,
Shoulder and abd,"May 30, 2026, 6:01 PM","May 30, 2026, 7:25 PM",,Shrug (Dumbbell),,,0,normal,65.0,10.0,,,
Shoulder and abd,"May 30, 2026, 6:01 PM","May 30, 2026, 7:25 PM",,Shrug (Dumbbell),,,1,normal,70.0,10.0,,,
Shoulder and abd,"May 30, 2026, 6:01 PM","May 30, 2026, 7:25 PM",,Shrug (Dumbbell),,,2,normal,75.0,10.0,,,
Shoulder and abd,"May 30, 2026, 6:01 PM","May 30, 2026, 7:25 PM",,Crunch,,,0,normal,,15.0,,,
Shoulder and abd,"May 30, 2026, 6:01 PM","May 30, 2026, 7:25 PM",,Crunch,,,1,normal,,15.0,,,
Shoulder and abd,"May 30, 2026, 6:01 PM","May 30, 2026, 7:25 PM",,Crunch,,,2,normal,,15.0,,,
Shoulder and abd,"May 30, 2026, 6:01 PM","May 30, 2026, 7:25 PM",,Crunch,,,3,normal,,13.0,,,
Shoulder and abd,"May 30, 2026, 6:01 PM","May 30, 2026, 7:25 PM",,Side Bend,,,0,normal,,10.0,,,
Shoulder and abd,"May 30, 2026, 6:01 PM","May 30, 2026, 7:25 PM",,Side Bend,,,1,normal,,15.0,,,
Shoulder and abd,"May 30, 2026, 6:01 PM","May 30, 2026, 7:25 PM",,Side Bend,,,2,normal,,15.0,,,
Shoulder and abd,"May 30, 2026, 6:01 PM","May 30, 2026, 7:25 PM",,Treadmill,,,0,normal,,,,900.0,
Chest and back,"May 28, 2026, 7:58 PM","May 28, 2026, 8:52 PM",,Treadmill,,,0,normal,,,,300.0,
Chest and back,"May 28, 2026, 7:58 PM","May 28, 2026, 8:52 PM",,Back Extension (Weighted Hyperextension),,,0,normal,20.0,10.0,,,
Chest and back,"May 28, 2026, 7:58 PM","May 28, 2026, 8:52 PM",,Lat Pulldown (Cable),,,0,normal,160.0,10.0,,,
Chest and back,"May 28, 2026, 7:58 PM","May 28, 2026, 8:52 PM",,Lat Pulldown (Cable),,,1,normal,175.0,8.0,,,
Chest and back,"May 28, 2026, 7:58 PM","May 28, 2026, 8:52 PM",,Lat Pulldown (Cable),,,2,normal,190.0,6.0,,,
Chest and back,"May 28, 2026, 7:58 PM","May 28, 2026, 8:52 PM",,Lat Pulldown (Cable),,,3,normal,175.0,6.0,,,
Chest and back,"May 28, 2026, 7:58 PM","May 28, 2026, 8:52 PM",,Incline Bench Press (Dumbbell),,,0,normal,80.0,12.0,,,
Chest and back,"May 28, 2026, 7:58 PM","May 28, 2026, 8:52 PM",,Incline Bench Press (Dumbbell),,,1,normal,90.0,10.0,,,
Chest and back,"May 28, 2026, 7:58 PM","May 28, 2026, 8:52 PM",,Incline Bench Press (Dumbbell),,,2,normal,100.0,10.0,,,
Chest and back,"May 28, 2026, 7:58 PM","May 28, 2026, 8:52 PM",,Bench Press (Barbell),0.0,,0,normal,50.0,5.0,,,
Chest and back,"May 28, 2026, 7:58 PM","May 28, 2026, 8:52 PM",,Bench Press (Barbell),0.0,,1,normal,90.0,6.0,,,
Chest and back,"May 28, 2026, 7:58 PM","May 28, 2026, 8:52 PM",,Bench Press (Barbell),0.0,,2,normal,110.0,6.0,,,
Chest and back,"May 28, 2026, 7:58 PM","May 28, 2026, 8:52 PM",,Bench Press (Barbell),0.0,,3,normal,120.0,5.0,,,
Chest and back,"May 28, 2026, 7:58 PM","May 28, 2026, 8:52 PM",,Push Up,0.0,,0,normal,,20.0,,,
Chest and back,"May 28, 2026, 7:58 PM","May 28, 2026, 8:52 PM",,Push Up,0.0,,1,normal,,15.0,,,
Chest and back,"May 28, 2026, 7:58 PM","May 28, 2026, 8:52 PM",,Push Up,0.0,,2,normal,,7.0,,,
Chest and back,"May 28, 2026, 7:58 PM","May 28, 2026, 8:52 PM",,Landmine Row,,,0,normal,45.0,10.0,,,
Chest and back,"May 28, 2026, 7:58 PM","May 28, 2026, 8:52 PM",,Landmine Row,,,1,normal,70.0,10.0,,,
Chest and back,"May 28, 2026, 7:58 PM","May 28, 2026, 8:52 PM",,Landmine Row,,,2,normal,110.0,8.0,,,
Chest and back,"May 28, 2026, 7:58 PM","May 28, 2026, 8:52 PM",,Pullover (Machine),,,0,normal,3.5,16.0,,,
Chest and back,"May 28, 2026, 7:58 PM","May 28, 2026, 8:52 PM",,Pullover (Machine),,,1,normal,8.0,15.0,,,
Chest and back,"May 28, 2026, 7:58 PM","May 28, 2026, 8:52 PM",,Pullover (Machine),,,2,normal,41.5,12.0,,,
Leg,"May 26, 2026, 8:46 PM","May 26, 2026, 9:19 PM",,Elliptical Trainer,,,0,normal,,,,300.0,
Leg,"May 26, 2026, 8:46 PM","May 26, 2026, 9:19 PM",,Back Extension (Weighted Hyperextension),,,0,normal,20.0,10.0,,,
Leg,"May 26, 2026, 8:46 PM","May 26, 2026, 9:19 PM",,Squat (Smith Machine),,,0,normal,45.0,8.0,,,
Leg,"May 26, 2026, 8:46 PM","May 26, 2026, 9:19 PM",,Squat (Smith Machine),,,1,normal,70.0,7.0,,,
Leg,"May 26, 2026, 8:46 PM","May 26, 2026, 9:19 PM",,Squat (Smith Machine),,,2,normal,90.0,4.0,,,
Leg,"May 26, 2026, 8:46 PM","May 26, 2026, 9:19 PM",,Squat (Smith Machine),,,3,normal,90.0,3.0,,,
Leg,"May 26, 2026, 8:46 PM","May 26, 2026, 9:19 PM",,Squat (Smith Machine),,,4,normal,90.0,3.0,,,
Leg,"May 26, 2026, 8:46 PM","May 26, 2026, 9:19 PM",,Hip Adduction (Machine),,,0,normal,80.0,10.0,,,
Leg,"May 26, 2026, 8:46 PM","May 26, 2026, 9:19 PM",,Hip Adduction (Machine),,,1,normal,90.0,10.0,,,
Leg,"May 26, 2026, 8:46 PM","May 26, 2026, 9:19 PM",,Hip Adduction (Machine),,,2,normal,110.0,10.0,,,
Leg,"May 26, 2026, 8:46 PM","May 26, 2026, 9:19 PM",,Leg Extension (Machine),,,0,normal,120.0,10.0,,,
Leg,"May 26, 2026, 8:46 PM","May 26, 2026, 9:19 PM",,Leg Extension (Machine),,,1,normal,130.0,10.0,,,
Leg,"May 26, 2026, 8:46 PM","May 26, 2026, 9:19 PM",,Leg Extension (Machine),,,2,normal,130.0,10.0,,,
Leg,"May 26, 2026, 8:46 PM","May 26, 2026, 9:19 PM",,Seated Leg Curl (Machine),,,0,normal,80.0,12.0,,,
Leg,"May 26, 2026, 8:46 PM","May 26, 2026, 9:19 PM",,Seated Leg Curl (Machine),,,1,normal,8.5,12.0,,,
Leg,"May 26, 2026, 8:46 PM","May 26, 2026, 9:19 PM",,Seated Leg Curl (Machine),,,2,normal,90.0,12.0,,,
Leg,"May 26, 2026, 8:46 PM","May 26, 2026, 9:19 PM",,Seated Calf Raise,,,0,normal,90.0,15.0,,,
Leg,"May 26, 2026, 8:46 PM","May 26, 2026, 9:19 PM",,Seated Calf Raise,,,1,normal,90.0,15.0,,,
Leg,"May 26, 2026, 8:46 PM","May 26, 2026, 9:19 PM",,Seated Calf Raise,,,2,normal,90.0,15.0,,,
Leg,"May 26, 2026, 8:46 PM","May 26, 2026, 9:19 PM",,Stair Machine (Steps),,,0,normal,,,,600.0,
Chest and back,"May 20, 2026, 4:58 PM","May 20, 2026, 5:35 PM",,Treadmill,,,0,normal,,,,300.0,
Chest and back,"May 20, 2026, 4:58 PM","May 20, 2026, 5:35 PM",,Back Extension (Weighted Hyperextension),,,0,normal,20.0,10.0,,,
Chest and back,"May 20, 2026, 4:58 PM","May 20, 2026, 5:35 PM",,Lat Pulldown (Cable),,,0,normal,160.0,10.0,,,
Chest and back,"May 20, 2026, 4:58 PM","May 20, 2026, 5:35 PM",,Incline Bench Press (Dumbbell),,,0,normal,80.0,12.0,,,
Chest and back,"May 20, 2026, 4:58 PM","May 20, 2026, 5:35 PM",,Incline Bench Press (Dumbbell),,,1,normal,90.0,10.0,,,
Chest and back,"May 20, 2026, 4:58 PM","May 20, 2026, 5:35 PM",,Incline Bench Press (Dumbbell),,,2,normal,100.0,10.0,,,
Chest and back,"May 20, 2026, 4:58 PM","May 20, 2026, 5:35 PM",,Bench Press (Cable),0.0,,0,normal,45.0,15.0,,,
Chest and back,"May 20, 2026, 4:58 PM","May 20, 2026, 5:35 PM",,Bench Press (Cable),0.0,,1,normal,70.0,10.0,,,
Chest and back,"May 20, 2026, 4:58 PM","May 20, 2026, 5:35 PM",,Bench Press (Cable),0.0,,2,normal,90.0,10.0,,,
Chest and back,"May 20, 2026, 4:58 PM","May 20, 2026, 5:35 PM",,Push Up,0.0,,0,normal,,20.0,,,
Chest and back,"May 20, 2026, 4:58 PM","May 20, 2026, 5:35 PM",,Push Up,0.0,,1,normal,,15.0,,,
Chest and back,"May 20, 2026, 4:58 PM","May 20, 2026, 5:35 PM",,Push Up,0.0,,2,normal,,7.0,,,
Arm,"May 19, 2026, 8:06 PM","May 19, 2026, 8:39 PM",,Triceps Pushdown,,,0,normal,55.0,12.0,,,
Arm,"May 19, 2026, 8:06 PM","May 19, 2026, 8:39 PM",,Triceps Pushdown,,,1,normal,60.0,10.0,,,
Arm,"May 19, 2026, 8:06 PM","May 19, 2026, 8:39 PM",,Triceps Pushdown,,,2,normal,75.0,8.0,,,
Arm,"May 19, 2026, 8:06 PM","May 19, 2026, 8:39 PM",,Bench Press - Close Grip (Barbell),0.0,,0,normal,10.0,10.0,,,
Arm,"May 19, 2026, 8:06 PM","May 19, 2026, 8:39 PM",,Bench Press - Close Grip (Barbell),0.0,,1,normal,25.0,10.0,,,
Arm,"May 19, 2026, 8:06 PM","May 19, 2026, 8:39 PM",,Bench Press - Close Grip (Barbell),0.0,,2,normal,25.0,10.0,,,
Arm,"May 19, 2026, 8:06 PM","May 19, 2026, 8:39 PM",,Bench Dip,0.0,,0,normal,,10.0,,,
Arm,"May 19, 2026, 8:06 PM","May 19, 2026, 8:39 PM",,Bench Dip,0.0,,1,normal,,12.0,,,
Arm,"May 19, 2026, 8:06 PM","May 19, 2026, 8:39 PM",,Bench Dip,0.0,,2,normal,,10.0,,,
Arm,"May 19, 2026, 8:06 PM","May 19, 2026, 8:39 PM",,21s Bicep Curl,,,0,normal,10.0,10.0,,,
Arm,"May 19, 2026, 8:06 PM","May 19, 2026, 8:39 PM",,21s Bicep Curl,,,1,normal,15.0,10.0,,,
Arm,"May 19, 2026, 8:06 PM","May 19, 2026, 8:39 PM",,21s Bicep Curl,,,2,normal,15.0,10.0,,,
Arm,"May 19, 2026, 8:06 PM","May 19, 2026, 8:39 PM",,Behind the Back Curl (Cable),,,0,normal,10.0,10.0,,,
Arm,"May 19, 2026, 8:06 PM","May 19, 2026, 8:39 PM",,Behind the Back Curl (Cable),,,1,normal,15.0,10.0,,,
Arm,"May 19, 2026, 8:06 PM","May 19, 2026, 8:39 PM",,Behind the Back Curl (Cable),,,2,normal,20.0,10.0,,,
Arm,"May 19, 2026, 8:06 PM","May 19, 2026, 8:39 PM",,Triceps Kickback (Cable),,,0,normal,5.0,12.0,,,
Arm,"May 19, 2026, 8:06 PM","May 19, 2026, 8:39 PM",,Triceps Kickback (Cable),,,1,normal,10.0,10.0,,,
Arm,"May 19, 2026, 8:06 PM","May 19, 2026, 8:39 PM",,Triceps Kickback (Cable),,,2,normal,15.0,10.0,,,
Arm,"May 19, 2026, 8:06 PM","May 19, 2026, 8:39 PM",,Behind the Back Wrist Curl (Barbell),,,0,normal,10.0,10.0,,,
Arm,"May 19, 2026, 8:06 PM","May 19, 2026, 8:39 PM",,Behind the Back Wrist Curl (Barbell),,,1,normal,10.0,10.0,,,
Arm,"May 19, 2026, 8:06 PM","May 19, 2026, 8:39 PM",,Behind the Back Wrist Curl (Barbell),,,2,normal,10.0,10.0,,,
Upper B (Hypertrophy),"May 17, 2026, 7:08 PM","May 17, 2026, 7:34 PM",,Warm Up,,,0,normal,,,,300.0,
Upper B (Hypertrophy),"May 17, 2026, 7:08 PM","May 17, 2026, 7:34 PM",,Dumbbell Row,,,0,warmup,30.0,12.0,,,
Upper B (Hypertrophy),"May 17, 2026, 7:08 PM","May 17, 2026, 7:34 PM",,Dumbbell Row,,,1,normal,50.0,10.0,,,
Upper B (Hypertrophy),"May 17, 2026, 7:08 PM","May 17, 2026, 7:34 PM",,Dumbbell Row,,,2,normal,60.0,10.0,,,
Upper B (Hypertrophy),"May 17, 2026, 7:08 PM","May 17, 2026, 7:34 PM",,Dumbbell Row,,,3,normal,60.0,10.0,,,
Upper B (Hypertrophy),"May 17, 2026, 7:08 PM","May 17, 2026, 7:34 PM",,Dumbbell Row,,,4,normal,55.0,10.0,,,
Upper B (Hypertrophy),"May 17, 2026, 7:08 PM","May 17, 2026, 7:34 PM",,Incline Bench Press (Dumbbell),,,0,normal,60.0,10.0,,,
Upper B (Hypertrophy),"May 17, 2026, 7:08 PM","May 17, 2026, 7:34 PM",,Incline Bench Press (Dumbbell),,,1,normal,80.0,12.0,,,
Upper B (Hypertrophy),"May 17, 2026, 7:08 PM","May 17, 2026, 7:34 PM",,Incline Bench Press (Dumbbell),,,2,normal,80.0,11.0,,,
Upper B (Hypertrophy),"May 17, 2026, 7:08 PM","May 17, 2026, 7:34 PM",,Incline Bench Press (Dumbbell),,,3,normal,80.0,10.0,,,
Upper B (Hypertrophy),"May 17, 2026, 7:08 PM","May 17, 2026, 7:34 PM",,Seated Cable Row - V Grip (Cable),,,0,normal,55.0,12.0,,,
Upper B (Hypertrophy),"May 17, 2026, 7:08 PM","May 17, 2026, 7:34 PM",,Seated Cable Row - V Grip (Cable),,,1,normal,70.0,12.0,,,
Upper B (Hypertrophy),"May 17, 2026, 7:08 PM","May 17, 2026, 7:34 PM",,Seated Cable Row - V Grip (Cable),,,2,normal,85.0,12.0,,,
Upper B (Hypertrophy),"May 17, 2026, 7:08 PM","May 17, 2026, 7:34 PM",,Chest Press (Machine),,,0,normal,40.0,12.0,,,
Upper B (Hypertrophy),"May 17, 2026, 7:08 PM","May 17, 2026, 7:34 PM",,Chest Press (Machine),,,1,normal,50.0,12.0,,,
Upper B (Hypertrophy),"May 17, 2026, 7:08 PM","May 17, 2026, 7:34 PM",,Chest Press (Machine),,,2,normal,60.0,12.0,,,
Upper B (Hypertrophy),"May 17, 2026, 7:08 PM","May 17, 2026, 7:34 PM",,Bicep Curl (Dumbbell),,,0,normal,15.0,12.0,,,
Upper B (Hypertrophy),"May 17, 2026, 7:08 PM","May 17, 2026, 7:34 PM",,Bicep Curl (Dumbbell),,,1,normal,17.5,12.0,,,
Upper B (Hypertrophy),"May 17, 2026, 7:08 PM","May 17, 2026, 7:34 PM",,Bicep Curl (Dumbbell),,,2,normal,20.0,12.0,,,
Upper B (Hypertrophy),"May 17, 2026, 7:08 PM","May 17, 2026, 7:34 PM",,Lateral Raise (Dumbbell),,,0,normal,10.0,12.0,,,
Upper B (Hypertrophy),"May 17, 2026, 7:08 PM","May 17, 2026, 7:34 PM",,Lateral Raise (Dumbbell),,,1,normal,12.0,12.0,,,
Upper B (Hypertrophy),"May 17, 2026, 7:08 PM","May 17, 2026, 7:34 PM",,Lateral Raise (Dumbbell),,,2,normal,15.0,12.0,,,
Day 1 - Lower A (Squat Focus),"May 16, 2026, 7:05 PM","May 16, 2026, 7:41 PM",,Squat (Barbell),,,0,normal,20.0,6.0,,,
Day 1 - Lower A (Squat Focus),"May 16, 2026, 7:05 PM","May 16, 2026, 7:41 PM",,Squat (Barbell),,,1,normal,45.0,6.0,,,
Day 1 - Lower A (Squat Focus),"May 16, 2026, 7:05 PM","May 16, 2026, 7:41 PM",,Squat (Barbell),,,2,normal,70.0,5.0,,,
Day 1 - Lower A (Squat Focus),"May 16, 2026, 7:05 PM","May 16, 2026, 7:41 PM",,Squat (Barbell),,,3,normal,90.0,5.0,,,
Day 1 - Lower A (Squat Focus),"May 16, 2026, 7:05 PM","May 16, 2026, 7:41 PM",,Romanian Deadlift (Barbell),,,0,normal,10.0,8.0,,,
Day 1 - Lower A (Squat Focus),"May 16, 2026, 7:05 PM","May 16, 2026, 7:41 PM",,Romanian Deadlift (Barbell),,,1,normal,20.0,8.0,,,
Day 1 - Lower A (Squat Focus),"May 16, 2026, 7:05 PM","May 16, 2026, 7:41 PM",,Romanian Deadlift (Barbell),,,2,normal,25.0,8.0,,,
Day 1 - Lower A (Squat Focus),"May 16, 2026, 7:05 PM","May 16, 2026, 7:41 PM",,Romanian Deadlift (Barbell),,,3,normal,35.0,8.0,,,
Day 1 - Lower A (Squat Focus),"May 16, 2026, 7:05 PM","May 16, 2026, 7:41 PM",,Leg Press (Machine),,,0,normal,360.0,12.0,,,
Day 1 - Lower A (Squat Focus),"May 16, 2026, 7:05 PM","May 16, 2026, 7:41 PM",,Leg Press (Machine),,,1,normal,450.0,11.0,,,
Day 1 - Lower A (Squat Focus),"May 16, 2026, 7:05 PM","May 16, 2026, 7:41 PM",,Leg Press (Machine),,,2,normal,540.0,10.0,,,
Upper B v2,"May 14, 2026, 8:07 PM","May 14, 2026, 9:03 PM",,Plank,,,0,normal,,,,20.0,
Upper B v2,"May 14, 2026, 8:07 PM","May 14, 2026, 9:03 PM",,Plank,,,1,normal,,,,20.0,
Upper B v2,"May 14, 2026, 8:07 PM","May 14, 2026, 9:03 PM",,Plank,,,2,normal,,,,20.0,
Upper B v2,"May 14, 2026, 8:07 PM","May 14, 2026, 9:03 PM",,Plank,,,3,normal,,,,20.0,
Upper B v2,"May 14, 2026, 8:07 PM","May 14, 2026, 9:03 PM",,Plank,,,0,normal,,,,45.0,
Upper B v2,"May 14, 2026, 8:07 PM","May 14, 2026, 9:03 PM",,Plank,,,1,normal,,,,45.0,
Upper B v2,"May 14, 2026, 8:07 PM","May 14, 2026, 9:03 PM",,Plank,,,2,normal,,,,45.0,
Upper B v2,"May 14, 2026, 8:07 PM","May 14, 2026, 9:03 PM",,Plank,,,3,normal,,,,45.0,
Upper B v2,"May 14, 2026, 8:07 PM","May 14, 2026, 9:03 PM",,Bench Press (Barbell),,,0,normal,50.0,5.0,,,
Upper B v2,"May 14, 2026, 8:07 PM","May 14, 2026, 9:03 PM",,Bench Press (Barbell),,,1,normal,90.0,6.0,,,
Upper B v2,"May 14, 2026, 8:07 PM","May 14, 2026, 9:03 PM",,Bench Press (Barbell),,,2,normal,110.0,6.0,,,
Upper B v2,"May 14, 2026, 8:07 PM","May 14, 2026, 9:03 PM",,Bench Press (Barbell),,,3,normal,120.0,7.0,,,
Upper B v2,"May 14, 2026, 8:07 PM","May 14, 2026, 9:03 PM",,Pendlay Row (Barbell),,,0,normal,,6.0,,,
Upper B v2,"May 14, 2026, 8:07 PM","May 14, 2026, 9:03 PM",,Pendlay Row (Barbell),,,1,normal,,6.0,,,
Upper B v2,"May 14, 2026, 8:07 PM","May 14, 2026, 9:03 PM",,Pendlay Row (Barbell),,,2,normal,,7.0,,,
Upper B v2,"May 14, 2026, 8:07 PM","May 14, 2026, 9:03 PM",,Pendlay Row (Barbell),,,3,normal,,8.0,,,
Upper B v2,"May 14, 2026, 8:07 PM","May 14, 2026, 9:03 PM",,Chest Dip,,,0,normal,,8.0,,,
Upper B v2,"May 14, 2026, 8:07 PM","May 14, 2026, 9:03 PM",,Chest Dip,,,1,normal,,9.0,,,
Upper B v2,"May 14, 2026, 8:07 PM","May 14, 2026, 9:03 PM",,Chest Dip,,,2,normal,,10.0,,,
Upper B v2,"May 14, 2026, 8:07 PM","May 14, 2026, 9:03 PM",,Seated Row (Machine),,,0,normal,,10.0,,,
Upper B v2,"May 14, 2026, 8:07 PM","May 14, 2026, 9:03 PM",,Seated Row (Machine),,,1,normal,,11.0,,,
Upper B v2,"May 14, 2026, 8:07 PM","May 14, 2026, 9:03 PM",,Seated Row (Machine),,,2,normal,,12.0,,,
Day 4: Lower B (Hinge Focus),"May 13, 2026, 8:11 PM","May 13, 2026, 9:01 PM",,Plank,,,0,normal,,,,20.0,
Day 4: Lower B (Hinge Focus),"May 13, 2026, 8:11 PM","May 13, 2026, 9:01 PM",,Plank,,,1,normal,,,,20.0,
Day 4: Lower B (Hinge Focus),"May 13, 2026, 8:11 PM","May 13, 2026, 9:01 PM",,Plank,,,2,normal,,,,20.0,
Day 4: Lower B (Hinge Focus),"May 13, 2026, 8:11 PM","May 13, 2026, 9:01 PM",,Plank,,,3,normal,,,,20.0,
Day 4: Lower B (Hinge Focus),"May 13, 2026, 8:11 PM","May 13, 2026, 9:01 PM",,Glute Bridge,,,0,normal,,15.0,,,
Day 4: Lower B (Hinge Focus),"May 13, 2026, 8:11 PM","May 13, 2026, 9:01 PM",,Glute Bridge,,,1,normal,,15.0,,,
Day 4: Lower B (Hinge Focus),"May 13, 2026, 8:11 PM","May 13, 2026, 9:01 PM",,Glute Bridge,,,2,normal,,15.0,,,
Day 4: Lower B (Hinge Focus),"May 13, 2026, 8:11 PM","May 13, 2026, 9:01 PM",,Deadlift (Barbell),,,0,normal,90.0,8.0,,,
Day 4: Lower B (Hinge Focus),"May 13, 2026, 8:11 PM","May 13, 2026, 9:01 PM",,Deadlift (Barbell),,,1,normal,140.0,7.0,,,
Day 4: Lower B (Hinge Focus),"May 13, 2026, 8:11 PM","May 13, 2026, 9:01 PM",,Deadlift (Barbell),,,2,normal,180.0,7.0,,,
Day 4: Lower B (Hinge Focus),"May 13, 2026, 8:11 PM","May 13, 2026, 9:01 PM",,Deadlift (Barbell),,,3,normal,230.0,5.0,,,
Day 4: Lower B (Hinge Focus),"May 13, 2026, 8:11 PM","May 13, 2026, 9:01 PM",,Deadlift (Barbell),,,4,normal,270.0,3.0,,,
Day 4: Lower B (Hinge Focus),"May 13, 2026, 8:11 PM","May 13, 2026, 9:01 PM",,Front Squat,,,0,normal,,6.0,,,
Day 4: Lower B (Hinge Focus),"May 13, 2026, 8:11 PM","May 13, 2026, 9:01 PM",,Front Squat,,,1,normal,,6.0,,,
Day 4: Lower B (Hinge Focus),"May 13, 2026, 8:11 PM","May 13, 2026, 9:01 PM",,Front Squat,,,2,normal,,6.0,,,
Day 4: Lower B (Hinge Focus),"May 13, 2026, 8:11 PM","May 13, 2026, 9:01 PM",,Front Squat,,,3,normal,,6.0,,,
Day 4: Lower B (Hinge Focus),"May 13, 2026, 8:11 PM","May 13, 2026, 9:01 PM",,Lunge,,,0,normal,,10.0,,,
Day 4: Lower B (Hinge Focus),"May 13, 2026, 8:11 PM","May 13, 2026, 9:01 PM",,Lunge,,,1,normal,,10.0,,,
Day 4: Lower B (Hinge Focus),"May 13, 2026, 8:11 PM","May 13, 2026, 9:01 PM",,Lunge,,,2,normal,,10.0,,,
Day 4: Lower B (Hinge Focus),"May 13, 2026, 8:11 PM","May 13, 2026, 9:01 PM",,Seated Leg Curl (Machine),,,0,normal,80.0,12.0,,,
Day 4: Lower B (Hinge Focus),"May 13, 2026, 8:11 PM","May 13, 2026, 9:01 PM",,Seated Leg Curl (Machine),,,1,normal,85.0,12.0,,,
Day 4: Lower B (Hinge Focus),"May 13, 2026, 8:11 PM","May 13, 2026, 9:01 PM",,Seated Leg Curl (Machine),,,2,normal,90.0,12.0,,,
Day 2 — Upper A (Vertical Skill & Pulling),"May 11, 2026, 8:50 PM","May 11, 2026, 9:31 PM",,Chest Dip,,,0,normal,,8.0,,,
Day 2 — Upper A (Vertical Skill & Pulling),"May 11, 2026, 8:50 PM","May 11, 2026, 9:31 PM",,Chest Dip,,,1,normal,,8.0,,,
Day 2 — Upper A (Vertical Skill & Pulling),"May 11, 2026, 8:50 PM","May 11, 2026, 9:31 PM",,Chest Dip,,,2,normal,,5.0,,,
Day 2 — Upper A (Vertical Skill & Pulling),"May 11, 2026, 8:50 PM","May 11, 2026, 9:31 PM",,Chest Dip,,,3,normal,,5.0,,,
Day 2 — Upper A (Vertical Skill & Pulling),"May 11, 2026, 8:50 PM","May 11, 2026, 9:31 PM",,Pull Up,,,0,normal,,8.0,,,
Day 2 — Upper A (Vertical Skill & Pulling),"May 11, 2026, 8:50 PM","May 11, 2026, 9:31 PM",,Pull Up,,,1,normal,,8.0,,,
Day 2 — Upper A (Vertical Skill & Pulling),"May 11, 2026, 8:50 PM","May 11, 2026, 9:31 PM",,Pull Up,,,2,normal,,8.0,,,
Day 2 — Upper A (Vertical Skill & Pulling),"May 11, 2026, 8:50 PM","May 11, 2026, 9:31 PM",,Pull Up,,,3,normal,,8.0,,,
Day 2 — Upper A (Vertical Skill & Pulling),"May 11, 2026, 8:50 PM","May 11, 2026, 9:31 PM",,Overhead Press (Barbell),,,0,normal,10.0,10.0,,,
Day 2 — Upper A (Vertical Skill & Pulling),"May 11, 2026, 8:50 PM","May 11, 2026, 9:31 PM",,Overhead Press (Barbell),,,1,normal,15.0,8.0,,,
Day 2 — Upper A (Vertical Skill & Pulling),"May 11, 2026, 8:50 PM","May 11, 2026, 9:31 PM",,Overhead Press (Barbell),,,2,normal,20.0,7.0,,,
Day 2 — Upper A (Vertical Skill & Pulling),"May 11, 2026, 8:50 PM","May 11, 2026, 9:31 PM",,Overhead Press (Barbell),,,3,normal,25.0,5.0,,,
Day 2 — Upper A (Vertical Skill & Pulling),"May 11, 2026, 8:50 PM","May 11, 2026, 9:31 PM",,Overhead Press (Barbell),,,4,normal,25.0,4.0,,,
Day 2 — Upper A (Vertical Skill & Pulling),"May 11, 2026, 8:50 PM","May 11, 2026, 9:31 PM",,Chest Fly (Dumbbell),,,0,normal,15.0,12.0,,,
Day 2 — Upper A (Vertical Skill & Pulling),"May 11, 2026, 8:50 PM","May 11, 2026, 9:31 PM",,Chest Fly (Dumbbell),,,1,normal,15.0,12.0,,,
Day 2 — Upper A (Vertical Skill & Pulling),"May 11, 2026, 8:50 PM","May 11, 2026, 9:31 PM",,Chest Fly (Dumbbell),,,2,normal,15.0,10.0,,,
Hybrid Leg Day — Isometric Core Compression,"May 10, 2026, 6:57 PM","May 10, 2026, 7:45 PM",,Knee Raise Parallel Bars,,,0,normal,,10.0,,,
Hybrid Leg Day — Isometric Core Compression,"May 10, 2026, 6:57 PM","May 10, 2026, 7:45 PM",,Knee Raise Parallel Bars,,,1,normal,,8.0,,,
Hybrid Leg Day — Isometric Core Compression,"May 10, 2026, 6:57 PM","May 10, 2026, 7:45 PM",,Knee Raise Parallel Bars,,,2,normal,,10.0,,,
Hybrid Leg Day — Isometric Core Compression,"May 10, 2026, 6:57 PM","May 10, 2026, 7:45 PM",,Knee Raise Parallel Bars,,,3,normal,,10.0,,,
Hybrid Leg Day — Isometric Core Compression,"May 10, 2026, 6:57 PM","May 10, 2026, 7:45 PM",,Plank,,,0,normal,,,,40.0,
Hybrid Leg Day — Isometric Core Compression,"May 10, 2026, 6:57 PM","May 10, 2026, 7:45 PM",,Plank,,,1,normal,,,,40.0,
Hybrid Leg Day — Isometric Core Compression,"May 10, 2026, 6:57 PM","May 10, 2026, 7:45 PM",,Plank,,,2,normal,,,,40.0,
Hybrid Leg Day — Isometric Core Compression,"May 10, 2026, 6:57 PM","May 10, 2026, 7:45 PM",,Plank,,,3,normal,,,,40.0,
Hybrid Leg Day — Isometric Core Compression,"May 10, 2026, 6:57 PM","May 10, 2026, 7:45 PM",,Squat (Barbell),,,0,normal,20.0,5.0,,,
Hybrid Leg Day — Isometric Core Compression,"May 10, 2026, 6:57 PM","May 10, 2026, 7:45 PM",,Squat (Barbell),,,1,normal,45.0,4.0,,,
Hybrid Leg Day — Isometric Core Compression,"May 10, 2026, 6:57 PM","May 10, 2026, 7:45 PM",,Squat (Barbell),,,2,normal,55.0,5.0,,,
Hybrid Leg Day — Isometric Core Compression,"May 10, 2026, 6:57 PM","May 10, 2026, 7:45 PM",,Squat (Barbell),,,3,normal,55.0,3.0,,,
Hybrid Leg Day — Isometric Core Compression,"May 10, 2026, 6:57 PM","May 10, 2026, 7:45 PM",,Squat (Barbell),,,4,normal,55.0,3.0,,,
Hybrid Leg Day — Isometric Core Compression,"May 10, 2026, 6:57 PM","May 10, 2026, 7:45 PM",,Romanian Deadlift (Barbell),,,0,normal,10.0,10.0,,,
Hybrid Leg Day — Isometric Core Compression,"May 10, 2026, 6:57 PM","May 10, 2026, 7:45 PM",,Romanian Deadlift (Barbell),,,1,normal,15.0,10.0,,,
Hybrid Leg Day — Isometric Core Compression,"May 10, 2026, 6:57 PM","May 10, 2026, 7:45 PM",,Romanian Deadlift (Barbell),,,2,normal,20.0,8.0,,,
Hybrid Leg Day — Isometric Core Compression,"May 10, 2026, 6:57 PM","May 10, 2026, 7:45 PM",,Romanian Deadlift (Barbell),,,3,normal,20.0,8.0,,,
Hybrid Leg Day — Isometric Core Compression,"May 10, 2026, 6:57 PM","May 10, 2026, 7:45 PM",,Lunge (Dumbbell),,,0,normal,15.0,12.0,,,
Hybrid Leg Day — Isometric Core Compression,"May 10, 2026, 6:57 PM","May 10, 2026, 7:45 PM",,Lunge (Dumbbell),,,1,normal,15.0,12.0,,,
Hybrid Leg Day — Isometric Core Compression,"May 10, 2026, 6:57 PM","May 10, 2026, 7:45 PM",,Lunge (Dumbbell),,,2,normal,15.0,12.0,,,
Shoulder and abd,"May 6, 2026, 7:50 PM","May 6, 2026, 8:29 PM",,Treadmill,,,0,normal,,,,600.0,
Shoulder and abd,"May 6, 2026, 7:50 PM","May 6, 2026, 8:29 PM",,Back Extension (Weighted Hyperextension),,,0,normal,20.0,10.0,,,
Shoulder and abd,"May 6, 2026, 7:50 PM","May 6, 2026, 8:29 PM",,Overhead Press (Barbell),,,0,normal,25.0,10.0,,,
Shoulder and abd,"May 6, 2026, 7:50 PM","May 6, 2026, 8:29 PM",,Overhead Press (Barbell),,,1,normal,35.0,8.0,,,
Shoulder and abd,"May 6, 2026, 7:50 PM","May 6, 2026, 8:29 PM",,Overhead Press (Barbell),,,2,normal,45.0,7.0,,,
Shoulder and abd,"May 6, 2026, 7:50 PM","May 6, 2026, 8:29 PM",,Single Arm Landmine Press (Barbell),0.0,,0,normal,10.0,10.0,,,
Shoulder and abd,"May 6, 2026, 7:50 PM","May 6, 2026, 8:29 PM",,Single Arm Landmine Press (Barbell),0.0,,1,normal,25.0,10.0,,,
Shoulder and abd,"May 6, 2026, 7:50 PM","May 6, 2026, 8:29 PM",,Single Arm Landmine Press (Barbell),0.0,,2,normal,45.0,10.0,,,
Shoulder and abd,"May 6, 2026, 7:50 PM","May 6, 2026, 8:29 PM",,Seated Lateral Raise (Dumbbell),1.0,,0,normal,15.0,10.0,,,
Shoulder and abd,"May 6, 2026, 7:50 PM","May 6, 2026, 8:29 PM",,Seated Lateral Raise (Dumbbell),1.0,,1,normal,17.5,10.0,,,
Shoulder and abd,"May 6, 2026, 7:50 PM","May 6, 2026, 8:29 PM",,Seated Lateral Raise (Dumbbell),1.0,,2,normal,22.5,6.0,,,
Shoulder and abd,"May 6, 2026, 7:50 PM","May 6, 2026, 8:29 PM",,Rear Delt Reverse Fly (Cable),2.0,,0,normal,10.0,10.0,,,
Shoulder and abd,"May 6, 2026, 7:50 PM","May 6, 2026, 8:29 PM",,Rear Delt Reverse Fly (Cable),2.0,,1,normal,15.0,10.0,,,
Shoulder and abd,"May 6, 2026, 7:50 PM","May 6, 2026, 8:29 PM",,Rear Delt Reverse Fly (Cable),2.0,,2,normal,15.0,10.0,,,
Shoulder and abd,"May 6, 2026, 7:50 PM","May 6, 2026, 8:29 PM",,Side Bend,2.0,,0,normal,,10.0,,,
Shoulder and abd,"May 6, 2026, 7:50 PM","May 6, 2026, 8:29 PM",,Side Bend,2.0,,1,normal,,15.0,,,
Shoulder and abd,"May 6, 2026, 7:50 PM","May 6, 2026, 8:29 PM",,Side Bend,2.0,,2,normal,,15.0,,,
Shoulder and abd,"May 6, 2026, 7:50 PM","May 6, 2026, 8:29 PM",,Shrug (Barbell),,,0,normal,75.0,10.0,,,
Shoulder and abd,"May 6, 2026, 7:50 PM","May 6, 2026, 8:29 PM",,Shrug (Barbell),,,1,normal,75.0,10.0,,,
Shoulder and abd,"May 6, 2026, 7:50 PM","May 6, 2026, 8:29 PM",,Shrug (Barbell),,,2,normal,75.0,10.0,,,
Shoulder and abd,"May 6, 2026, 7:50 PM","May 6, 2026, 8:29 PM",,Plank,,,0,normal,,,,60.0,
Shoulder and abd,"May 6, 2026, 7:50 PM","May 6, 2026, 8:29 PM",,Plank,,,1,normal,,,,60.0,
Back and bicep,"May 4, 2026, 6:57 PM","May 4, 2026, 7:55 PM",,Lat Pulldown (Cable),,,0,normal,160.0,10.0,,,
Back and bicep,"May 4, 2026, 6:57 PM","May 4, 2026, 7:55 PM",,Lat Pulldown (Cable),,,1,normal,175.0,8.0,,,
Back and bicep,"May 4, 2026, 6:57 PM","May 4, 2026, 7:55 PM",,Lat Pulldown (Cable),,,2,normal,190.0,6.0,,,
Back and bicep,"May 4, 2026, 6:57 PM","May 4, 2026, 7:55 PM",,Bent Over Row (Barbell),,,0,normal,50.0,8.0,,,
Back and bicep,"May 4, 2026, 6:57 PM","May 4, 2026, 7:55 PM",,Bent Over Row (Barbell),,,1,normal,90.0,8.0,,,
Back and bicep,"May 4, 2026, 6:57 PM","May 4, 2026, 7:55 PM",,Bent Over Row (Barbell),,,2,normal,110.0,8.0,,,
Back and bicep,"May 4, 2026, 6:57 PM","May 4, 2026, 7:55 PM",,Reverse Grip Lat Pulldown (Cable),,,0,normal,145.0,10.0,,,
Back and bicep,"May 4, 2026, 6:57 PM","May 4, 2026, 7:55 PM",,Reverse Grip Lat Pulldown (Cable),,,1,normal,160.0,10.0,,,
Back and bicep,"May 4, 2026, 6:57 PM","May 4, 2026, 7:55 PM",,Reverse Grip Lat Pulldown (Cable),,,2,normal,175.0,8.0,,,
Back and bicep,"May 4, 2026, 6:57 PM","May 4, 2026, 7:55 PM",,Bicep Curl (Cable),0.0,,0,normal,45.0,10.0,,,
Back and bicep,"May 4, 2026, 6:57 PM","May 4, 2026, 7:55 PM",,Bicep Curl (Cable),0.0,,1,normal,50.0,10.0,,,
Back and bicep,"May 4, 2026, 6:57 PM","May 4, 2026, 7:55 PM",,Bicep Curl (Cable),0.0,,2,normal,52.5,8.0,,,
Back and bicep,"May 4, 2026, 6:57 PM","May 4, 2026, 7:55 PM",,Bicep Curl (Dumbbell),0.0,,0,normal,20.0,12.0,,,
Back and bicep,"May 4, 2026, 6:57 PM","May 4, 2026, 7:55 PM",,Bicep Curl (Dumbbell),0.0,,1,normal,25.0,10.0,,,
Back and bicep,"May 4, 2026, 6:57 PM","May 4, 2026, 7:55 PM",,Bicep Curl (Dumbbell),0.0,,2,normal,25.0,10.0,,,
Back and bicep,"May 4, 2026, 6:57 PM","May 4, 2026, 7:55 PM",,Dumbbell Row,,,0,normal,65.0,10.0,,,
Back and bicep,"May 4, 2026, 6:57 PM","May 4, 2026, 7:55 PM",,Dumbbell Row,,,1,normal,70.0,8.0,,,
Back and bicep,"May 4, 2026, 6:57 PM","May 4, 2026, 7:55 PM",,Dumbbell Row,,,2,normal,70.0,7.0,,,
Back and bicep,"May 4, 2026, 6:57 PM","May 4, 2026, 7:55 PM",,Seated Cable Row - V Grip (Cable),,,0,normal,70.0,10.0,,,
Back and bicep,"May 4, 2026, 6:57 PM","May 4, 2026, 7:55 PM",,Preacher Curl (Dumbbell),,,0,normal,25.0,10.0,,,
Back and bicep,"May 4, 2026, 6:57 PM","May 4, 2026, 7:55 PM",,Preacher Curl (Dumbbell),,,1,normal,30.0,10.0,,,
Back and bicep,"May 4, 2026, 6:57 PM","May 4, 2026, 7:55 PM",,Preacher Curl (Dumbbell),,,2,normal,30.0,10.0,,,
Back and bicep,"May 4, 2026, 6:57 PM","May 4, 2026, 7:55 PM",,Treadmill,,,0,normal,,,,601.0,
Chest and tricep,"May 3, 2026, 5:55 PM","May 3, 2026, 6:53 PM",,Bench Press (Barbell),,,0,normal,50.0,12.0,,,
Chest and tricep,"May 3, 2026, 5:55 PM","May 3, 2026, 6:53 PM",,Bench Press (Barbell),,,1,normal,90.0,8.0,,,
Chest and tricep,"May 3, 2026, 5:55 PM","May 3, 2026, 6:53 PM",,Bench Press (Barbell),,,2,normal,110.0,8.0,,,
Chest and tricep,"May 3, 2026, 5:55 PM","May 3, 2026, 6:53 PM",,Incline Bench Press (Dumbbell),,,0,normal,110.0,8.0,,,
Chest and tricep,"May 3, 2026, 5:55 PM","May 3, 2026, 6:53 PM",,Incline Bench Press (Dumbbell),,,1,normal,120.0,6.0,,,
Chest and tricep,"May 3, 2026, 5:55 PM","May 3, 2026, 6:53 PM",,Incline Bench Press (Dumbbell),,,2,normal,130.0,6.0,,,
Chest and tricep,"May 3, 2026, 5:55 PM","May 3, 2026, 6:53 PM",,Iso-Lateral Chest Press (Machine),,,0,normal,25.0,10.0,,,
Chest and tricep,"May 3, 2026, 5:55 PM","May 3, 2026, 6:53 PM",,Iso-Lateral Chest Press (Machine),,,1,normal,45.0,8.0,,,
Chest and tricep,"May 3, 2026, 5:55 PM","May 3, 2026, 6:53 PM",,Iso-Lateral Chest Press (Machine),,,2,normal,55.0,8.0,,,
Chest and tricep,"May 3, 2026, 5:55 PM","May 3, 2026, 6:53 PM",,Chest Fly (Machine),,,0,normal,140.0,10.0,,,
Chest and tricep,"May 3, 2026, 5:55 PM","May 3, 2026, 6:53 PM",,Chest Fly (Machine),,,1,normal,160.0,9.0,,,
Chest and tricep,"May 3, 2026, 5:55 PM","May 3, 2026, 6:53 PM",,Chest Fly (Machine),,,2,normal,180.0,8.0,,,
Chest and tricep,"May 3, 2026, 5:55 PM","May 3, 2026, 6:53 PM",,Chest Fly (Machine),,,3,normal,180.0,8.0,,,
Chest and tricep,"May 3, 2026, 5:55 PM","May 3, 2026, 6:53 PM",,Low Cable Fly Crossovers,,,0,normal,15.0,10.0,,,
Chest and tricep,"May 3, 2026, 5:55 PM","May 3, 2026, 6:53 PM",,Low Cable Fly Crossovers,,,1,normal,20.0,8.0,,,
Chest and tricep,"May 3, 2026, 5:55 PM","May 3, 2026, 6:53 PM",,Low Cable Fly Crossovers,,,2,normal,20.0,6.0,,,
Chest and tricep,"May 3, 2026, 5:55 PM","May 3, 2026, 6:53 PM",,Chest Dip,,,0,normal,,10.0,,,
Chest and tricep,"May 3, 2026, 5:55 PM","May 3, 2026, 6:53 PM",,Chest Dip,,,1,normal,,8.0,,,
Chest and tricep,"May 3, 2026, 5:55 PM","May 3, 2026, 6:53 PM",,Chest Dip,,,2,normal,,5.0,,,
Chest and tricep,"May 3, 2026, 5:55 PM","May 3, 2026, 6:53 PM",,Overhead Triceps Extension (Cable),,,0,normal,20.0,12.0,,,
Chest and tricep,"May 3, 2026, 5:55 PM","May 3, 2026, 6:53 PM",,Overhead Triceps Extension (Cable),,,1,normal,25.0,10.0,,,
Chest and tricep,"May 3, 2026, 5:55 PM","May 3, 2026, 6:53 PM",,Overhead Triceps Extension (Cable),,,2,normal,25.0,8.0,,,
Chest and tricep,"May 3, 2026, 5:55 PM","May 3, 2026, 6:53 PM",,Triceps Pressdown,,,0,normal,30.0,15.0,,,
Chest and tricep,"May 3, 2026, 5:55 PM","May 3, 2026, 6:53 PM",,Triceps Pressdown,,,1,normal,45.0,10.0,,,
Chest and tricep,"May 3, 2026, 5:55 PM","May 3, 2026, 6:53 PM",,Triceps Pressdown,,,2,normal,50.0,10.0,,,
Chest and tricep,"May 3, 2026, 5:55 PM","May 3, 2026, 6:53 PM",,Treadmill,,,0,normal,,,,1200.0,
Leg,"May 1, 2026, 8:16 PM","May 1, 2026, 8:41 PM",,Elliptical Trainer,,,0,normal,,,,300.0,
Leg,"May 1, 2026, 8:16 PM","May 1, 2026, 8:41 PM",,Back Extension (Weighted Hyperextension),,,0,normal,20.0,10.0,,,
Leg,"May 1, 2026, 8:16 PM","May 1, 2026, 8:41 PM",,Squat (Smith Machine),,,0,normal,45.0,8.0,,,
Leg,"May 1, 2026, 8:16 PM","May 1, 2026, 8:41 PM",,Squat (Smith Machine),,,1,normal,70.0,7.0,,,
Leg,"May 1, 2026, 8:16 PM","May 1, 2026, 8:41 PM",,Squat (Smith Machine),,,2,normal,90.0,4.0,,,
Leg,"May 1, 2026, 8:16 PM","May 1, 2026, 8:41 PM",,Squat (Smith Machine),,,3,normal,90.0,3.0,,,
Leg,"May 1, 2026, 8:16 PM","May 1, 2026, 8:41 PM",,Squat (Smith Machine),,,4,normal,90.0,3.0,,,
Leg,"May 1, 2026, 8:16 PM","May 1, 2026, 8:41 PM",,Hip Thrust (Smith Machine),,,0,normal,10.0,11.0,,,
Leg,"May 1, 2026, 8:16 PM","May 1, 2026, 8:41 PM",,Hip Thrust (Smith Machine),,,1,normal,25.0,9.0,,,
Leg,"May 1, 2026, 8:16 PM","May 1, 2026, 8:41 PM",,Hip Adduction (Machine),,,0,normal,110.0,10.0,,,
Leg,"May 1, 2026, 8:16 PM","May 1, 2026, 8:41 PM",,Hip Adduction (Machine),,,1,normal,110.0,10.0,,,
Leg,"May 1, 2026, 8:16 PM","May 1, 2026, 8:41 PM",,Hip Adduction (Machine),,,2,normal,110.0,10.0,,,
Leg,"May 1, 2026, 8:16 PM","May 1, 2026, 8:41 PM",,Leg Extension (Machine),,,0,normal,120.0,10.0,,,
Leg,"May 1, 2026, 8:16 PM","May 1, 2026, 8:41 PM",,Leg Extension (Machine),,,1,normal,130.0,10.0,,,
Leg,"May 1, 2026, 8:16 PM","May 1, 2026, 8:41 PM",,Leg Extension (Machine),,,2,normal,130.0,10.0,,,
Leg,"May 1, 2026, 8:16 PM","May 1, 2026, 8:41 PM",,Seated Leg Curl (Machine),,,0,normal,80.0,12.0,,,
Leg,"May 1, 2026, 8:16 PM","May 1, 2026, 8:41 PM",,Seated Leg Curl (Machine),,,1,normal,8.5,12.0,,,
Leg,"May 1, 2026, 8:16 PM","May 1, 2026, 8:41 PM",,Seated Leg Curl (Machine),,,2,normal,90.0,12.0,,,
Leg,"May 1, 2026, 8:16 PM","May 1, 2026, 8:41 PM",,Seated Calf Raise,,,0,normal,90.0,15.0,,,
Leg,"May 1, 2026, 8:16 PM","May 1, 2026, 8:41 PM",,Seated Calf Raise,,,1,normal,90.0,15.0,,,
Leg,"May 1, 2026, 8:16 PM","May 1, 2026, 8:41 PM",,Seated Calf Raise,,,2,normal,90.0,15.0,,,
Leg,"May 1, 2026, 8:16 PM","May 1, 2026, 8:41 PM",,Stair Machine (Steps),,,0,normal,,,,600.0,
Shoulder and abd,"Apr 30, 2026, 7:37 PM","Apr 30, 2026, 8:22 PM",,Treadmill,,,0,normal,,,,600.0,
Shoulder and abd,"Apr 30, 2026, 7:37 PM","Apr 30, 2026, 8:22 PM",,Back Extension (Weighted Hyperextension),,,0,normal,20.0,10.0,,,
Shoulder and abd,"Apr 30, 2026, 7:37 PM","Apr 30, 2026, 8:22 PM",,Overhead Press (Barbell),,,0,normal,25.0,10.0,,,
Shoulder and abd,"Apr 30, 2026, 7:37 PM","Apr 30, 2026, 8:22 PM",,Overhead Press (Barbell),,,1,normal,35.0,8.0,,,
Shoulder and abd,"Apr 30, 2026, 7:37 PM","Apr 30, 2026, 8:22 PM",,Overhead Press (Barbell),,,2,normal,45.0,7.0,,,
Shoulder and abd,"Apr 30, 2026, 7:37 PM","Apr 30, 2026, 8:22 PM",,Single Arm Landmine Press (Barbell),0.0,,0,normal,10.0,10.0,,,
Shoulder and abd,"Apr 30, 2026, 7:37 PM","Apr 30, 2026, 8:22 PM",,Single Arm Landmine Press (Barbell),0.0,,1,normal,25.0,10.0,,,
Shoulder and abd,"Apr 30, 2026, 7:37 PM","Apr 30, 2026, 8:22 PM",,Single Arm Landmine Press (Barbell),0.0,,2,normal,45.0,10.0,,,
Shoulder and abd,"Apr 30, 2026, 7:37 PM","Apr 30, 2026, 8:22 PM",,Crunch,0.0,,0,normal,,15.0,,,
Shoulder and abd,"Apr 30, 2026, 7:37 PM","Apr 30, 2026, 8:22 PM",,Crunch,0.0,,1,normal,,15.0,,,
Shoulder and abd,"Apr 30, 2026, 7:37 PM","Apr 30, 2026, 8:22 PM",,Seated Lateral Raise (Dumbbell),1.0,,0,normal,15.0,10.0,,,
Shoulder and abd,"Apr 30, 2026, 7:37 PM","Apr 30, 2026, 8:22 PM",,Seated Lateral Raise (Dumbbell),1.0,,1,normal,17.5,10.0,,,
Shoulder and abd,"Apr 30, 2026, 7:37 PM","Apr 30, 2026, 8:22 PM",,Seated Lateral Raise (Dumbbell),1.0,,2,normal,22.5,6.0,,,
Shoulder and abd,"Apr 30, 2026, 7:37 PM","Apr 30, 2026, 8:22 PM",,Rear Delt Reverse Fly (Cable),2.0,,0,normal,10.0,10.0,,,
Shoulder and abd,"Apr 30, 2026, 7:37 PM","Apr 30, 2026, 8:22 PM",,Rear Delt Reverse Fly (Cable),2.0,,1,normal,15.0,10.0,,,
Shoulder and abd,"Apr 30, 2026, 7:37 PM","Apr 30, 2026, 8:22 PM",,Rear Delt Reverse Fly (Cable),2.0,,2,normal,15.0,10.0,,,
Shoulder and abd,"Apr 30, 2026, 7:37 PM","Apr 30, 2026, 8:22 PM",,Side Bend,2.0,,0,normal,,10.0,,,
Shoulder and abd,"Apr 30, 2026, 7:37 PM","Apr 30, 2026, 8:22 PM",,Side Bend,2.0,,1,normal,,15.0,,,
Shoulder and abd,"Apr 30, 2026, 7:37 PM","Apr 30, 2026, 8:22 PM",,Side Bend,2.0,,2,normal,,15.0,,,
Shoulder and abd,"Apr 30, 2026, 7:37 PM","Apr 30, 2026, 8:22 PM",,Plank,,,0,normal,,,,60.0,
Shoulder and abd,"Apr 30, 2026, 7:37 PM","Apr 30, 2026, 8:22 PM",,Plank,,,1,normal,,,,60.0,
Back and bicep,"Apr 28, 2026, 7:04 PM","Apr 28, 2026, 8:31 PM",,Lat Pulldown (Cable),,,0,normal,160.0,10.0,,,
Back and bicep,"Apr 28, 2026, 7:04 PM","Apr 28, 2026, 8:31 PM",,Lat Pulldown (Cable),,,1,normal,175.0,8.0,,,
Back and bicep,"Apr 28, 2026, 7:04 PM","Apr 28, 2026, 8:31 PM",,Lat Pulldown (Cable),,,2,normal,190.0,6.0,,,
Back and bicep,"Apr 28, 2026, 7:04 PM","Apr 28, 2026, 8:31 PM",,Bent Over Row (Barbell),,,0,normal,50.0,8.0,,,
Back and bicep,"Apr 28, 2026, 7:04 PM","Apr 28, 2026, 8:31 PM",,Bent Over Row (Barbell),,,1,normal,90.0,8.0,,,
Back and bicep,"Apr 28, 2026, 7:04 PM","Apr 28, 2026, 8:31 PM",,Bent Over Row (Barbell),,,2,normal,110.0,8.0,,,
Back and bicep,"Apr 28, 2026, 7:04 PM","Apr 28, 2026, 8:31 PM",,Reverse Grip Lat Pulldown (Cable),,,0,normal,145.0,10.0,,,
Back and bicep,"Apr 28, 2026, 7:04 PM","Apr 28, 2026, 8:31 PM",,Reverse Grip Lat Pulldown (Cable),,,1,normal,160.0,10.0,,,
Back and bicep,"Apr 28, 2026, 7:04 PM","Apr 28, 2026, 8:31 PM",,Reverse Grip Lat Pulldown (Cable),,,2,normal,175.0,8.0,,,
Back and bicep,"Apr 28, 2026, 7:04 PM","Apr 28, 2026, 8:31 PM",,Bicep Curl (Cable),0.0,,0,normal,45.0,10.0,,,
Back and bicep,"Apr 28, 2026, 7:04 PM","Apr 28, 2026, 8:31 PM",,Bicep Curl (Cable),0.0,,1,normal,50.0,10.0,,,
Back and bicep,"Apr 28, 2026, 7:04 PM","Apr 28, 2026, 8:31 PM",,Bicep Curl (Cable),0.0,,2,normal,52.5,8.0,,,
Back and bicep,"Apr 28, 2026, 7:04 PM","Apr 28, 2026, 8:31 PM",,Bicep Curl (Dumbbell),0.0,,0,normal,20.0,12.0,,,
Back and bicep,"Apr 28, 2026, 7:04 PM","Apr 28, 2026, 8:31 PM",,Bicep Curl (Dumbbell),0.0,,1,normal,25.0,10.0,,,
Back and bicep,"Apr 28, 2026, 7:04 PM","Apr 28, 2026, 8:31 PM",,Bicep Curl (Dumbbell),0.0,,2,normal,25.0,10.0,,,
Back and bicep,"Apr 28, 2026, 7:04 PM","Apr 28, 2026, 8:31 PM",,Dumbbell Row,,,0,normal,65.0,10.0,,,
Back and bicep,"Apr 28, 2026, 7:04 PM","Apr 28, 2026, 8:31 PM",,Dumbbell Row,,,1,normal,70.0,8.0,,,
Back and bicep,"Apr 28, 2026, 7:04 PM","Apr 28, 2026, 8:31 PM",,Dumbbell Row,,,2,normal,70.0,7.0,,,
Back and bicep,"Apr 28, 2026, 7:04 PM","Apr 28, 2026, 8:31 PM",,Seated Cable Row - V Grip (Cable),,,0,normal,70.0,10.0,,,
Back and bicep,"Apr 28, 2026, 7:04 PM","Apr 28, 2026, 8:31 PM",,Preacher Curl (Dumbbell),,,0,normal,25.0,10.0,,,
Back and bicep,"Apr 28, 2026, 7:04 PM","Apr 28, 2026, 8:31 PM",,Preacher Curl (Dumbbell),,,1,normal,30.0,10.0,,,
Back and bicep,"Apr 28, 2026, 7:04 PM","Apr 28, 2026, 8:31 PM",,Preacher Curl (Dumbbell),,,2,normal,30.0,10.0,,,
Back and bicep,"Apr 28, 2026, 7:04 PM","Apr 28, 2026, 8:31 PM",,Treadmill,,,0,normal,,,,601.0,
Chest and tricep,"Apr 27, 2026, 7:02 PM","Apr 27, 2026, 8:15 PM",,Bench Press (Dumbbell),,,0,normal,60.0,10.0,,,
Chest and tricep,"Apr 27, 2026, 7:02 PM","Apr 27, 2026, 8:15 PM",,Bench Press (Dumbbell),,,1,normal,70.0,8.0,,,
Chest and tricep,"Apr 27, 2026, 7:02 PM","Apr 27, 2026, 8:15 PM",,Bench Press (Dumbbell),,,2,normal,70.0,8.0,,,
Chest and tricep,"Apr 27, 2026, 7:02 PM","Apr 27, 2026, 8:15 PM",,Incline Bench Press (Barbell),,,0,normal,45.0,8.0,,,
Chest and tricep,"Apr 27, 2026, 7:02 PM","Apr 27, 2026, 8:15 PM",,Incline Bench Press (Barbell),,,1,normal,45.0,6.0,,,
Chest and tricep,"Apr 27, 2026, 7:02 PM","Apr 27, 2026, 8:15 PM",,Incline Bench Press (Barbell),,,2,normal,55.0,6.0,,,
Chest and tricep,"Apr 27, 2026, 7:02 PM","Apr 27, 2026, 8:15 PM",,Iso-Lateral Chest Press (Machine),,,0,normal,25.0,10.0,,,
Chest and tricep,"Apr 27, 2026, 7:02 PM","Apr 27, 2026, 8:15 PM",,Iso-Lateral Chest Press (Machine),,,1,normal,45.0,8.0,,,
Chest and tricep,"Apr 27, 2026, 7:02 PM","Apr 27, 2026, 8:15 PM",,Iso-Lateral Chest Press (Machine),,,2,normal,55.0,8.0,,,
Chest and tricep,"Apr 27, 2026, 7:02 PM","Apr 27, 2026, 8:15 PM",,Chest Fly (Machine),,,0,normal,140.0,10.0,,,
Chest and tricep,"Apr 27, 2026, 7:02 PM","Apr 27, 2026, 8:15 PM",,Chest Fly (Machine),,,1,normal,160.0,9.0,,,
Chest and tricep,"Apr 27, 2026, 7:02 PM","Apr 27, 2026, 8:15 PM",,Chest Fly (Machine),,,2,normal,180.0,8.0,,,
Chest and tricep,"Apr 27, 2026, 7:02 PM","Apr 27, 2026, 8:15 PM",,Cable Fly Crossovers,,,0,normal,27.5,11.0,,,
Chest and tricep,"Apr 27, 2026, 7:02 PM","Apr 27, 2026, 8:15 PM",,Cable Fly Crossovers,,,1,normal,30.0,10.0,,,
Chest and tricep,"Apr 27, 2026, 7:02 PM","Apr 27, 2026, 8:15 PM",,Cable Fly Crossovers,,,2,normal,35.0,10.0,,,
Chest and tricep,"Apr 27, 2026, 7:02 PM","Apr 27, 2026, 8:15 PM",,Chest Dip,,,0,normal,,10.0,,,
Chest and tricep,"Apr 27, 2026, 7:02 PM","Apr 27, 2026, 8:15 PM",,Chest Dip,,,1,normal,,8.0,,,
Chest and tricep,"Apr 27, 2026, 7:02 PM","Apr 27, 2026, 8:15 PM",,Chest Dip,,,2,normal,,5.0,,,
Chest and tricep,"Apr 27, 2026, 7:02 PM","Apr 27, 2026, 8:15 PM",,Overhead Triceps Extension (Cable),,,0,normal,20.0,12.0,,,
Chest and tricep,"Apr 27, 2026, 7:02 PM","Apr 27, 2026, 8:15 PM",,Overhead Triceps Extension (Cable),,,1,normal,25.0,10.0,,,
Chest and tricep,"Apr 27, 2026, 7:02 PM","Apr 27, 2026, 8:15 PM",,Overhead Triceps Extension (Cable),,,2,normal,25.0,8.0,,,
Chest and tricep,"Apr 27, 2026, 7:02 PM","Apr 27, 2026, 8:15 PM",,Triceps Pressdown,,,0,normal,30.0,15.0,,,
Chest and tricep,"Apr 27, 2026, 7:02 PM","Apr 27, 2026, 8:15 PM",,Triceps Pressdown,,,1,normal,45.0,10.0,,,
Chest and tricep,"Apr 27, 2026, 7:02 PM","Apr 27, 2026, 8:15 PM",,Triceps Pressdown,,,2,normal,50.0,10.0,,,
Chest and tricep,"Apr 27, 2026, 7:02 PM","Apr 27, 2026, 8:15 PM",,Treadmill,,,0,normal,,,,1200.0,
Leg,"Apr 26, 2026, 6:47 PM","Apr 26, 2026, 7:54 PM",,Elliptical Trainer,,,0,normal,,,,300.0,
Leg,"Apr 26, 2026, 6:47 PM","Apr 26, 2026, 7:54 PM",,Back Extension (Weighted Hyperextension),,,0,normal,20.0,10.0,,,
Leg,"Apr 26, 2026, 6:47 PM","Apr 26, 2026, 7:54 PM",,Squat (Smith Machine),,,0,normal,45.0,8.0,,,
Leg,"Apr 26, 2026, 6:47 PM","Apr 26, 2026, 7:54 PM",,Squat (Smith Machine),,,1,normal,70.0,7.0,,,
Leg,"Apr 26, 2026, 6:47 PM","Apr 26, 2026, 7:54 PM",,Squat (Smith Machine),,,2,normal,90.0,4.0,,,
Leg,"Apr 26, 2026, 6:47 PM","Apr 26, 2026, 7:54 PM",,Squat (Smith Machine),,,3,normal,90.0,3.0,,,
Leg,"Apr 26, 2026, 6:47 PM","Apr 26, 2026, 7:54 PM",,Squat (Smith Machine),,,4,normal,90.0,3.0,,,
Leg,"Apr 26, 2026, 6:47 PM","Apr 26, 2026, 7:54 PM",,Hip Thrust (Smith Machine),,,0,normal,10.0,11.0,,,
Leg,"Apr 26, 2026, 6:47 PM","Apr 26, 2026, 7:54 PM",,Hip Thrust (Smith Machine),,,1,normal,25.0,9.0,,,
Leg,"Apr 26, 2026, 6:47 PM","Apr 26, 2026, 7:54 PM",,Hip Thrust (Smith Machine),,,2,normal,45.0,10.0,,,
Leg,"Apr 26, 2026, 6:47 PM","Apr 26, 2026, 7:54 PM",,Hip Adduction (Machine),,,0,normal,95.0,15.0,,,
Leg,"Apr 26, 2026, 6:47 PM","Apr 26, 2026, 7:54 PM",,Hip Adduction (Machine),,,1,normal,95.0,10.0,,,
Leg,"Apr 26, 2026, 6:47 PM","Apr 26, 2026, 7:54 PM",,Hip Adduction (Machine),,,2,normal,95.0,10.0,,,
Leg,"Apr 26, 2026, 6:47 PM","Apr 26, 2026, 7:54 PM",,Leg Extension (Machine),0.0,,0,normal,120.0,10.0,,,
Leg,"Apr 26, 2026, 6:47 PM","Apr 26, 2026, 7:54 PM",,Leg Extension (Machine),0.0,,1,normal,130.0,10.0,,,
Leg,"Apr 26, 2026, 6:47 PM","Apr 26, 2026, 7:54 PM",,Leg Extension (Machine),0.0,,2,normal,130.0,10.0,,,
Leg,"Apr 26, 2026, 6:47 PM","Apr 26, 2026, 7:54 PM",,Seated Leg Curl (Machine),0.0,,0,normal,80.0,12.0,,,
Leg,"Apr 26, 2026, 6:47 PM","Apr 26, 2026, 7:54 PM",,Seated Leg Curl (Machine),0.0,,1,normal,8.5,12.0,,,
Leg,"Apr 26, 2026, 6:47 PM","Apr 26, 2026, 7:54 PM",,Seated Leg Curl (Machine),0.0,,2,normal,90.0,12.0,,,
Leg,"Apr 26, 2026, 6:47 PM","Apr 26, 2026, 7:54 PM",,Seated Calf Raise,,,0,normal,90.0,15.0,,,
Leg,"Apr 26, 2026, 6:47 PM","Apr 26, 2026, 7:54 PM",,Seated Calf Raise,,,1,normal,90.0,15.0,,,
Leg,"Apr 26, 2026, 6:47 PM","Apr 26, 2026, 7:54 PM",,Seated Calf Raise,,,2,normal,90.0,15.0,,,
Leg,"Apr 26, 2026, 6:47 PM","Apr 26, 2026, 7:54 PM",,Stair Machine (Steps),,,0,normal,,,,600.0,
Shoulder and abd,"Apr 24, 2026, 7:38 PM","Apr 24, 2026, 8:30 PM",,Treadmill,,,0,normal,,,,600.0,
Shoulder and abd,"Apr 24, 2026, 7:38 PM","Apr 24, 2026, 8:30 PM",,Back Extension (Weighted Hyperextension),,,0,normal,20.0,10.0,,,
Shoulder and abd,"Apr 24, 2026, 7:38 PM","Apr 24, 2026, 8:30 PM",,Overhead Press (Barbell),,,0,normal,25.0,10.0,,,
Shoulder and abd,"Apr 24, 2026, 7:38 PM","Apr 24, 2026, 8:30 PM",,Overhead Press (Barbell),,,1,normal,35.0,8.0,,,
Shoulder and abd,"Apr 24, 2026, 7:38 PM","Apr 24, 2026, 8:30 PM",,Overhead Press (Barbell),,,2,normal,,10.0,,,
Shoulder and abd,"Apr 24, 2026, 7:38 PM","Apr 24, 2026, 8:30 PM",,Single Arm Landmine Press (Barbell),0.0,,0,normal,10.0,10.0,,,
Shoulder and abd,"Apr 24, 2026, 7:38 PM","Apr 24, 2026, 8:30 PM",,Single Arm Landmine Press (Barbell),0.0,,1,normal,25.0,10.0,,,
Shoulder and abd,"Apr 24, 2026, 7:38 PM","Apr 24, 2026, 8:30 PM",,Single Arm Landmine Press (Barbell),0.0,,2,normal,45.0,10.0,,,
Shoulder and abd,"Apr 24, 2026, 7:38 PM","Apr 24, 2026, 8:30 PM",,Crunch,0.0,,0,normal,,15.0,,,
Shoulder and abd,"Apr 24, 2026, 7:38 PM","Apr 24, 2026, 8:30 PM",,Crunch,0.0,,1,normal,,15.0,,,
Shoulder and abd,"Apr 24, 2026, 7:38 PM","Apr 24, 2026, 8:30 PM",,Crunch,0.0,,2,normal,,15.0,,,
Shoulder and abd,"Apr 24, 2026, 7:38 PM","Apr 24, 2026, 8:30 PM",,Rear Delt Reverse Fly (Cable),2.0,,0,normal,10.0,10.0,,,
Shoulder and abd,"Apr 24, 2026, 7:38 PM","Apr 24, 2026, 8:30 PM",,Rear Delt Reverse Fly (Cable),2.0,,1,normal,15.0,10.0,,,
Shoulder and abd,"Apr 24, 2026, 7:38 PM","Apr 24, 2026, 8:30 PM",,Rear Delt Reverse Fly (Cable),2.0,,2,normal,15.0,10.0,,,
Shoulder and abd,"Apr 24, 2026, 7:38 PM","Apr 24, 2026, 8:30 PM",,Side Bend,2.0,,0,normal,,10.0,,,
Shoulder and abd,"Apr 24, 2026, 7:38 PM","Apr 24, 2026, 8:30 PM",,Side Bend,2.0,,1,normal,,15.0,,,
Shoulder and abd,"Apr 24, 2026, 7:38 PM","Apr 24, 2026, 8:30 PM",,Side Bend,2.0,,2,normal,,15.0,,,
Shoulder and abd,"Apr 24, 2026, 7:38 PM","Apr 24, 2026, 8:30 PM",,Plank,,,0,normal,,,,60.0,
Shoulder and abd,"Apr 24, 2026, 7:38 PM","Apr 24, 2026, 8:30 PM",,Plank,,,1,normal,,,,60.0,
Back and bicep,"Apr 23, 2026, 8:29 PM","Apr 23, 2026, 9:32 PM",,Lat Pulldown (Cable),,,0,normal,145.0,10.0,,,
Back and bicep,"Apr 23, 2026, 8:29 PM","Apr 23, 2026, 9:32 PM",,Lat Pulldown (Cable),,,1,normal,160.0,8.0,,,
Back and bicep,"Apr 23, 2026, 8:29 PM","Apr 23, 2026, 9:32 PM",,Lat Pulldown (Cable),,,2,normal,175.0,6.0,,,
Back and bicep,"Apr 23, 2026, 8:29 PM","Apr 23, 2026, 9:32 PM",,Bent Over Row (Barbell),,,0,normal,50.0,8.0,,,
Back and bicep,"Apr 23, 2026, 8:29 PM","Apr 23, 2026, 9:32 PM",,Bent Over Row (Barbell),,,1,normal,90.0,8.0,,,
Back and bicep,"Apr 23, 2026, 8:29 PM","Apr 23, 2026, 9:32 PM",,Bent Over Row (Barbell),,,2,normal,110.0,8.0,,,
Back and bicep,"Apr 23, 2026, 8:29 PM","Apr 23, 2026, 9:32 PM",,Reverse Grip Lat Pulldown (Cable),,,0,normal,115.0,10.0,,,
Back and bicep,"Apr 23, 2026, 8:29 PM","Apr 23, 2026, 9:32 PM",,Reverse Grip Lat Pulldown (Cable),,,1,normal,145.0,10.0,,,
Back and bicep,"Apr 23, 2026, 8:29 PM","Apr 23, 2026, 9:32 PM",,Reverse Grip Lat Pulldown (Cable),,,2,normal,190.0,8.0,,,
Back and bicep,"Apr 23, 2026, 8:29 PM","Apr 23, 2026, 9:32 PM",,Bicep Curl (Cable),0.0,,0,normal,45.0,10.0,,,
Back and bicep,"Apr 23, 2026, 8:29 PM","Apr 23, 2026, 9:32 PM",,Bicep Curl (Cable),0.0,,1,normal,50.0,10.0,,,
Back and bicep,"Apr 23, 2026, 8:29 PM","Apr 23, 2026, 9:32 PM",,Bicep Curl (Cable),0.0,,2,normal,52.5,8.0,,,
Back and bicep,"Apr 23, 2026, 8:29 PM","Apr 23, 2026, 9:32 PM",,Bicep Curl (Dumbbell),0.0,,0,normal,20.0,12.0,,,
Back and bicep,"Apr 23, 2026, 8:29 PM","Apr 23, 2026, 9:32 PM",,Bicep Curl (Dumbbell),0.0,,1,normal,25.0,10.0,,,
Back and bicep,"Apr 23, 2026, 8:29 PM","Apr 23, 2026, 9:32 PM",,Bicep Curl (Dumbbell),0.0,,2,normal,25.0,10.0,,,
Back and bicep,"Apr 23, 2026, 8:29 PM","Apr 23, 2026, 9:32 PM",,Dumbbell Row,,,0,normal,65.0,10.0,,,
Back and bicep,"Apr 23, 2026, 8:29 PM","Apr 23, 2026, 9:32 PM",,Dumbbell Row,,,1,normal,70.0,8.0,,,
Back and bicep,"Apr 23, 2026, 8:29 PM","Apr 23, 2026, 9:32 PM",,Dumbbell Row,,,2,normal,70.0,7.0,,,
Back and bicep,"Apr 23, 2026, 8:29 PM","Apr 23, 2026, 9:32 PM",,Seated Cable Row - V Grip (Cable),,,0,normal,70.0,10.0,,,
Back and bicep,"Apr 23, 2026, 8:29 PM","Apr 23, 2026, 9:32 PM",,Preacher Curl (Dumbbell),,,0,normal,25.0,10.0,,,
Back and bicep,"Apr 23, 2026, 8:29 PM","Apr 23, 2026, 9:32 PM",,Treadmill,,,0,normal,,,,601.0,
Chest and tricep,"Apr 22, 2026, 4:52 PM","Apr 22, 2026, 6:21 PM",,Bench Press (Dumbbell),,,0,normal,50.0,10.0,,,
Chest and tricep,"Apr 22, 2026, 4:52 PM","Apr 22, 2026, 6:21 PM",,Bench Press (Dumbbell),,,1,normal,55.0,9.0,,,
Chest and tricep,"Apr 22, 2026, 4:52 PM","Apr 22, 2026, 6:21 PM",,Bench Press (Dumbbell),,,2,normal,60.0,8.0,,,
Chest and tricep,"Apr 22, 2026, 4:52 PM","Apr 22, 2026, 6:21 PM",,Incline Bench Press (Barbell),,,0,normal,45.0,8.0,,,
Chest and tricep,"Apr 22, 2026, 4:52 PM","Apr 22, 2026, 6:21 PM",,Incline Bench Press (Barbell),,,1,normal,45.0,6.0,,,
Chest and tricep,"Apr 22, 2026, 4:52 PM","Apr 22, 2026, 6:21 PM",,Incline Bench Press (Barbell),,,2,normal,55.0,6.0,,,
Chest and tricep,"Apr 22, 2026, 4:52 PM","Apr 22, 2026, 6:21 PM",,Iso-Lateral Chest Press (Machine),,,0,normal,25.0,10.0,,,
Chest and tricep,"Apr 22, 2026, 4:52 PM","Apr 22, 2026, 6:21 PM",,Iso-Lateral Chest Press (Machine),,,1,normal,45.0,8.0,,,
Chest and tricep,"Apr 22, 2026, 4:52 PM","Apr 22, 2026, 6:21 PM",,Iso-Lateral Chest Press (Machine),,,2,normal,55.0,8.0,,,
Chest and tricep,"Apr 22, 2026, 4:52 PM","Apr 22, 2026, 6:21 PM",,Chest Fly (Machine),,,0,normal,140.0,10.0,,,
Chest and tricep,"Apr 22, 2026, 4:52 PM","Apr 22, 2026, 6:21 PM",,Chest Fly (Machine),,,1,normal,160.0,9.0,,,
Chest and tricep,"Apr 22, 2026, 4:52 PM","Apr 22, 2026, 6:21 PM",,Chest Fly (Machine),,,2,normal,180.0,8.0,,,
Chest and tricep,"Apr 22, 2026, 4:52 PM","Apr 22, 2026, 6:21 PM",,Cable Fly Crossovers,,,0,normal,27.5,11.0,,,
Chest and tricep,"Apr 22, 2026, 4:52 PM","Apr 22, 2026, 6:21 PM",,Cable Fly Crossovers,,,1,normal,30.0,10.0,,,
Chest and tricep,"Apr 22, 2026, 4:52 PM","Apr 22, 2026, 6:21 PM",,Cable Fly Crossovers,,,2,normal,35.0,10.0,,,
Chest and tricep,"Apr 22, 2026, 4:52 PM","Apr 22, 2026, 6:21 PM",,Chest Dip,,,0,normal,,10.0,,,
Chest and tricep,"Apr 22, 2026, 4:52 PM","Apr 22, 2026, 6:21 PM",,Chest Dip,,,1,normal,,8.0,,,
Chest and tricep,"Apr 22, 2026, 4:52 PM","Apr 22, 2026, 6:21 PM",,Chest Dip,,,2,normal,,5.0,,,
Chest and tricep,"Apr 22, 2026, 4:52 PM","Apr 22, 2026, 6:21 PM",,Overhead Triceps Extension (Cable),,,0,normal,32.5,12.0,,,
Chest and tricep,"Apr 22, 2026, 4:52 PM","Apr 22, 2026, 6:21 PM",,Overhead Triceps Extension (Cable),,,1,normal,37.5,10.0,,,
Chest and tricep,"Apr 22, 2026, 4:52 PM","Apr 22, 2026, 6:21 PM",,Overhead Triceps Extension (Cable),,,2,normal,42.5,8.0,,,
Chest and tricep,"Apr 22, 2026, 4:52 PM","Apr 22, 2026, 6:21 PM",,Triceps Pressdown,,,0,normal,30.0,15.0,,,
Chest and tricep,"Apr 22, 2026, 4:52 PM","Apr 22, 2026, 6:21 PM",,Triceps Pressdown,,,1,normal,45.0,10.0,,,
Chest and tricep,"Apr 22, 2026, 4:52 PM","Apr 22, 2026, 6:21 PM",,Triceps Pressdown,,,2,normal,50.0,10.0,,,
Chest and tricep,"Apr 22, 2026, 4:52 PM","Apr 22, 2026, 6:21 PM",,Treadmill,,,0,normal,,,,1200.0,
Leg,"Apr 20, 2026, 7:19 PM","Apr 20, 2026, 8:11 PM",,Back Extension (Weighted Hyperextension),,,0,normal,,10.0,,,
Leg,"Apr 20, 2026, 7:19 PM","Apr 20, 2026, 8:11 PM",,Full Squat,,,0,normal,45.0,10.0,,,
Leg,"Apr 20, 2026, 7:19 PM","Apr 20, 2026, 8:11 PM",,Full Squat,,,1,normal,70.0,8.0,,,
Leg,"Apr 20, 2026, 7:19 PM","Apr 20, 2026, 8:11 PM",,Full Squat,,,2,normal,70.0,7.0,,,
Leg,"Apr 20, 2026, 7:19 PM","Apr 20, 2026, 8:11 PM",,Full Squat,,,3,normal,70.0,7.0,,,
Leg,"Apr 20, 2026, 7:19 PM","Apr 20, 2026, 8:11 PM",,Full Squat,,,4,normal,70.0,7.0,,,
Leg,"Apr 20, 2026, 7:19 PM","Apr 20, 2026, 8:11 PM",,Hip Thrust (Smith Machine),,,0,normal,25.0,11.0,,,
Leg,"Apr 20, 2026, 7:19 PM","Apr 20, 2026, 8:11 PM",,Hip Thrust (Smith Machine),,,1,normal,25.0,9.0,,,
Leg,"Apr 20, 2026, 7:19 PM","Apr 20, 2026, 8:11 PM",,Hip Thrust (Smith Machine),,,2,normal,25.0,10.0,,,
Leg,"Apr 20, 2026, 7:19 PM","Apr 20, 2026, 8:11 PM",,Hip Adduction (Machine),,,0,normal,95.0,15.0,,,
Leg,"Apr 20, 2026, 7:19 PM","Apr 20, 2026, 8:11 PM",,Hip Adduction (Machine),,,1,normal,110.0,10.0,,,
Leg,"Apr 20, 2026, 7:19 PM","Apr 20, 2026, 8:11 PM",,Hip Adduction (Machine),,,2,normal,80.0,15.0,,,
Leg,"Apr 20, 2026, 7:19 PM","Apr 20, 2026, 8:11 PM",,Leg Extension (Machine),0.0,,0,normal,120.0,10.0,,,
Leg,"Apr 20, 2026, 7:19 PM","Apr 20, 2026, 8:11 PM",,Leg Extension (Machine),0.0,,1,normal,130.0,10.0,,,
Leg,"Apr 20, 2026, 7:19 PM","Apr 20, 2026, 8:11 PM",,Leg Extension (Machine),0.0,,2,normal,130.0,10.0,,,
Leg,"Apr 20, 2026, 7:19 PM","Apr 20, 2026, 8:11 PM",,Seated Leg Curl (Machine),0.0,,0,normal,80.0,12.0,,,
Leg,"Apr 20, 2026, 7:19 PM","Apr 20, 2026, 8:11 PM",,Seated Leg Curl (Machine),0.0,,1,normal,8.5,12.0,,,
Leg,"Apr 20, 2026, 7:19 PM","Apr 20, 2026, 8:11 PM",,Seated Leg Curl (Machine),0.0,,2,normal,90.0,12.0,,,
Leg,"Apr 20, 2026, 7:19 PM","Apr 20, 2026, 8:11 PM",,Seated Calf Raise,,,0,normal,90.0,15.0,,,
Leg,"Apr 20, 2026, 7:19 PM","Apr 20, 2026, 8:11 PM",,Seated Calf Raise,,,1,normal,90.0,15.0,,,
Leg,"Apr 20, 2026, 7:19 PM","Apr 20, 2026, 8:11 PM",,Seated Calf Raise,,,2,normal,90.0,15.0,,,
Arm 03/26,"Apr 19, 2026, 7:01 PM","Apr 19, 2026, 7:26 PM",,Treadmill,,,0,normal,,,,600.0,
Arm 03/26,"Apr 19, 2026, 7:01 PM","Apr 19, 2026, 7:26 PM",,Reverse Curl (Cable),,,0,normal,20.0,12.0,,,
Arm 03/26,"Apr 19, 2026, 7:01 PM","Apr 19, 2026, 7:26 PM",,Reverse Curl (Cable),,,1,normal,30.0,12.0,,,
Arm 03/26,"Apr 19, 2026, 7:01 PM","Apr 19, 2026, 7:26 PM",,Reverse Curl (Cable),,,2,normal,40.0,8.0,,,
Arm 03/26,"Apr 19, 2026, 7:01 PM","Apr 19, 2026, 7:26 PM",,Triceps Pushdown,,,0,normal,55.0,12.0,,,
Arm 03/26,"Apr 19, 2026, 7:01 PM","Apr 19, 2026, 7:26 PM",,Triceps Pushdown,,,1,normal,60.0,10.0,,,
Arm 03/26,"Apr 19, 2026, 7:01 PM","Apr 19, 2026, 7:26 PM",,Triceps Pushdown,,,2,normal,75.0,8.0,,,
Arm 03/26,"Apr 19, 2026, 7:01 PM","Apr 19, 2026, 7:26 PM",,Behind the Back Curl (Cable),,,0,normal,10.0,10.0,,,
Arm 03/26,"Apr 19, 2026, 7:01 PM","Apr 19, 2026, 7:26 PM",,Behind the Back Curl (Cable),,,1,normal,15.0,10.0,,,
Arm 03/26,"Apr 19, 2026, 7:01 PM","Apr 19, 2026, 7:26 PM",,Behind the Back Curl (Cable),,,2,normal,20.0,10.0,,,
Arm 03/26,"Apr 19, 2026, 7:01 PM","Apr 19, 2026, 7:26 PM",,Triceps Pressdown,,,0,normal,30.0,15.0,,,
Arm 03/26,"Apr 19, 2026, 7:01 PM","Apr 19, 2026, 7:26 PM",,Triceps Pressdown,,,1,normal,45.0,10.0,,,
Arm 03/26,"Apr 19, 2026, 7:01 PM","Apr 19, 2026, 7:26 PM",,Triceps Pressdown,,,2,normal,50.0,10.0,,,
Arm 03/26,"Apr 19, 2026, 7:01 PM","Apr 19, 2026, 7:26 PM",,Bicep Curl (Dumbbell),,,0,normal,30.0,12.0,,,
Arm 03/26,"Apr 19, 2026, 7:01 PM","Apr 19, 2026, 7:26 PM",,Bicep Curl (Dumbbell),,,1,normal,35.0,10.0,,,
Arm 03/26,"Apr 19, 2026, 7:01 PM","Apr 19, 2026, 7:26 PM",,Bicep Curl (Dumbbell),,,2,normal,40.0,10.0,,,
Arm 03/26,"Apr 19, 2026, 7:01 PM","Apr 19, 2026, 7:26 PM",,Seated Dip Machine,,,0,normal,20.0,10.0,,,
Arm 03/26,"Apr 19, 2026, 7:01 PM","Apr 19, 2026, 7:26 PM",,Seated Dip Machine,,,1,normal,20.0,10.0,,,
Arm 03/26,"Apr 19, 2026, 7:01 PM","Apr 19, 2026, 7:26 PM",,Seated Dip Machine,,,2,normal,20.0,10.0,,,
Arm 03/26,"Apr 19, 2026, 7:01 PM","Apr 19, 2026, 7:26 PM",,Triceps Extension (Cable),,,0,normal,10.0,15.0,,,
Arm 03/26,"Apr 19, 2026, 7:01 PM","Apr 19, 2026, 7:26 PM",,Triceps Extension (Cable),,,1,normal,15.0,10.0,,,
Arm 03/26,"Apr 19, 2026, 7:01 PM","Apr 19, 2026, 7:26 PM",,Triceps Extension (Cable),,,2,normal,30.0,10.0,,,
Arm 03/26,"Apr 19, 2026, 7:01 PM","Apr 19, 2026, 7:26 PM",,Seated Wrist Extension (Barbell),,,0,normal,15.0,12.0,,,
Arm 03/26,"Apr 19, 2026, 7:01 PM","Apr 19, 2026, 7:26 PM",,Seated Wrist Extension (Barbell),,,1,normal,15.0,10.0,,,
Arm 03/26,"Apr 19, 2026, 7:01 PM","Apr 19, 2026, 7:26 PM",,Seated Wrist Extension (Barbell),,,2,normal,15.0,10.0,,,
Arm 03/26,"Apr 19, 2026, 7:01 PM","Apr 19, 2026, 7:26 PM",,Treadmill,,,0,normal,,,,600.0,
Shoulder and abd,"Apr 18, 2026, 7:03 PM","Apr 18, 2026, 7:28 PM",,Air Bike,,,0,normal,,,,600.0,
Shoulder and abd,"Apr 18, 2026, 7:03 PM","Apr 18, 2026, 7:28 PM",,Seated Shoulder Press (Machine),,,0,normal,25.0,12.0,,,
Shoulder and abd,"Apr 18, 2026, 7:03 PM","Apr 18, 2026, 7:28 PM",,Seated Shoulder Press (Machine),,,1,normal,45.0,10.0,,,
Shoulder and abd,"Apr 18, 2026, 7:03 PM","Apr 18, 2026, 7:28 PM",,Seated Shoulder Press (Machine),,,2,normal,45.0,11.0,,,
Shoulder and abd,"Apr 18, 2026, 7:03 PM","Apr 18, 2026, 7:28 PM",,Single Arm Lateral Raise (Cable),,,0,normal,15.0,10.0,,,
Shoulder and abd,"Apr 18, 2026, 7:03 PM","Apr 18, 2026, 7:28 PM",,Single Arm Lateral Raise (Cable),,,1,normal,15.0,10.0,,,
Shoulder and abd,"Apr 18, 2026, 7:03 PM","Apr 18, 2026, 7:28 PM",,Single Arm Lateral Raise (Cable),,,2,normal,15.0,8.0,,,
Shoulder and abd,"Apr 18, 2026, 7:03 PM","Apr 18, 2026, 7:28 PM",,Front Raise (Cable),,,0,normal,20.0,11.0,,,
Shoulder and abd,"Apr 18, 2026, 7:03 PM","Apr 18, 2026, 7:28 PM",,Front Raise (Cable),,,1,normal,25.0,10.0,,,
Shoulder and abd,"Apr 18, 2026, 7:03 PM","Apr 18, 2026, 7:28 PM",,Front Raise (Cable),,,2,normal,30.0,5.0,,,
Shoulder and abd,"Apr 18, 2026, 7:03 PM","Apr 18, 2026, 7:28 PM",,Rear Delt Reverse Fly (Machine),,,0,normal,120.0,10.0,,,
Shoulder and abd,"Apr 18, 2026, 7:03 PM","Apr 18, 2026, 7:28 PM",,Rear Delt Reverse Fly (Machine),,,1,normal,140.0,8.0,,,
Shoulder and abd,"Apr 18, 2026, 7:03 PM","Apr 18, 2026, 7:28 PM",,Rear Delt Reverse Fly (Machine),,,2,normal,140.0,6.0,,,
Shoulder and abd,"Apr 18, 2026, 7:03 PM","Apr 18, 2026, 7:28 PM",,Shrug (Dumbbell),,,0,normal,65.0,10.0,,,
Shoulder and abd,"Apr 18, 2026, 7:03 PM","Apr 18, 2026, 7:28 PM",,Shrug (Dumbbell),,,1,normal,70.0,10.0,,,
Shoulder and abd,"Apr 18, 2026, 7:03 PM","Apr 18, 2026, 7:28 PM",,Shrug (Dumbbell),,,2,normal,75.0,10.0,,,
Shoulder and abd,"Apr 18, 2026, 7:03 PM","Apr 18, 2026, 7:28 PM",,Crunch,,,0,normal,,15.0,,,
Shoulder and abd,"Apr 18, 2026, 7:03 PM","Apr 18, 2026, 7:28 PM",,Crunch,,,1,normal,,15.0,,,
Shoulder and abd,"Apr 18, 2026, 7:03 PM","Apr 18, 2026, 7:28 PM",,Crunch,,,2,normal,,15.0,,,
Shoulder and abd,"Apr 18, 2026, 7:03 PM","Apr 18, 2026, 7:28 PM",,Crunch,,,3,normal,,13.0,,,
Chest and back,"Apr 17, 2026, 8:02 PM","Apr 17, 2026, 8:24 PM",,Treadmill,,,0,normal,,,,600.0,
Chest and back,"Apr 17, 2026, 8:02 PM","Apr 17, 2026, 8:24 PM",,Bench Press (Barbell),,,0,normal,50.0,12.0,,,
Chest and back,"Apr 17, 2026, 8:02 PM","Apr 17, 2026, 8:24 PM",,Bench Press (Barbell),,,1,normal,90.0,8.0,,,
Chest and back,"Apr 17, 2026, 8:02 PM","Apr 17, 2026, 8:24 PM",,Bench Press (Barbell),,,2,normal,110.0,8.0,,,
Chest and back,"Apr 17, 2026, 8:02 PM","Apr 17, 2026, 8:24 PM",,Bench Press (Barbell),,,3,normal,120.0,6.0,,,
Chest and back,"Apr 17, 2026, 8:02 PM","Apr 17, 2026, 8:24 PM",,Bench Press (Barbell),,,4,normal,130.0,4.0,,,
Chest and back,"Apr 17, 2026, 8:02 PM","Apr 17, 2026, 8:24 PM",,Lat Pulldown (Machine),,,0,normal,70.0,10.0,,,
Chest and back,"Apr 17, 2026, 8:02 PM","Apr 17, 2026, 8:24 PM",,Lat Pulldown (Machine),,,1,normal,90.0,10.0,,,
Chest and back,"Apr 17, 2026, 8:02 PM","Apr 17, 2026, 8:24 PM",,Lat Pulldown (Machine),,,2,normal,115.0,10.0,,,
Arm Blaster,"Apr 14, 2026, 7:55 PM","Apr 14, 2026, 8:22 PM",,Warm Up,,,0,normal,,,,300.0,
Arm Blaster,"Apr 14, 2026, 7:55 PM","Apr 14, 2026, 8:22 PM",,Concentration Curl,,,0,normal,20.0,10.0,,,
Arm Blaster,"Apr 14, 2026, 7:55 PM","Apr 14, 2026, 8:22 PM",,Concentration Curl,,,1,normal,25.0,10.0,,,
Arm Blaster,"Apr 14, 2026, 7:55 PM","Apr 14, 2026, 8:22 PM",,Concentration Curl,,,2,normal,30.0,10.0,,,
Arm Blaster,"Apr 14, 2026, 7:55 PM","Apr 14, 2026, 8:22 PM",,EZ Bar Biceps Curl,0.0,,0,normal,50.0,8.0,,,
Arm Blaster,"Apr 14, 2026, 7:55 PM","Apr 14, 2026, 8:22 PM",,EZ Bar Biceps Curl,0.0,,1,normal,60.0,8.0,,,
Arm Blaster,"Apr 14, 2026, 7:55 PM","Apr 14, 2026, 8:22 PM",,EZ Bar Biceps Curl,0.0,,2,normal,60.0,10.0,,,
Arm Blaster,"Apr 14, 2026, 7:55 PM","Apr 14, 2026, 8:22 PM",,Skullcrusher (Barbell),0.0,,0,normal,50.0,8.0,,,
Arm Blaster,"Apr 14, 2026, 7:55 PM","Apr 14, 2026, 8:22 PM",,Skullcrusher (Barbell),0.0,,1,normal,60.0,8.0,,,
Arm Blaster,"Apr 14, 2026, 7:55 PM","Apr 14, 2026, 8:22 PM",,Skullcrusher (Barbell),0.0,,2,normal,60.0,10.0,,,
Arm Blaster,"Apr 14, 2026, 7:55 PM","Apr 14, 2026, 8:22 PM",,Seated Incline Curl (Dumbbell),1.0,,0,normal,15.0,10.0,,,
Arm Blaster,"Apr 14, 2026, 7:55 PM","Apr 14, 2026, 8:22 PM",,Seated Incline Curl (Dumbbell),1.0,,1,normal,25.0,10.0,,,
Arm Blaster,"Apr 14, 2026, 7:55 PM","Apr 14, 2026, 8:22 PM",,Triceps Extension (Dumbbell),1.0,,0,normal,35.0,12.0,,,
Arm Blaster,"Apr 14, 2026, 7:55 PM","Apr 14, 2026, 8:22 PM",,Triceps Extension (Dumbbell),1.0,,1,normal,45.0,12.0,,,
Arm Blaster,"Apr 14, 2026, 7:55 PM","Apr 14, 2026, 8:22 PM",,Hammer Curl (Dumbbell),2.0,,0,normal,15.0,10.0,,,
Arm Blaster,"Apr 14, 2026, 7:55 PM","Apr 14, 2026, 8:22 PM",,Hammer Curl (Dumbbell),2.0,,1,normal,25.0,10.0,,,
Arm Blaster,"Apr 14, 2026, 7:55 PM","Apr 14, 2026, 8:22 PM",,Triceps Kickback (Dumbbell),2.0,,0,normal,15.0,10.0,,,
Arm Blaster,"Apr 14, 2026, 7:55 PM","Apr 14, 2026, 8:22 PM",,Triceps Kickback (Dumbbell),2.0,,1,normal,25.0,10.0,,,
Shoulder and abd,"Apr 13, 2026, 7:53 PM","Apr 13, 2026, 9:08 PM",,Seated Shoulder Press (Machine),,,0,normal,25.0,12.0,,,
Shoulder and abd,"Apr 13, 2026, 7:53 PM","Apr 13, 2026, 9:08 PM",,Seated Shoulder Press (Machine),,,1,normal,45.0,10.0,,,
Shoulder and abd,"Apr 13, 2026, 7:53 PM","Apr 13, 2026, 9:08 PM",,Seated Shoulder Press (Machine),,,2,normal,70.0,5.0,,,
Shoulder and abd,"Apr 13, 2026, 7:53 PM","Apr 13, 2026, 9:08 PM",,Single Arm Lateral Raise (Cable),,,0,normal,15.0,10.0,,,
Shoulder and abd,"Apr 13, 2026, 7:53 PM","Apr 13, 2026, 9:08 PM",,Single Arm Lateral Raise (Cable),,,1,normal,15.0,10.0,,,
Shoulder and abd,"Apr 13, 2026, 7:53 PM","Apr 13, 2026, 9:08 PM",,Single Arm Lateral Raise (Cable),,,2,normal,15.0,8.0,,,
Shoulder and abd,"Apr 13, 2026, 7:53 PM","Apr 13, 2026, 9:08 PM",,Front Raise (Cable),,,0,normal,20.0,11.0,,,
Shoulder and abd,"Apr 13, 2026, 7:53 PM","Apr 13, 2026, 9:08 PM",,Front Raise (Cable),,,1,normal,25.0,10.0,,,
Shoulder and abd,"Apr 13, 2026, 7:53 PM","Apr 13, 2026, 9:08 PM",,Front Raise (Cable),,,2,normal,30.0,5.0,,,
Shoulder and abd,"Apr 13, 2026, 7:53 PM","Apr 13, 2026, 9:08 PM",,Rear Delt Reverse Fly (Machine),,,0,normal,120.0,10.0,,,
Shoulder and abd,"Apr 13, 2026, 7:53 PM","Apr 13, 2026, 9:08 PM",,Rear Delt Reverse Fly (Machine),,,1,normal,140.0,8.0,,,
Shoulder and abd,"Apr 13, 2026, 7:53 PM","Apr 13, 2026, 9:08 PM",,Rear Delt Reverse Fly (Machine),,,2,normal,140.0,6.0,,,
Shoulder and abd,"Apr 13, 2026, 7:53 PM","Apr 13, 2026, 9:08 PM",,Shrug (Dumbbell),,,0,normal,65.0,10.0,,,
Shoulder and abd,"Apr 13, 2026, 7:53 PM","Apr 13, 2026, 9:08 PM",,Shrug (Dumbbell),,,1,normal,70.0,10.0,,,
Shoulder and abd,"Apr 13, 2026, 7:53 PM","Apr 13, 2026, 9:08 PM",,Shrug (Dumbbell),,,2,normal,75.0,10.0,,,
Shoulder and abd,"Apr 13, 2026, 7:53 PM","Apr 13, 2026, 9:08 PM",,Crunch,,,0,normal,,15.0,,,
Shoulder and abd,"Apr 13, 2026, 7:53 PM","Apr 13, 2026, 9:08 PM",,Crunch,,,1,normal,,15.0,,,
Shoulder and abd,"Apr 13, 2026, 7:53 PM","Apr 13, 2026, 9:08 PM",,Crunch,,,2,normal,,15.0,,,
Shoulder and abd,"Apr 13, 2026, 7:53 PM","Apr 13, 2026, 9:08 PM",,Crunch,,,3,normal,,13.0,,,
Shoulder and abd,"Apr 13, 2026, 7:53 PM","Apr 13, 2026, 9:08 PM",,Side Bend,,,0,normal,,10.0,,,
Shoulder and abd,"Apr 13, 2026, 7:53 PM","Apr 13, 2026, 9:08 PM",,Side Bend,,,1,normal,,15.0,,,
Shoulder and abd,"Apr 13, 2026, 7:53 PM","Apr 13, 2026, 9:08 PM",,Side Bend,,,2,normal,,15.0,,,
Shoulder and abd,"Apr 13, 2026, 7:53 PM","Apr 13, 2026, 9:08 PM",,Treadmill,,,0,normal,,,,600.0,
Chest and back,"Apr 12, 2026, 6:49 PM","Apr 12, 2026, 7:21 PM",,Treadmill,,,0,normal,,,,600.0,
Chest and back,"Apr 12, 2026, 6:49 PM","Apr 12, 2026, 7:21 PM",,Bench Press (Dumbbell),,,0,normal,50.0,10.0,,,
Chest and back,"Apr 12, 2026, 6:49 PM","Apr 12, 2026, 7:21 PM",,Bench Press (Dumbbell),,,1,normal,55.0,9.0,,,
Chest and back,"Apr 12, 2026, 6:49 PM","Apr 12, 2026, 7:21 PM",,Bench Press (Dumbbell),,,2,normal,60.0,8.0,,,
Chest and back,"Apr 12, 2026, 6:49 PM","Apr 12, 2026, 7:21 PM",,Bench Press (Dumbbell),,,3,normal,65.0,8.0,,,
Chest and back,"Apr 12, 2026, 6:49 PM","Apr 12, 2026, 7:21 PM",,Bench Press (Dumbbell),,,4,normal,75.0,6.0,,,
Chest and back,"Apr 12, 2026, 6:49 PM","Apr 12, 2026, 7:21 PM",,Lat Pulldown (Cable),,,0,normal,145.0,10.0,,,
Chest and back,"Apr 12, 2026, 6:49 PM","Apr 12, 2026, 7:21 PM",,Lat Pulldown (Cable),,,1,normal,165.0,7.0,,,
Chest and back,"Apr 12, 2026, 6:49 PM","Apr 12, 2026, 7:21 PM",,Lat Pulldown (Cable),,,2,normal,175.0,6.0,,,
Chest and back,"Apr 12, 2026, 6:49 PM","Apr 12, 2026, 7:21 PM",,Single Arm Cable Row,,,0,normal,10.0,10.0,,,
Chest and back,"Apr 12, 2026, 6:49 PM","Apr 12, 2026, 7:21 PM",,Single Arm Cable Row,,,1,normal,25.0,10.0,,,
Chest and back,"Apr 12, 2026, 6:49 PM","Apr 12, 2026, 7:21 PM",,Single Arm Cable Row,,,2,normal,25.0,8.0,,,
Chest and back,"Apr 12, 2026, 6:49 PM","Apr 12, 2026, 7:21 PM",,Chest Fly (Machine),,,0,normal,140.0,10.0,,,
Chest and back,"Apr 12, 2026, 6:49 PM","Apr 12, 2026, 7:21 PM",,Chest Fly (Machine),,,1,normal,160.0,9.0,,,
Chest and back,"Apr 12, 2026, 6:49 PM","Apr 12, 2026, 7:21 PM",,Chest Fly (Machine),,,2,normal,180.0,8.0,,,
Chest and back,"Apr 12, 2026, 6:49 PM","Apr 12, 2026, 7:21 PM",,Push Up,,,0,normal,,20.0,,,
Chest and back,"Apr 12, 2026, 6:49 PM","Apr 12, 2026, 7:21 PM",,Push Up,,,1,normal,,15.0,,,
Chest and back,"Apr 12, 2026, 6:49 PM","Apr 12, 2026, 7:21 PM",,Push Up,,,2,normal,,7.0,,,
Chest and back,"Apr 12, 2026, 6:49 PM","Apr 12, 2026, 7:21 PM",,Seated Cable Row - V Grip (Cable),,,0,normal,70.0,10.0,,,
Chest and back,"Apr 12, 2026, 6:49 PM","Apr 12, 2026, 7:21 PM",,Seated Cable Row - V Grip (Cable),,,1,normal,85.0,8.0,,,
Chest and back,"Apr 12, 2026, 6:49 PM","Apr 12, 2026, 7:21 PM",,Seated Cable Row - V Grip (Cable),,,2,normal,100.0,8.0,,,
Chest and back,"Apr 12, 2026, 6:49 PM","Apr 12, 2026, 7:21 PM",,Treadmill,,,0,normal,,,,600.0,
Chest and back,"Apr 12, 2026, 6:49 PM","Apr 12, 2026, 7:21 PM",,Low Cable Fly Crossovers,,,0,normal,15.0,10.0,,,
Chest and back,"Apr 12, 2026, 6:49 PM","Apr 12, 2026, 7:21 PM",,Low Cable Fly Crossovers,,,1,normal,20.0,8.0,,,
Chest and back,"Apr 12, 2026, 6:49 PM","Apr 12, 2026, 7:21 PM",,Low Cable Fly Crossovers,,,2,normal,20.0,6.0,,,
Day 3 - Core + Posture Reset,"Apr 12, 2026, 6:39 PM","Apr 12, 2026, 6:49 PM",,Treadmill,,,0,normal,,,,600.0,
Day 3 - Core + Posture Reset,"Apr 12, 2026, 6:39 PM","Apr 12, 2026, 6:49 PM",,Back Extension (Machine),,,0,normal,90.0,15.0,,,
Day 3 - Core + Posture Reset,"Apr 12, 2026, 6:39 PM","Apr 12, 2026, 6:49 PM",,Back Extension (Machine),,,1,normal,100.0,15.0,,,
Day 3 - Core + Posture Reset,"Apr 12, 2026, 6:39 PM","Apr 12, 2026, 6:49 PM",,Back Extension (Machine),,,2,normal,110.0,10.0,,,
Elite S1 Sciatica Recovery 25-30,"Apr 11, 2026, 7:31 PM","Apr 11, 2026, 7:46 PM",,Treadmill,,,0,normal,,,,300.0,
Elite S1 Sciatica Recovery 25-30,"Apr 11, 2026, 7:31 PM","Apr 11, 2026, 7:46 PM",,Back Extension (Machine),,,0,normal,40.0,10.0,,,
Elite S1 Sciatica Recovery 25-30,"Apr 11, 2026, 7:31 PM","Apr 11, 2026, 7:46 PM",,Back Extension (Machine),,,1,normal,80.0,10.0,,,
Elite S1 Sciatica Recovery 25-30,"Apr 11, 2026, 7:31 PM","Apr 11, 2026, 7:46 PM",,Hip Thrust (Machine),,,0,normal,50.0,10.0,,,
Elite S1 Sciatica Recovery 25-30,"Apr 11, 2026, 7:31 PM","Apr 11, 2026, 7:46 PM",,Hip Thrust (Machine),,,1,normal,50.0,12.0,,,
Elite S1 Sciatica Recovery 25-30,"Apr 11, 2026, 7:31 PM","Apr 11, 2026, 7:46 PM",,Hip Thrust (Machine),,,2,normal,50.0,12.0,,,
Elite S1 Sciatica Recovery 25-30,"Apr 11, 2026, 7:31 PM","Apr 11, 2026, 7:46 PM",,Hip Abduction (Machine),,,0,normal,50.0,15.0,,,
Elite S1 Sciatica Recovery 25-30,"Apr 11, 2026, 7:31 PM","Apr 11, 2026, 7:46 PM",,Hip Abduction (Machine),,,1,normal,65.0,15.0,,,
Elite S1 Sciatica Recovery 25-30,"Apr 11, 2026, 7:31 PM","Apr 11, 2026, 7:46 PM",,Hip Abduction (Machine),,,2,normal,65.0,15.0,,,
Elite S1 Sciatica Recovery 25-30,"Apr 11, 2026, 7:31 PM","Apr 11, 2026, 7:46 PM",,Glute Bridge,,,0,normal,,15.0,,,
Elite S1 Sciatica Recovery 25-30,"Apr 11, 2026, 7:31 PM","Apr 11, 2026, 7:46 PM",,Glute Bridge,,,1,normal,,15.0,,,
Elite S1 Sciatica Recovery 25-30,"Apr 11, 2026, 7:31 PM","Apr 11, 2026, 7:46 PM",,Glute Bridge,,,2,normal,,15.0,,,
Elite S1 Sciatica Recovery 25-30,"Apr 11, 2026, 7:31 PM","Apr 11, 2026, 7:46 PM",,Standing Calf Raise,,,0,normal,,15.0,,,
Elite S1 Sciatica Recovery 25-30,"Apr 11, 2026, 7:31 PM","Apr 11, 2026, 7:46 PM",,Standing Calf Raise,,,1,normal,,15.0,,,
Elite S1 Sciatica Recovery 25-30,"Apr 11, 2026, 7:31 PM","Apr 11, 2026, 7:46 PM",,Standing Calf Raise,,,2,normal,,15.0,,,
Elite S1 Sciatica Recovery 25-30,"Apr 11, 2026, 7:31 PM","Apr 11, 2026, 7:46 PM",,Treadmill,,,0,normal,,,,300.0,
Arm 03/26,"Apr 9, 2026, 8:42 PM","Apr 9, 2026, 9:16 PM",,Treadmill,,,0,normal,,,,600.0,
Arm 03/26,"Apr 9, 2026, 8:42 PM","Apr 9, 2026, 9:16 PM",,Reverse Curl (Cable),,,0,normal,12.5,12.0,,,
Arm 03/26,"Apr 9, 2026, 8:42 PM","Apr 9, 2026, 9:16 PM",,Reverse Curl (Cable),,,1,normal,22.5,12.0,,,
Arm 03/26,"Apr 9, 2026, 8:42 PM","Apr 9, 2026, 9:16 PM",,Reverse Curl (Cable),,,2,normal,25.0,10.0,,,
Arm 03/26,"Apr 9, 2026, 8:42 PM","Apr 9, 2026, 9:16 PM",,Triceps Pushdown,,,0,normal,52.5,12.0,,,
Arm 03/26,"Apr 9, 2026, 8:42 PM","Apr 9, 2026, 9:16 PM",,Triceps Pushdown,,,1,normal,62.5,10.0,,,
Arm 03/26,"Apr 9, 2026, 8:42 PM","Apr 9, 2026, 9:16 PM",,Triceps Pushdown,,,2,normal,72.5,8.0,,,
Arm 03/26,"Apr 9, 2026, 8:42 PM","Apr 9, 2026, 9:16 PM",,Behind the Back Curl (Cable),,,0,normal,10.0,10.0,,,
Arm 03/26,"Apr 9, 2026, 8:42 PM","Apr 9, 2026, 9:16 PM",,Behind the Back Curl (Cable),,,1,normal,15.0,10.0,,,
Arm 03/26,"Apr 9, 2026, 8:42 PM","Apr 9, 2026, 9:16 PM",,Behind the Back Curl (Cable),,,2,normal,20.0,10.0,,,
Arm 03/26,"Apr 9, 2026, 8:42 PM","Apr 9, 2026, 9:16 PM",,Triceps Pressdown,,,0,normal,30.0,15.0,,,
Arm 03/26,"Apr 9, 2026, 8:42 PM","Apr 9, 2026, 9:16 PM",,Triceps Pressdown,,,1,normal,45.0,10.0,,,
Arm 03/26,"Apr 9, 2026, 8:42 PM","Apr 9, 2026, 9:16 PM",,Triceps Pressdown,,,2,normal,50.0,8.0,,,
Arm 03/26,"Apr 9, 2026, 8:42 PM","Apr 9, 2026, 9:16 PM",,Bicep Curl (Dumbbell),,,0,normal,25.0,12.0,,,
Arm 03/26,"Apr 9, 2026, 8:42 PM","Apr 9, 2026, 9:16 PM",,Bicep Curl (Dumbbell),,,1,normal,35.0,10.0,,,
Arm 03/26,"Apr 9, 2026, 8:42 PM","Apr 9, 2026, 9:16 PM",,Bicep Curl (Dumbbell),,,2,normal,40.0,10.0,,,
Arm 03/26,"Apr 9, 2026, 8:42 PM","Apr 9, 2026, 9:16 PM",,Seated Dip Machine,,,0,normal,20.0,10.0,,,
Arm 03/26,"Apr 9, 2026, 8:42 PM","Apr 9, 2026, 9:16 PM",,Seated Dip Machine,,,1,normal,20.0,10.0,,,
Arm 03/26,"Apr 9, 2026, 8:42 PM","Apr 9, 2026, 9:16 PM",,Seated Dip Machine,,,2,normal,20.0,10.0,,,
Arm 03/26,"Apr 9, 2026, 8:42 PM","Apr 9, 2026, 9:16 PM",,Triceps Extension (Cable),,,0,normal,10.0,15.0,,,
Arm 03/26,"Apr 9, 2026, 8:42 PM","Apr 9, 2026, 9:16 PM",,Triceps Extension (Cable),,,1,normal,15.0,10.0,,,
Arm 03/26,"Apr 9, 2026, 8:42 PM","Apr 9, 2026, 9:16 PM",,Triceps Extension (Cable),,,2,normal,30.0,10.0,,,
Arm 03/26,"Apr 9, 2026, 8:42 PM","Apr 9, 2026, 9:16 PM",,Seated Wrist Extension (Barbell),,,0,normal,15.0,12.0,,,
Arm 03/26,"Apr 9, 2026, 8:42 PM","Apr 9, 2026, 9:16 PM",,Seated Wrist Extension (Barbell),,,1,normal,15.0,10.0,,,
Arm 03/26,"Apr 9, 2026, 8:42 PM","Apr 9, 2026, 9:16 PM",,Seated Wrist Extension (Barbell),,,2,normal,15.0,10.0,,,
Arm 03/26,"Apr 9, 2026, 8:42 PM","Apr 9, 2026, 9:16 PM",,Treadmill,,,0,normal,,,,600.0,
20-30 Min Sciatica Relief + Hip/Low Back Strength,"Apr 9, 2026, 8:27 PM","Apr 9, 2026, 8:42 PM",,Treadmill,,,0,normal,,,,300.0,
20-30 Min Sciatica Relief + Hip/Low Back Strength,"Apr 9, 2026, 8:27 PM","Apr 9, 2026, 8:42 PM",,Treadmill,,,1,normal,,,,180.0,
20-30 Min Sciatica Relief + Hip/Low Back Strength,"Apr 9, 2026, 8:27 PM","Apr 9, 2026, 8:42 PM",,Glute Bridge,,,0,normal,,12.0,,,
20-30 Min Sciatica Relief + Hip/Low Back Strength,"Apr 9, 2026, 8:27 PM","Apr 9, 2026, 8:42 PM",,Glute Bridge,,,1,normal,,12.0,,,
20-30 Min Sciatica Relief + Hip/Low Back Strength,"Apr 9, 2026, 8:27 PM","Apr 9, 2026, 8:42 PM",,Glute Bridge,,,2,normal,,12.0,,,
20-30 Min Sciatica Relief + Hip/Low Back Strength,"Apr 9, 2026, 8:27 PM","Apr 9, 2026, 8:42 PM",,Hip Abduction (Machine),,,0,normal,50.0,15.0,,,
20-30 Min Sciatica Relief + Hip/Low Back Strength,"Apr 9, 2026, 8:27 PM","Apr 9, 2026, 8:42 PM",,Hip Abduction (Machine),,,1,normal,65.0,12.0,,,
20-30 Min Sciatica Relief + Hip/Low Back Strength,"Apr 9, 2026, 8:27 PM","Apr 9, 2026, 8:42 PM",,Hip Abduction (Machine),,,2,normal,65.0,12.0,,,
20-30 Min Sciatica Relief + Hip/Low Back Strength,"Apr 9, 2026, 8:27 PM","Apr 9, 2026, 8:42 PM",,Seated Leg Curl (Machine),,,0,normal,80.0,12.0,,,
20-30 Min Sciatica Relief + Hip/Low Back Strength,"Apr 9, 2026, 8:27 PM","Apr 9, 2026, 8:42 PM",,Seated Leg Curl (Machine),,,1,normal,8.5,12.0,,,
20-30 Min Sciatica Relief + Hip/Low Back Strength,"Apr 9, 2026, 8:27 PM","Apr 9, 2026, 8:42 PM",,Seated Leg Curl (Machine),,,2,normal,90.0,12.0,,,
20-30 Min Sciatica Relief + Hip/Low Back Strength,"Apr 9, 2026, 8:27 PM","Apr 9, 2026, 8:42 PM",,Back Extension (Machine),,,0,normal,40.0,12.0,,,
20-30 Min Sciatica Relief + Hip/Low Back Strength,"Apr 9, 2026, 8:27 PM","Apr 9, 2026, 8:42 PM",,Back Extension (Machine),,,1,normal,60.0,12.0,,,
20-30 Min Sciatica Relief + Hip/Low Back Strength,"Apr 9, 2026, 8:27 PM","Apr 9, 2026, 8:42 PM",,Back Extension (Machine),,,2,normal,80.0,12.0,,,
20-30 Min Sciatica Relief + Hip/Low Back Strength,"Apr 9, 2026, 8:27 PM","Apr 9, 2026, 8:42 PM",,Hip Thrust (Machine),,,0,normal,25.0,10.0,,,
20-30 Min Sciatica Relief + Hip/Low Back Strength,"Apr 9, 2026, 8:27 PM","Apr 9, 2026, 8:42 PM",,Hip Thrust (Machine),,,1,normal,35.0,10.0,,,
20-30 Min Sciatica Relief + Hip/Low Back Strength,"Apr 9, 2026, 8:27 PM","Apr 9, 2026, 8:42 PM",,Hip Thrust (Machine),,,2,normal,35.5,10.0,,,
Chest and back,"Apr 8, 2026, 7:59 PM","Apr 8, 2026, 8:35 PM",,Treadmill,,,0,normal,,,,600.0,
Chest and back,"Apr 8, 2026, 7:59 PM","Apr 8, 2026, 8:35 PM",,Bench Press (Barbell),,,0,normal,50.0,12.0,,,
Chest and back,"Apr 8, 2026, 7:59 PM","Apr 8, 2026, 8:35 PM",,Bench Press (Barbell),,,1,normal,90.0,8.0,,,
Chest and back,"Apr 8, 2026, 7:59 PM","Apr 8, 2026, 8:35 PM",,Bench Press (Barbell),,,2,normal,110.0,8.0,,,
Chest and back,"Apr 8, 2026, 7:59 PM","Apr 8, 2026, 8:35 PM",,Bench Press (Barbell),,,3,normal,130.0,4.0,,,
Chest and back,"Apr 8, 2026, 7:59 PM","Apr 8, 2026, 8:35 PM",,Bench Press (Barbell),,,4,normal,130.0,4.0,,,
Chest and back,"Apr 8, 2026, 7:59 PM","Apr 8, 2026, 8:35 PM",,Lat Pulldown (Cable),,,0,normal,130.0,10.0,,,
Chest and back,"Apr 8, 2026, 7:59 PM","Apr 8, 2026, 8:35 PM",,Lat Pulldown (Cable),,,1,normal,145.0,8.0,,,
Chest and back,"Apr 8, 2026, 7:59 PM","Apr 8, 2026, 8:35 PM",,Lat Pulldown (Cable),,,2,normal,160.0,8.0,,,
Chest and back,"Apr 8, 2026, 7:59 PM","Apr 8, 2026, 8:35 PM",,Dumbbell Row,,,0,normal,55.0,10.0,,,
Chest and back,"Apr 8, 2026, 7:59 PM","Apr 8, 2026, 8:35 PM",,Dumbbell Row,,,1,normal,65.0,8.0,,,
Chest and back,"Apr 8, 2026, 7:59 PM","Apr 8, 2026, 8:35 PM",,Dumbbell Row,,,2,normal,70.0,7.0,,,
Chest and back,"Apr 8, 2026, 7:59 PM","Apr 8, 2026, 8:35 PM",,Chest Fly (Machine),,,0,normal,140.0,10.0,,,
Chest and back,"Apr 8, 2026, 7:59 PM","Apr 8, 2026, 8:35 PM",,Chest Fly (Machine),,,1,normal,160.0,8.0,,,
Chest and back,"Apr 8, 2026, 7:59 PM","Apr 8, 2026, 8:35 PM",,Chest Fly (Machine),,,2,normal,160.0,6.0,,,
Chest and back,"Apr 8, 2026, 7:59 PM","Apr 8, 2026, 8:35 PM",,Push Up,,,0,normal,,20.0,,,
Chest and back,"Apr 8, 2026, 7:59 PM","Apr 8, 2026, 8:35 PM",,Push Up,,,1,normal,,15.0,,,
Chest and back,"Apr 8, 2026, 7:59 PM","Apr 8, 2026, 8:35 PM",,Push Up,,,2,normal,,7.0,,,
Chest and back,"Apr 8, 2026, 7:59 PM","Apr 8, 2026, 8:35 PM",,Seated Cable Row - V Grip (Cable),,,0,normal,70.0,10.0,,,
Chest and back,"Apr 8, 2026, 7:59 PM","Apr 8, 2026, 8:35 PM",,Seated Cable Row - V Grip (Cable),,,1,normal,85.0,8.0,,,
Chest and back,"Apr 8, 2026, 7:59 PM","Apr 8, 2026, 8:35 PM",,Seated Cable Row - V Grip (Cable),,,2,normal,100.0,10.0,,,
Chest and back,"Apr 8, 2026, 7:59 PM","Apr 8, 2026, 8:35 PM",,Treadmill,,,0,normal,,,,600.0,
Sciatica Relief Test Session (Planet Fitness),"Apr 7, 2026, 8:21 PM","Apr 7, 2026, 8:59 PM",,Treadmill,,,0,normal,,,,600.0,
Sciatica Relief Test Session (Planet Fitness),"Apr 7, 2026, 8:21 PM","Apr 7, 2026, 8:59 PM",,Back Extension (Machine),,,0,normal,40.0,12.0,,,
Sciatica Relief Test Session (Planet Fitness),"Apr 7, 2026, 8:21 PM","Apr 7, 2026, 8:59 PM",,Back Extension (Machine),,,1,normal,60.0,12.0,,,
Sciatica Relief Test Session (Planet Fitness),"Apr 7, 2026, 8:21 PM","Apr 7, 2026, 8:59 PM",,Back Extension (Machine),,,2,normal,80.0,12.0,,,
Sciatica Relief Test Session (Planet Fitness),"Apr 7, 2026, 8:21 PM","Apr 7, 2026, 8:59 PM",,Rear Kick (Machine),,,0,normal,40.0,12.0,,,
Sciatica Relief Test Session (Planet Fitness),"Apr 7, 2026, 8:21 PM","Apr 7, 2026, 8:59 PM",,Rear Kick (Machine),,,1,normal,50.0,12.0,,,
Sciatica Relief Test Session (Planet Fitness),"Apr 7, 2026, 8:21 PM","Apr 7, 2026, 8:59 PM",,Rear Kick (Machine),,,2,normal,60.0,12.0,,,
Sciatica Relief Test Session (Planet Fitness),"Apr 7, 2026, 8:21 PM","Apr 7, 2026, 8:59 PM",,Hip Abduction (Machine),,,0,normal,65.0,12.0,,,
Sciatica Relief Test Session (Planet Fitness),"Apr 7, 2026, 8:21 PM","Apr 7, 2026, 8:59 PM",,Hip Abduction (Machine),,,1,normal,80.0,10.0,,,
Sciatica Relief Test Session (Planet Fitness),"Apr 7, 2026, 8:21 PM","Apr 7, 2026, 8:59 PM",,Hip Abduction (Machine),,,2,normal,110.0,12.0,,,
Sciatica Relief Test Session (Planet Fitness),"Apr 7, 2026, 8:21 PM","Apr 7, 2026, 8:59 PM",,Seated Leg Curl (Machine),,,0,normal,80.0,10.0,,,
Sciatica Relief Test Session (Planet Fitness),"Apr 7, 2026, 8:21 PM","Apr 7, 2026, 8:59 PM",,Seated Leg Curl (Machine),,,1,normal,8.5,12.0,,,
Sciatica Relief Test Session (Planet Fitness),"Apr 7, 2026, 8:21 PM","Apr 7, 2026, 8:59 PM",,Seated Leg Curl (Machine),,,2,normal,90.0,12.0,,,
Sciatica Relief Test Session (Planet Fitness),"Apr 7, 2026, 8:21 PM","Apr 7, 2026, 8:59 PM",,Leg Extension (Machine),,,0,normal,120.0,10.0,,,
Sciatica Relief Test Session (Planet Fitness),"Apr 7, 2026, 8:21 PM","Apr 7, 2026, 8:59 PM",,Leg Extension (Machine),,,1,normal,130.0,10.0,,,
Sciatica Relief Test Session (Planet Fitness),"Apr 7, 2026, 8:21 PM","Apr 7, 2026, 8:59 PM",,Leg Extension (Machine),,,2,normal,130.0,10.0,,,
Sciatica Relief Test Session (Planet Fitness),"Apr 7, 2026, 8:21 PM","Apr 7, 2026, 8:59 PM",,Plank,,,0,normal,,,,30.0,
Sciatica Relief Test Session (Planet Fitness),"Apr 7, 2026, 8:21 PM","Apr 7, 2026, 8:59 PM",,Plank,,,1,normal,,,,30.0,
Sciatica Relief Test Session (Planet Fitness),"Apr 7, 2026, 8:21 PM","Apr 7, 2026, 8:59 PM",,Plank,,,2,normal,,,,30.0,
Shoulder and abd,"Apr 6, 2026, 7:23 PM","Apr 6, 2026, 8:09 PM",,Air Bike,,,0,normal,,,,660.0,
Shoulder and abd,"Apr 6, 2026, 7:23 PM","Apr 6, 2026, 8:09 PM",,Shoulder Press (Dumbbell),,,0,normal,55.0,10.0,,,
Shoulder and abd,"Apr 6, 2026, 7:23 PM","Apr 6, 2026, 8:09 PM",,Shoulder Press (Dumbbell),,,1,normal,60.0,8.0,,,
Shoulder and abd,"Apr 6, 2026, 7:23 PM","Apr 6, 2026, 8:09 PM",,Shoulder Press (Dumbbell),,,2,normal,65.0,6.0,,,
Shoulder and abd,"Apr 6, 2026, 7:23 PM","Apr 6, 2026, 8:09 PM",,Single Arm Lateral Raise (Cable),,,0,normal,5.0,15.0,,,
Shoulder and abd,"Apr 6, 2026, 7:23 PM","Apr 6, 2026, 8:09 PM",,Single Arm Lateral Raise (Cable),,,1,normal,10.0,12.0,,,
Shoulder and abd,"Apr 6, 2026, 7:23 PM","Apr 6, 2026, 8:09 PM",,Single Arm Lateral Raise (Cable),,,2,normal,15.0,8.0,,,
Shoulder and abd,"Apr 6, 2026, 7:23 PM","Apr 6, 2026, 8:09 PM",,Front Raise (Cable),,,0,normal,20.0,11.0,,,
Shoulder and abd,"Apr 6, 2026, 7:23 PM","Apr 6, 2026, 8:09 PM",,Front Raise (Cable),,,1,normal,25.0,10.0,,,
Shoulder and abd,"Apr 6, 2026, 7:23 PM","Apr 6, 2026, 8:09 PM",,Front Raise (Cable),,,2,normal,30.0,5.0,,,
Shoulder and abd,"Apr 6, 2026, 7:23 PM","Apr 6, 2026, 8:09 PM",,Rear Delt Reverse Fly (Machine),,,0,normal,120.0,10.0,,,
Shoulder and abd,"Apr 6, 2026, 7:23 PM","Apr 6, 2026, 8:09 PM",,Rear Delt Reverse Fly (Machine),,,1,normal,140.0,8.0,,,
Shoulder and abd,"Apr 6, 2026, 7:23 PM","Apr 6, 2026, 8:09 PM",,Rear Delt Reverse Fly (Machine),,,2,normal,140.0,6.0,,,
Shoulder and abd,"Apr 6, 2026, 7:23 PM","Apr 6, 2026, 8:09 PM",,Shrug (Dumbbell),,,0,normal,65.0,10.0,,,
Shoulder and abd,"Apr 6, 2026, 7:23 PM","Apr 6, 2026, 8:09 PM",,Shrug (Dumbbell),,,1,normal,70.0,10.0,,,
Shoulder and abd,"Apr 6, 2026, 7:23 PM","Apr 6, 2026, 8:09 PM",,Shrug (Dumbbell),,,2,normal,75.0,10.0,,,
Shoulder and abd,"Apr 6, 2026, 7:23 PM","Apr 6, 2026, 8:09 PM",,Crunch,,,0,normal,,15.0,,,
Shoulder and abd,"Apr 6, 2026, 7:23 PM","Apr 6, 2026, 8:09 PM",,Crunch,,,1,normal,,15.0,,,
Shoulder and abd,"Apr 6, 2026, 7:23 PM","Apr 6, 2026, 8:09 PM",,Crunch,,,2,normal,,15.0,,,
Shoulder and abd,"Apr 6, 2026, 7:23 PM","Apr 6, 2026, 8:09 PM",,Crunch,,,3,normal,,13.0,,,
Shoulder and abd,"Apr 6, 2026, 7:23 PM","Apr 6, 2026, 8:09 PM",,Side Bend,,,0,normal,,10.0,,,
Shoulder and abd,"Apr 6, 2026, 7:23 PM","Apr 6, 2026, 8:09 PM",,Side Bend,,,1,normal,,15.0,,,
Shoulder and abd,"Apr 6, 2026, 7:23 PM","Apr 6, 2026, 8:09 PM",,Side Bend,,,2,normal,,15.0,,,
Shoulder and abd,"Apr 6, 2026, 7:23 PM","Apr 6, 2026, 8:09 PM",,Treadmill,,,0,normal,,,,900.0,
Arm 03/26,"Apr 5, 2026, 5:26 PM","Apr 5, 2026, 6:00 PM",,Treadmill,,,0,normal,,,,600.0,
Arm 03/26,"Apr 5, 2026, 5:26 PM","Apr 5, 2026, 6:00 PM",,Reverse Curl (Cable),,,0,normal,12.5,12.0,,,
Arm 03/26,"Apr 5, 2026, 5:26 PM","Apr 5, 2026, 6:00 PM",,Reverse Curl (Cable),,,1,normal,22.5,12.0,,,
Arm 03/26,"Apr 5, 2026, 5:26 PM","Apr 5, 2026, 6:00 PM",,Reverse Curl (Cable),,,2,normal,25.0,10.0,,,
Arm 03/26,"Apr 5, 2026, 5:26 PM","Apr 5, 2026, 6:00 PM",,Triceps Pushdown,,,0,normal,52.5,12.0,,,
Arm 03/26,"Apr 5, 2026, 5:26 PM","Apr 5, 2026, 6:00 PM",,Triceps Pushdown,,,1,normal,62.5,10.0,,,
Arm 03/26,"Apr 5, 2026, 5:26 PM","Apr 5, 2026, 6:00 PM",,Triceps Pushdown,,,2,normal,72.5,8.0,,,
Arm 03/26,"Apr 5, 2026, 5:26 PM","Apr 5, 2026, 6:00 PM",,Bicep Curl (Cable),,,0,normal,40.0,10.0,,,
Arm 03/26,"Apr 5, 2026, 5:26 PM","Apr 5, 2026, 6:00 PM",,Bicep Curl (Cable),,,1,normal,47.5,10.0,,,
Arm 03/26,"Apr 5, 2026, 5:26 PM","Apr 5, 2026, 6:00 PM",,Bicep Curl (Cable),,,2,normal,52.5,8.0,,,
Arm 03/26,"Apr 5, 2026, 5:26 PM","Apr 5, 2026, 6:00 PM",,Overhead Triceps Extension (Cable),,,0,normal,32.5,12.0,,,
Arm 03/26,"Apr 5, 2026, 5:26 PM","Apr 5, 2026, 6:00 PM",,Overhead Triceps Extension (Cable),,,1,normal,37.5,10.0,,,
Arm 03/26,"Apr 5, 2026, 5:26 PM","Apr 5, 2026, 6:00 PM",,Overhead Triceps Extension (Cable),,,2,normal,42.5,8.0,,,
Arm 03/26,"Apr 5, 2026, 5:26 PM","Apr 5, 2026, 6:00 PM",,Seated Incline Curl (Dumbbell),,,0,normal,20.0,10.0,,,
Arm 03/26,"Apr 5, 2026, 5:26 PM","Apr 5, 2026, 6:00 PM",,Seated Incline Curl (Dumbbell),,,1,normal,30.0,8.0,,,
Arm 03/26,"Apr 5, 2026, 5:26 PM","Apr 5, 2026, 6:00 PM",,Seated Incline Curl (Dumbbell),,,2,normal,30.0,10.0,,,
Arm 03/26,"Apr 5, 2026, 5:26 PM","Apr 5, 2026, 6:00 PM",,Seated Dip Machine,,,0,normal,20.0,10.0,,,
Arm 03/26,"Apr 5, 2026, 5:26 PM","Apr 5, 2026, 6:00 PM",,Seated Dip Machine,,,1,normal,20.0,10.0,,,
Arm 03/26,"Apr 5, 2026, 5:26 PM","Apr 5, 2026, 6:00 PM",,Seated Dip Machine,,,2,normal,20.0,10.0,,,
Arm 03/26,"Apr 5, 2026, 5:26 PM","Apr 5, 2026, 6:00 PM",,Triceps Rope Pushdown,,,0,normal,37.5,12.0,,,
Arm 03/26,"Apr 5, 2026, 5:26 PM","Apr 5, 2026, 6:00 PM",,Triceps Rope Pushdown,,,1,normal,47.5,8.0,,,
Arm 03/26,"Apr 5, 2026, 5:26 PM","Apr 5, 2026, 6:00 PM",,Triceps Rope Pushdown,,,2,normal,47.5,8.0,,,
Arm 03/26,"Apr 5, 2026, 5:26 PM","Apr 5, 2026, 6:00 PM",,Seated Wrist Extension (Barbell),,,0,normal,15.0,12.0,,,
Arm 03/26,"Apr 5, 2026, 5:26 PM","Apr 5, 2026, 6:00 PM",,Seated Wrist Extension (Barbell),,,1,normal,15.0,10.0,,,
Arm 03/26,"Apr 5, 2026, 5:26 PM","Apr 5, 2026, 6:00 PM",,Seated Wrist Extension (Barbell),,,2,normal,15.0,10.0,,,
Arm 03/26,"Apr 5, 2026, 5:26 PM","Apr 5, 2026, 6:00 PM",,Treadmill,,,0,normal,,,,600.0,
Chest and back,"Apr 4, 2026, 6:10 PM","Apr 4, 2026, 6:43 PM",,Treadmill,,,0,normal,,,,600.0,
Chest and back,"Apr 4, 2026, 6:10 PM","Apr 4, 2026, 6:43 PM",,Bench Press (Barbell),,,0,normal,50.0,12.0,,,
Chest and back,"Apr 4, 2026, 6:10 PM","Apr 4, 2026, 6:43 PM",,Bench Press (Barbell),,,1,normal,90.0,8.0,,,
Chest and back,"Apr 4, 2026, 6:10 PM","Apr 4, 2026, 6:43 PM",,Bench Press (Barbell),,,2,normal,100.0,7.0,,,
Chest and back,"Apr 4, 2026, 6:10 PM","Apr 4, 2026, 6:43 PM",,Bench Press (Barbell),,,3,normal,110.0,6.0,,,
Chest and back,"Apr 4, 2026, 6:10 PM","Apr 4, 2026, 6:43 PM",,Bench Press (Barbell),,,4,normal,120.0,5.0,,,
Chest and back,"Apr 4, 2026, 6:10 PM","Apr 4, 2026, 6:43 PM",,Lat Pulldown (Cable),,,0,normal,130.0,10.0,,,
Chest and back,"Apr 4, 2026, 6:10 PM","Apr 4, 2026, 6:43 PM",,Lat Pulldown (Cable),,,1,normal,160.0,8.0,,,
Chest and back,"Apr 4, 2026, 6:10 PM","Apr 4, 2026, 6:43 PM",,Lat Pulldown (Cable),,,2,normal,160.0,8.0,,,
Chest and back,"Apr 4, 2026, 6:10 PM","Apr 4, 2026, 6:43 PM",,Dumbbell Row,,,0,normal,55.0,10.0,,,
Chest and back,"Apr 4, 2026, 6:10 PM","Apr 4, 2026, 6:43 PM",,Dumbbell Row,,,1,normal,65.0,8.0,,,
Chest and back,"Apr 4, 2026, 6:10 PM","Apr 4, 2026, 6:43 PM",,Dumbbell Row,,,2,normal,70.0,7.0,,,
Chest and back,"Apr 4, 2026, 6:10 PM","Apr 4, 2026, 6:43 PM",,Chest Fly (Machine),,,0,normal,140.0,10.0,,,
Chest and back,"Apr 4, 2026, 6:10 PM","Apr 4, 2026, 6:43 PM",,Chest Fly (Machine),,,1,normal,160.0,8.0,,,
Chest and back,"Apr 4, 2026, 6:10 PM","Apr 4, 2026, 6:43 PM",,Chest Fly (Machine),,,2,normal,160.0,6.0,,,
Chest and back,"Apr 4, 2026, 6:10 PM","Apr 4, 2026, 6:43 PM",,Push Up,,,0,normal,,20.0,,,
Chest and back,"Apr 4, 2026, 6:10 PM","Apr 4, 2026, 6:43 PM",,Push Up,,,1,normal,,15.0,,,
Chest and back,"Apr 4, 2026, 6:10 PM","Apr 4, 2026, 6:43 PM",,Push Up,,,2,normal,,7.0,,,
Chest and back,"Apr 4, 2026, 6:10 PM","Apr 4, 2026, 6:43 PM",,Seated Cable Row - V Grip (Cable),,,0,normal,70.0,10.0,,,
Chest and back,"Apr 4, 2026, 6:10 PM","Apr 4, 2026, 6:43 PM",,Seated Cable Row - V Grip (Cable),,,1,normal,85.0,8.0,,,
Chest and back,"Apr 4, 2026, 6:10 PM","Apr 4, 2026, 6:43 PM",,Seated Cable Row - V Grip (Cable),,,2,normal,100.0,10.0,,,
Chest and back,"Apr 4, 2026, 6:10 PM","Apr 4, 2026, 6:43 PM",,Treadmill,,,0,normal,,,,600.0,
Legs & Glutes,"Apr 1, 2026, 8:10 PM","Apr 1, 2026, 8:53 PM",,Bulgarian Split Squat (Dumbbell),,,0,normal,,10.0,,,
Legs & Glutes,"Apr 1, 2026, 8:10 PM","Apr 1, 2026, 8:53 PM",,Bulgarian Split Squat (Dumbbell),,,1,normal,10.0,10.0,,,
Legs & Glutes,"Apr 1, 2026, 8:10 PM","Apr 1, 2026, 8:53 PM",,Bulgarian Split Squat (Dumbbell),,,2,normal,10.0,10.0,,,
Legs & Glutes,"Apr 1, 2026, 8:10 PM","Apr 1, 2026, 8:53 PM",,Leg Press (Machine),,,0,normal,360.0,10.0,,,
Legs & Glutes,"Apr 1, 2026, 8:10 PM","Apr 1, 2026, 8:53 PM",,Leg Press (Machine),,,1,normal,450.0,7.0,,,
Legs & Glutes,"Apr 1, 2026, 8:10 PM","Apr 1, 2026, 8:53 PM",,Leg Press (Machine),,,2,normal,540.0,5.0,,,
Legs & Glutes,"Apr 1, 2026, 8:10 PM","Apr 1, 2026, 8:53 PM",,Leg Extension (Machine),,,0,normal,120.0,10.0,,,
Legs & Glutes,"Apr 1, 2026, 8:10 PM","Apr 1, 2026, 8:53 PM",,Leg Extension (Machine),,,1,normal,170.0,8.0,,,
Legs & Glutes,"Apr 1, 2026, 8:10 PM","Apr 1, 2026, 8:53 PM",,Leg Extension (Machine),,,2,normal,170.0,8.0,,,
Legs & Glutes,"Apr 1, 2026, 8:10 PM","Apr 1, 2026, 8:53 PM",,Seated Leg Curl (Machine),,,0,normal,10.5,12.0,,,
Legs & Glutes,"Apr 1, 2026, 8:10 PM","Apr 1, 2026, 8:53 PM",,Seated Leg Curl (Machine),,,1,normal,8.5,10.0,,,
Legs & Glutes,"Apr 1, 2026, 8:10 PM","Apr 1, 2026, 8:53 PM",,Seated Leg Curl (Machine),,,2,normal,90.0,10.0,,,
Legs & Glutes,"Apr 1, 2026, 8:10 PM","Apr 1, 2026, 8:53 PM",,Hip Adduction (Machine),,,0,normal,95.0,15.0,,,
Legs & Glutes,"Apr 1, 2026, 8:10 PM","Apr 1, 2026, 8:53 PM",,Hip Adduction (Machine),,,1,normal,110.0,10.0,,,
Legs & Glutes,"Apr 1, 2026, 8:10 PM","Apr 1, 2026, 8:53 PM",,Hip Adduction (Machine),,,2,failure,80.0,15.0,,,
Legs & Glutes,"Apr 1, 2026, 8:10 PM","Apr 1, 2026, 8:53 PM",,Hip Thrust (Machine),,,0,normal,25.0,10.0,,,
Legs & Glutes,"Apr 1, 2026, 8:10 PM","Apr 1, 2026, 8:53 PM",,Hip Thrust (Machine),,,1,normal,35.0,10.0,,,
Legs & Glutes,"Apr 1, 2026, 8:10 PM","Apr 1, 2026, 8:53 PM",,Hip Thrust (Machine),,,2,normal,35.5,10.0,,,
Legs & Glutes,"Apr 1, 2026, 8:10 PM","Apr 1, 2026, 8:53 PM",,Standing Calf Raise (Machine),,,0,normal,90.0,20.0,,,
Legs & Glutes,"Apr 1, 2026, 8:10 PM","Apr 1, 2026, 8:53 PM",,Standing Calf Raise (Machine),,,1,normal,115.0,12.0,,,
Legs & Glutes,"Apr 1, 2026, 8:10 PM","Apr 1, 2026, 8:53 PM",,Standing Calf Raise (Machine),,,2,normal,115.0,12.0,,,
Shoulder and abd,"Mar 31, 2026, 8:03 PM","Mar 31, 2026, 8:51 PM",,Air Bike,,,0,normal,,,,600.0,
Shoulder and abd,"Mar 31, 2026, 8:03 PM","Mar 31, 2026, 8:51 PM",,Seated Shoulder Press (Machine),,,0,normal,25.0,12.0,,,
Shoulder and abd,"Mar 31, 2026, 8:03 PM","Mar 31, 2026, 8:51 PM",,Seated Shoulder Press (Machine),,,1,normal,45.0,10.0,,,
Shoulder and abd,"Mar 31, 2026, 8:03 PM","Mar 31, 2026, 8:51 PM",,Seated Shoulder Press (Machine),,,2,normal,70.0,5.0,,,
Shoulder and abd,"Mar 31, 2026, 8:03 PM","Mar 31, 2026, 8:51 PM",,Single Arm Lateral Raise (Cable),,,0,normal,5.0,15.0,,,
Shoulder and abd,"Mar 31, 2026, 8:03 PM","Mar 31, 2026, 8:51 PM",,Single Arm Lateral Raise (Cable),,,1,normal,15.0,8.0,,,
Shoulder and abd,"Mar 31, 2026, 8:03 PM","Mar 31, 2026, 8:51 PM",,Single Arm Lateral Raise (Cable),,,2,normal,15.0,8.0,,,
Shoulder and abd,"Mar 31, 2026, 8:03 PM","Mar 31, 2026, 8:51 PM",,Front Raise (Cable),,,0,normal,20.0,11.0,,,
Shoulder and abd,"Mar 31, 2026, 8:03 PM","Mar 31, 2026, 8:51 PM",,Front Raise (Cable),,,1,normal,25.0,10.0,,,
Shoulder and abd,"Mar 31, 2026, 8:03 PM","Mar 31, 2026, 8:51 PM",,Front Raise (Cable),,,2,normal,30.0,5.0,,,
Shoulder and abd,"Mar 31, 2026, 8:03 PM","Mar 31, 2026, 8:51 PM",,Rear Delt Reverse Fly (Machine),,,0,normal,120.0,10.0,,,
Shoulder and abd,"Mar 31, 2026, 8:03 PM","Mar 31, 2026, 8:51 PM",,Rear Delt Reverse Fly (Machine),,,1,normal,140.0,8.0,,,
Shoulder and abd,"Mar 31, 2026, 8:03 PM","Mar 31, 2026, 8:51 PM",,Rear Delt Reverse Fly (Machine),,,2,normal,140.0,6.0,,,
Shoulder and abd,"Mar 31, 2026, 8:03 PM","Mar 31, 2026, 8:51 PM",,Shrug (Dumbbell),,,0,normal,65.0,10.0,,,
Shoulder and abd,"Mar 31, 2026, 8:03 PM","Mar 31, 2026, 8:51 PM",,Shrug (Dumbbell),,,1,normal,70.0,10.0,,,
Shoulder and abd,"Mar 31, 2026, 8:03 PM","Mar 31, 2026, 8:51 PM",,Shrug (Dumbbell),,,2,normal,75.0,10.0,,,
Shoulder and abd,"Mar 31, 2026, 8:03 PM","Mar 31, 2026, 8:51 PM",,Crunch,,,0,normal,,15.0,,,
Shoulder and abd,"Mar 31, 2026, 8:03 PM","Mar 31, 2026, 8:51 PM",,Crunch,,,1,normal,,15.0,,,
Shoulder and abd,"Mar 31, 2026, 8:03 PM","Mar 31, 2026, 8:51 PM",,Crunch,,,2,normal,,15.0,,,
Shoulder and abd,"Mar 31, 2026, 8:03 PM","Mar 31, 2026, 8:51 PM",,Crunch,,,3,normal,,13.0,,,
Shoulder and abd,"Mar 31, 2026, 8:03 PM","Mar 31, 2026, 8:51 PM",,Side Bend,,,0,normal,,10.0,,,
Shoulder and abd,"Mar 31, 2026, 8:03 PM","Mar 31, 2026, 8:51 PM",,Side Bend,,,1,normal,,15.0,,,
Shoulder and abd,"Mar 31, 2026, 8:03 PM","Mar 31, 2026, 8:51 PM",,Side Bend,,,2,normal,,15.0,,,
Shoulder and abd,"Mar 31, 2026, 8:03 PM","Mar 31, 2026, 8:51 PM",,Treadmill,,,0,normal,,,,600.0,
Arm 03/26,"Mar 30, 2026, 7:50 PM","Mar 30, 2026, 8:40 PM",,Treadmill,,,0,normal,,,,600.0,
Arm 03/26,"Mar 30, 2026, 7:50 PM","Mar 30, 2026, 8:40 PM",,Reverse Curl (Cable),,,0,normal,10.0,12.0,,,
Arm 03/26,"Mar 30, 2026, 7:50 PM","Mar 30, 2026, 8:40 PM",,Reverse Curl (Cable),,,1,normal,15.0,12.0,,,
Arm 03/26,"Mar 30, 2026, 7:50 PM","Mar 30, 2026, 8:40 PM",,Reverse Curl (Cable),,,2,normal,20.0,10.0,,,
Arm 03/26,"Mar 30, 2026, 7:50 PM","Mar 30, 2026, 8:40 PM",,Triceps Pushdown,,,0,normal,30.0,12.0,,,
Arm 03/26,"Mar 30, 2026, 7:50 PM","Mar 30, 2026, 8:40 PM",,Triceps Pushdown,,,1,normal,50.0,10.0,,,
Arm 03/26,"Mar 30, 2026, 7:50 PM","Mar 30, 2026, 8:40 PM",,Triceps Pushdown,,,2,normal,60.0,10.0,,,
Arm 03/26,"Mar 30, 2026, 7:50 PM","Mar 30, 2026, 8:40 PM",,Bicep Curl (Cable),,,0,normal,20.0,12.0,,,
Arm 03/26,"Mar 30, 2026, 7:50 PM","Mar 30, 2026, 8:40 PM",,Bicep Curl (Cable),,,1,normal,40.0,10.0,,,
Arm 03/26,"Mar 30, 2026, 7:50 PM","Mar 30, 2026, 8:40 PM",,Bicep Curl (Cable),,,2,normal,45.0,10.0,,,
Arm 03/26,"Mar 30, 2026, 7:50 PM","Mar 30, 2026, 8:40 PM",,Overhead Triceps Extension (Cable),,,0,normal,25.0,12.0,,,
Arm 03/26,"Mar 30, 2026, 7:50 PM","Mar 30, 2026, 8:40 PM",,Overhead Triceps Extension (Cable),,,1,normal,30.0,12.0,,,
Arm 03/26,"Mar 30, 2026, 7:50 PM","Mar 30, 2026, 8:40 PM",,Overhead Triceps Extension (Cable),,,2,normal,35.0,10.0,,,
Arm 03/26,"Mar 30, 2026, 7:50 PM","Mar 30, 2026, 8:40 PM",,Seated Incline Curl (Dumbbell),,,0,normal,15.0,10.0,,,
Arm 03/26,"Mar 30, 2026, 7:50 PM","Mar 30, 2026, 8:40 PM",,Seated Incline Curl (Dumbbell),,,1,normal,20.0,10.0,,,
Arm 03/26,"Mar 30, 2026, 7:50 PM","Mar 30, 2026, 8:40 PM",,Seated Incline Curl (Dumbbell),,,2,normal,25.0,10.0,,,
Arm 03/26,"Mar 30, 2026, 7:50 PM","Mar 30, 2026, 8:40 PM",,Seated Dip Machine,,,0,normal,20.0,10.0,,,
Arm 03/26,"Mar 30, 2026, 7:50 PM","Mar 30, 2026, 8:40 PM",,Seated Dip Machine,,,1,normal,20.0,10.0,,,
Arm 03/26,"Mar 30, 2026, 7:50 PM","Mar 30, 2026, 8:40 PM",,Seated Dip Machine,,,2,normal,20.0,10.0,,,
Arm 03/26,"Mar 30, 2026, 7:50 PM","Mar 30, 2026, 8:40 PM",,Triceps Rope Pushdown,,,0,normal,30.0,12.0,,,
Arm 03/26,"Mar 30, 2026, 7:50 PM","Mar 30, 2026, 8:40 PM",,Triceps Rope Pushdown,,,1,normal,40.0,10.0,,,
Arm 03/26,"Mar 30, 2026, 7:50 PM","Mar 30, 2026, 8:40 PM",,Triceps Rope Pushdown,,,2,normal,40.0,8.0,,,
Arm 03/26,"Mar 30, 2026, 7:50 PM","Mar 30, 2026, 8:40 PM",,Seated Wrist Extension (Barbell),,,0,normal,15.0,12.0,,,
Arm 03/26,"Mar 30, 2026, 7:50 PM","Mar 30, 2026, 8:40 PM",,Seated Wrist Extension (Barbell),,,1,normal,15.0,10.0,,,
Arm 03/26,"Mar 30, 2026, 7:50 PM","Mar 30, 2026, 8:40 PM",,Seated Wrist Extension (Barbell),,,2,normal,15.0,10.0,,,
Arm 03/26,"Mar 30, 2026, 7:50 PM","Mar 30, 2026, 8:40 PM",,Treadmill,,,0,normal,,,,600.0,
Chest and back,"Mar 27, 2026, 7:56 PM","Mar 27, 2026, 8:53 PM",,Treadmill,,,0,normal,,,,600.0,
Chest and back,"Mar 27, 2026, 7:56 PM","Mar 27, 2026, 8:53 PM",,Bench Press (Barbell),,,0,normal,50.0,12.0,,,
Chest and back,"Mar 27, 2026, 7:56 PM","Mar 27, 2026, 8:53 PM",,Bench Press (Barbell),,,1,normal,90.0,11.0,,,
Chest and back,"Mar 27, 2026, 7:56 PM","Mar 27, 2026, 8:53 PM",,Bench Press (Barbell),,,2,normal,110.0,9.0,,,
Chest and back,"Mar 27, 2026, 7:56 PM","Mar 27, 2026, 8:53 PM",,Bench Press (Barbell),,,3,normal,120.0,5.0,,,
Chest and back,"Mar 27, 2026, 7:56 PM","Mar 27, 2026, 8:53 PM",,Bench Press (Barbell),,,4,normal,130.0,5.0,,,
Chest and back,"Mar 27, 2026, 7:56 PM","Mar 27, 2026, 8:53 PM",,Lat Pulldown (Cable),,,0,normal,115.0,10.0,,,
Chest and back,"Mar 27, 2026, 7:56 PM","Mar 27, 2026, 8:53 PM",,Lat Pulldown (Cable),,,1,normal,145.0,8.0,,,
Chest and back,"Mar 27, 2026, 7:56 PM","Mar 27, 2026, 8:53 PM",,Lat Pulldown (Cable),,,2,normal,175.0,8.0,,,
Chest and back,"Mar 27, 2026, 7:56 PM","Mar 27, 2026, 8:53 PM",,Dumbbell Row,,,0,normal,55.0,10.0,,,
Chest and back,"Mar 27, 2026, 7:56 PM","Mar 27, 2026, 8:53 PM",,Dumbbell Row,,,1,normal,65.0,8.0,,,
Chest and back,"Mar 27, 2026, 7:56 PM","Mar 27, 2026, 8:53 PM",,Dumbbell Row,,,2,normal,70.0,7.0,,,
Chest and back,"Mar 27, 2026, 7:56 PM","Mar 27, 2026, 8:53 PM",,Chest Fly (Machine),,,0,normal,140.0,10.0,,,
Chest and back,"Mar 27, 2026, 7:56 PM","Mar 27, 2026, 8:53 PM",,Chest Fly (Machine),,,1,normal,160.0,8.0,,,
Chest and back,"Mar 27, 2026, 7:56 PM","Mar 27, 2026, 8:53 PM",,Chest Fly (Machine),,,2,normal,160.0,6.0,,,
Chest and back,"Mar 27, 2026, 7:56 PM","Mar 27, 2026, 8:53 PM",,Push Up,,,0,normal,,20.0,,,
Chest and back,"Mar 27, 2026, 7:56 PM","Mar 27, 2026, 8:53 PM",,Push Up,,,1,normal,,15.0,,,
Chest and back,"Mar 27, 2026, 7:56 PM","Mar 27, 2026, 8:53 PM",,Push Up,,,2,normal,,7.0,,,
Chest and back,"Mar 27, 2026, 7:56 PM","Mar 27, 2026, 8:53 PM",,Seated Cable Row - V Grip (Cable),,,0,normal,70.0,10.0,,,
Chest and back,"Mar 27, 2026, 7:56 PM","Mar 27, 2026, 8:53 PM",,Seated Cable Row - V Grip (Cable),,,1,normal,85.0,8.0,,,
Chest and back,"Mar 27, 2026, 7:56 PM","Mar 27, 2026, 8:53 PM",,Seated Cable Row - V Grip (Cable),,,2,normal,100.0,10.0,,,
Chest and back,"Mar 27, 2026, 7:56 PM","Mar 27, 2026, 8:53 PM",,Treadmill,,,0,normal,,,,600.0,
Leg and tricep,"Mar 26, 2026, 8:38 PM","Mar 26, 2026, 9:45 PM",,Deadlift (Barbell),,,0,normal,90.0,10.0,,,
Leg and tricep,"Mar 26, 2026, 8:38 PM","Mar 26, 2026, 9:45 PM",,Deadlift (Barbell),,,1,normal,140.0,8.0,,,
Leg and tricep,"Mar 26, 2026, 8:38 PM","Mar 26, 2026, 9:45 PM",,Deadlift (Barbell),,,2,normal,180.0,6.0,,,
Leg and tricep,"Mar 26, 2026, 8:38 PM","Mar 26, 2026, 9:45 PM",,Deadlift (Barbell),,,3,normal,230.0,4.0,,,
Leg and tricep,"Mar 26, 2026, 8:38 PM","Mar 26, 2026, 9:45 PM",,Deadlift (Barbell),,,4,normal,250.0,2.0,,,
Leg and tricep,"Mar 26, 2026, 8:38 PM","Mar 26, 2026, 9:45 PM",,Lunge (Barbell),,,0,normal,25.0,9.0,,,
Leg and tricep,"Mar 26, 2026, 8:38 PM","Mar 26, 2026, 9:45 PM",,Lunge (Barbell),,,1,normal,45.0,7.0,,,
Leg and tricep,"Mar 26, 2026, 8:38 PM","Mar 26, 2026, 9:45 PM",,Lunge (Barbell),,,2,normal,55.0,6.0,,,
Leg and tricep,"Mar 26, 2026, 8:38 PM","Mar 26, 2026, 9:45 PM",,Leg Press (Machine),,,0,normal,360.0,10.0,,,
Leg and tricep,"Mar 26, 2026, 8:38 PM","Mar 26, 2026, 9:45 PM",,Leg Press (Machine),,,1,normal,450.0,7.0,,,
Leg and tricep,"Mar 26, 2026, 8:38 PM","Mar 26, 2026, 9:45 PM",,Leg Press (Machine),,,2,normal,540.0,5.0,,,
Leg and tricep,"Mar 26, 2026, 8:38 PM","Mar 26, 2026, 9:45 PM",,Leg Extension (Machine),0.0,,0,normal,120.0,10.0,,,
Leg and tricep,"Mar 26, 2026, 8:38 PM","Mar 26, 2026, 9:45 PM",,Leg Extension (Machine),0.0,,1,normal,170.0,8.0,,,
Leg and tricep,"Mar 26, 2026, 8:38 PM","Mar 26, 2026, 9:45 PM",,Leg Extension (Machine),0.0,,2,normal,170.0,8.0,,,
Leg and tricep,"Mar 26, 2026, 8:38 PM","Mar 26, 2026, 9:45 PM",,Lying Leg Curl (Machine),0.0,,0,normal,25.0,10.0,,,
Leg and tricep,"Mar 26, 2026, 8:38 PM","Mar 26, 2026, 9:45 PM",,Lying Leg Curl (Machine),0.0,,1,normal,25.0,10.0,,,
Leg and tricep,"Mar 26, 2026, 8:38 PM","Mar 26, 2026, 9:45 PM",,Lying Leg Curl (Machine),0.0,,2,normal,25.0,10.0,,,
Leg and tricep,"Mar 26, 2026, 8:38 PM","Mar 26, 2026, 9:45 PM",,Single Leg Standing Calf Raise (Machine),,,0,normal,45.0,15.0,,,
Leg and tricep,"Mar 26, 2026, 8:38 PM","Mar 26, 2026, 9:45 PM",,Single Leg Standing Calf Raise (Machine),,,1,normal,45.0,12.0,,,
Leg and tricep,"Mar 26, 2026, 8:38 PM","Mar 26, 2026, 9:45 PM",,Single Leg Standing Calf Raise (Machine),,,2,normal,45.0,10.0,,,
Leg and tricep,"Mar 26, 2026, 8:38 PM","Mar 26, 2026, 9:45 PM",,Triceps Pushdown,1.0,,0,normal,45.0,10.0,,,
Leg and tricep,"Mar 26, 2026, 8:38 PM","Mar 26, 2026, 9:45 PM",,Triceps Pushdown,1.0,,1,normal,45.0,10.0,,,
Leg and tricep,"Mar 26, 2026, 8:38 PM","Mar 26, 2026, 9:45 PM",,Triceps Pushdown,1.0,,2,normal,55.0,10.0,,,
Leg and tricep,"Mar 26, 2026, 8:38 PM","Mar 26, 2026, 9:45 PM",,Triceps Kickback (Cable),1.0,,0,normal,5.0,12.0,,,
Leg and tricep,"Mar 26, 2026, 8:38 PM","Mar 26, 2026, 9:45 PM",,Triceps Kickback (Cable),1.0,,1,normal,10.0,10.0,,,
Leg and tricep,"Mar 26, 2026, 8:38 PM","Mar 26, 2026, 9:45 PM",,Triceps Kickback (Cable),1.0,,2,normal,15.0,10.0,,,
Leg and tricep,"Mar 26, 2026, 8:38 PM","Mar 26, 2026, 9:45 PM",,Overhead Triceps Extension (Cable),,,0,normal,30.0,8.0,,,
Leg and tricep,"Mar 26, 2026, 8:38 PM","Mar 26, 2026, 9:45 PM",,Overhead Triceps Extension (Cable),,,1,normal,30.0,7.0,,,
Leg and tricep,"Mar 26, 2026, 8:38 PM","Mar 26, 2026, 9:45 PM",,Overhead Triceps Extension (Cable),,,2,normal,30.0,10.0,,,
Shoulders and Arms,"Mar 24, 2026, 8:03 PM","Mar 24, 2026, 8:48 PM",,Warm Up,,,0,normal,,,,300.0,
Shoulders and Arms,"Mar 24, 2026, 8:03 PM","Mar 24, 2026, 8:48 PM",,EZ Bar Biceps Curl,,,0,normal,40.0,10.0,,,
Shoulders and Arms,"Mar 24, 2026, 8:03 PM","Mar 24, 2026, 8:48 PM",,EZ Bar Biceps Curl,,,1,normal,50.0,11.0,,,
Shoulders and Arms,"Mar 24, 2026, 8:03 PM","Mar 24, 2026, 8:48 PM",,EZ Bar Biceps Curl,,,2,normal,60.0,8.0,,,
Shoulders and Arms,"Mar 24, 2026, 8:03 PM","Mar 24, 2026, 8:48 PM",,Shoulder Press (Dumbbell),,,0,warmup,20.0,8.0,,,
Shoulders and Arms,"Mar 24, 2026, 8:03 PM","Mar 24, 2026, 8:48 PM",,Shoulder Press (Dumbbell),,,1,normal,50.0,10.0,,,
Shoulders and Arms,"Mar 24, 2026, 8:03 PM","Mar 24, 2026, 8:48 PM",,Shoulder Press (Dumbbell),,,2,normal,60.0,8.0,,,
Shoulders and Arms,"Mar 24, 2026, 8:03 PM","Mar 24, 2026, 8:48 PM",,Shoulder Press (Dumbbell),,,3,normal,65.0,6.0,,,
Shoulders and Arms,"Mar 24, 2026, 8:03 PM","Mar 24, 2026, 8:48 PM",,Seated Shoulder Press (Machine),,,0,normal,45.0,12.0,,,
Shoulders and Arms,"Mar 24, 2026, 8:03 PM","Mar 24, 2026, 8:48 PM",,Seated Shoulder Press (Machine),,,1,normal,70.0,8.0,,,
Shoulders and Arms,"Mar 24, 2026, 8:03 PM","Mar 24, 2026, 8:48 PM",,Seated Shoulder Press (Machine),,,2,normal,70.0,5.0,,,
Shoulders and Arms,"Mar 24, 2026, 8:03 PM","Mar 24, 2026, 8:48 PM",,Reverse Grip Concentration Curl,,,0,normal,20.0,15.0,,,
Shoulders and Arms,"Mar 24, 2026, 8:03 PM","Mar 24, 2026, 8:48 PM",,Reverse Grip Concentration Curl,,,1,normal,25.0,10.0,,,
Shoulders and Arms,"Mar 24, 2026, 8:03 PM","Mar 24, 2026, 8:48 PM",,Reverse Grip Concentration Curl,,,2,normal,25.0,10.0,,,
Shoulders and Arms,"Mar 24, 2026, 8:03 PM","Mar 24, 2026, 8:48 PM",,Lateral Raise (Dumbbell),,,0,normal,15.0,10.0,,,
Shoulders and Arms,"Mar 24, 2026, 8:03 PM","Mar 24, 2026, 8:48 PM",,Lateral Raise (Dumbbell),,,1,normal,15.0,12.0,,,
Shoulders and Arms,"Mar 24, 2026, 8:03 PM","Mar 24, 2026, 8:48 PM",,Lateral Raise (Dumbbell),,,2,normal,15.0,12.0,,,
Shoulders and Arms,"Mar 24, 2026, 8:03 PM","Mar 24, 2026, 8:48 PM",,Seated Incline Curl (Dumbbell),,,0,normal,15.0,10.0,,,
Shoulders and Arms,"Mar 24, 2026, 8:03 PM","Mar 24, 2026, 8:48 PM",,Seated Incline Curl (Dumbbell),,,1,normal,20.0,10.0,,,
Shoulders and Arms,"Mar 24, 2026, 8:03 PM","Mar 24, 2026, 8:48 PM",,Seated Incline Curl (Dumbbell),,,2,normal,20.0,10.0,,,
Shoulders and Arms,"Mar 24, 2026, 8:03 PM","Mar 24, 2026, 8:48 PM",,Face Pull,,,0,normal,45.0,20.0,,,
Shoulders and Arms,"Mar 24, 2026, 8:03 PM","Mar 24, 2026, 8:48 PM",,Face Pull,,,1,normal,50.0,20.0,,,
Shoulders and Arms,"Mar 24, 2026, 8:03 PM","Mar 24, 2026, 8:48 PM",,Face Pull,,,2,normal,55.0,20.0,,,
Chest and back,"Mar 23, 2026, 7:47 PM","Mar 23, 2026, 8:56 PM",,Treadmill,,,0,normal,,,,600.0,
Chest and back,"Mar 23, 2026, 7:47 PM","Mar 23, 2026, 8:56 PM",,Bench Press (Barbell),,,0,normal,56.0,12.0,,,
Chest and back,"Mar 23, 2026, 7:47 PM","Mar 23, 2026, 8:56 PM",,Bench Press (Barbell),,,1,normal,90.0,11.0,,,
Chest and back,"Mar 23, 2026, 7:47 PM","Mar 23, 2026, 8:56 PM",,Bench Press (Barbell),,,2,normal,110.0,9.0,,,
Chest and back,"Mar 23, 2026, 7:47 PM","Mar 23, 2026, 8:56 PM",,Bench Press (Barbell),,,3,normal,120.0,5.0,,,
Chest and back,"Mar 23, 2026, 7:47 PM","Mar 23, 2026, 8:56 PM",,Bench Press (Barbell),,,4,normal,130.0,5.0,,,
Chest and back,"Mar 23, 2026, 7:47 PM","Mar 23, 2026, 8:56 PM",,Bench Press (Barbell),,,5,normal,130.0,5.0,,,
Chest and back,"Mar 23, 2026, 7:47 PM","Mar 23, 2026, 8:56 PM",,Lat Pulldown (Cable),,,0,normal,115.0,10.0,,,
Chest and back,"Mar 23, 2026, 7:47 PM","Mar 23, 2026, 8:56 PM",,Lat Pulldown (Cable),,,1,normal,145.0,8.0,,,
Chest and back,"Mar 23, 2026, 7:47 PM","Mar 23, 2026, 8:56 PM",,Lat Pulldown (Cable),,,2,normal,175.0,8.0,,,
Chest and back,"Mar 23, 2026, 7:47 PM","Mar 23, 2026, 8:56 PM",,Dumbbell Row,,,0,normal,55.0,10.0,,,
Chest and back,"Mar 23, 2026, 7:47 PM","Mar 23, 2026, 8:56 PM",,Dumbbell Row,,,1,normal,65.0,8.0,,,
Chest and back,"Mar 23, 2026, 7:47 PM","Mar 23, 2026, 8:56 PM",,Dumbbell Row,,,2,normal,70.0,7.0,,,
Chest and back,"Mar 23, 2026, 7:47 PM","Mar 23, 2026, 8:56 PM",,Chest Fly (Machine),,,0,normal,140.0,10.0,,,
Chest and back,"Mar 23, 2026, 7:47 PM","Mar 23, 2026, 8:56 PM",,Chest Fly (Machine),,,1,normal,160.0,8.0,,,
Chest and back,"Mar 23, 2026, 7:47 PM","Mar 23, 2026, 8:56 PM",,Chest Fly (Machine),,,2,normal,160.0,6.0,,,
Chest and back,"Mar 23, 2026, 7:47 PM","Mar 23, 2026, 8:56 PM",,Push Up,,,0,normal,,20.0,,,
Chest and back,"Mar 23, 2026, 7:47 PM","Mar 23, 2026, 8:56 PM",,Push Up,,,1,normal,,15.0,,,
Chest and back,"Mar 23, 2026, 7:47 PM","Mar 23, 2026, 8:56 PM",,Push Up,,,2,normal,,7.0,,,
Chest and back,"Mar 23, 2026, 7:47 PM","Mar 23, 2026, 8:56 PM",,Seated Cable Row - V Grip (Cable),,,0,normal,70.0,10.0,,,
Chest and back,"Mar 23, 2026, 7:47 PM","Mar 23, 2026, 8:56 PM",,Seated Cable Row - V Grip (Cable),,,1,normal,85.0,8.0,,,
Chest and back,"Mar 23, 2026, 7:47 PM","Mar 23, 2026, 8:56 PM",,Seated Cable Row - V Grip (Cable),,,2,normal,100.0,10.0,,,
Chest and back,"Mar 23, 2026, 7:47 PM","Mar 23, 2026, 8:56 PM",,Treadmill,,,0,normal,,,,600.0,
Leg,"Mar 22, 2026, 6:42 PM","Mar 22, 2026, 7:35 PM",,Bulgarian Split Squat (Dumbbell),,,0,normal,,10.0,,,
Leg,"Mar 22, 2026, 6:42 PM","Mar 22, 2026, 7:35 PM",,Bulgarian Split Squat (Dumbbell),,,1,normal,10.0,10.0,,,
Leg,"Mar 22, 2026, 6:42 PM","Mar 22, 2026, 7:35 PM",,Bulgarian Split Squat (Dumbbell),,,2,normal,10.0,10.0,,,
Leg,"Mar 22, 2026, 6:42 PM","Mar 22, 2026, 7:35 PM",,Bulgarian Split Squat (Dumbbell),,,3,normal,10.0,10.0,,,
Leg,"Mar 22, 2026, 6:42 PM","Mar 22, 2026, 7:35 PM",,Leg Extension (Machine),,,0,normal,120.0,10.0,,,
Leg,"Mar 22, 2026, 6:42 PM","Mar 22, 2026, 7:35 PM",,Leg Extension (Machine),,,1,normal,170.0,8.0,,,
Leg,"Mar 22, 2026, 6:42 PM","Mar 22, 2026, 7:35 PM",,Leg Extension (Machine),,,2,normal,170.0,8.0,,,
Leg,"Mar 22, 2026, 6:42 PM","Mar 22, 2026, 7:35 PM",,Leg Press (Machine),,,0,normal,360.0,10.0,,,
Leg,"Mar 22, 2026, 6:42 PM","Mar 22, 2026, 7:35 PM",,Leg Press (Machine),,,1,normal,450.0,7.0,,,
Leg,"Mar 22, 2026, 6:42 PM","Mar 22, 2026, 7:35 PM",,Leg Press (Machine),,,2,normal,540.0,5.0,,,
Leg,"Mar 22, 2026, 6:42 PM","Mar 22, 2026, 7:35 PM",,Leg Press (Machine),,,3,normal,540.0,5.0,,,
Leg,"Mar 22, 2026, 6:42 PM","Mar 22, 2026, 7:35 PM",,Sumo Squat (Dumbbell),,,0,normal,45.0,11.0,,,
Leg,"Mar 22, 2026, 6:42 PM","Mar 22, 2026, 7:35 PM",,Sumo Squat (Dumbbell),,,1,normal,55.0,10.0,,,
Leg,"Mar 22, 2026, 6:42 PM","Mar 22, 2026, 7:35 PM",,Sumo Squat (Dumbbell),,,2,normal,60.0,9.0,,,
Leg,"Mar 22, 2026, 6:42 PM","Mar 22, 2026, 7:35 PM",,Hip Thrust (Smith Machine),,,0,normal,60.0,11.0,,,
Leg,"Mar 22, 2026, 6:42 PM","Mar 22, 2026, 7:35 PM",,Hip Thrust (Smith Machine),,,1,normal,80.0,9.0,,,
Leg,"Mar 22, 2026, 6:42 PM","Mar 22, 2026, 7:35 PM",,Hip Thrust (Smith Machine),,,2,normal,90.0,10.0,,,
Leg,"Mar 22, 2026, 6:42 PM","Mar 22, 2026, 7:35 PM",,Single Leg Standing Calf Raise (Machine),,,0,normal,45.0,15.0,,,
Leg,"Mar 22, 2026, 6:42 PM","Mar 22, 2026, 7:35 PM",,Single Leg Standing Calf Raise (Machine),,,1,normal,45.0,12.0,,,
Leg,"Mar 22, 2026, 6:42 PM","Mar 22, 2026, 7:35 PM",,Single Leg Standing Calf Raise (Machine),,,2,normal,45.0,10.0,,,
Leg,"Mar 22, 2026, 6:42 PM","Mar 22, 2026, 7:35 PM",,Stair Machine (Floors),,,0,normal,,,,600.0,
Arm Blaster,"Mar 19, 2026, 8:53 PM","Mar 19, 2026, 9:23 PM",,Warm Up,,,0,normal,,,,300.0,
Arm Blaster,"Mar 19, 2026, 8:53 PM","Mar 19, 2026, 9:23 PM",,Concentration Curl,,,0,normal,15.0,10.0,,,
Arm Blaster,"Mar 19, 2026, 8:53 PM","Mar 19, 2026, 9:23 PM",,Concentration Curl,,,1,normal,25.0,10.0,,,
Arm Blaster,"Mar 19, 2026, 8:53 PM","Mar 19, 2026, 9:23 PM",,Concentration Curl,,,2,normal,30.0,8.0,,,
Arm Blaster,"Mar 19, 2026, 8:53 PM","Mar 19, 2026, 9:23 PM",,EZ Bar Biceps Curl,0.0,,0,normal,40.0,8.0,,,
Arm Blaster,"Mar 19, 2026, 8:53 PM","Mar 19, 2026, 9:23 PM",,EZ Bar Biceps Curl,0.0,,1,normal,50.0,10.0,,,
Arm Blaster,"Mar 19, 2026, 8:53 PM","Mar 19, 2026, 9:23 PM",,EZ Bar Biceps Curl,0.0,,2,normal,60.0,8.0,,,
Arm Blaster,"Mar 19, 2026, 8:53 PM","Mar 19, 2026, 9:23 PM",,Skullcrusher (Barbell),0.0,,0,normal,40.0,8.0,,,
Arm Blaster,"Mar 19, 2026, 8:53 PM","Mar 19, 2026, 9:23 PM",,Skullcrusher (Barbell),0.0,,1,normal,50.0,10.0,,,
Arm Blaster,"Mar 19, 2026, 8:53 PM","Mar 19, 2026, 9:23 PM",,Skullcrusher (Barbell),0.0,,2,normal,60.0,8.0,,,
Arm Blaster,"Mar 19, 2026, 8:53 PM","Mar 19, 2026, 9:23 PM",,Seated Incline Curl (Dumbbell),1.0,,0,normal,15.0,10.0,,,
Arm Blaster,"Mar 19, 2026, 8:53 PM","Mar 19, 2026, 9:23 PM",,Seated Incline Curl (Dumbbell),1.0,,1,normal,20.0,10.0,,,
Arm Blaster,"Mar 19, 2026, 8:53 PM","Mar 19, 2026, 9:23 PM",,Triceps Extension (Dumbbell),1.0,,0,normal,30.0,12.0,,,
Arm Blaster,"Mar 19, 2026, 8:53 PM","Mar 19, 2026, 9:23 PM",,Triceps Extension (Dumbbell),1.0,,1,normal,35.0,12.0,,,
Arm Blaster,"Mar 19, 2026, 8:53 PM","Mar 19, 2026, 9:23 PM",,Hammer Curl (Dumbbell),2.0,,0,normal,15.0,10.0,,,
Arm Blaster,"Mar 19, 2026, 8:53 PM","Mar 19, 2026, 9:23 PM",,Hammer Curl (Dumbbell),2.0,,1,normal,20.0,10.0,,,
Arm Blaster,"Mar 19, 2026, 8:53 PM","Mar 19, 2026, 9:23 PM",,Triceps Kickback (Dumbbell),2.0,,0,normal,15.0,10.0,,,
Arm Blaster,"Mar 19, 2026, 8:53 PM","Mar 19, 2026, 9:23 PM",,Triceps Kickback (Dumbbell),2.0,,1,normal,20.0,10.0,,,
Back and bicep,"Mar 17, 2026, 9:13 PM","Mar 17, 2026, 9:54 PM",,Lat Pulldown (Cable),,,0,normal,145.0,8.0,,,
Back and bicep,"Mar 17, 2026, 9:13 PM","Mar 17, 2026, 9:54 PM",,Lat Pulldown (Cable),,,1,normal,160.0,8.0,,,
Back and bicep,"Mar 17, 2026, 9:13 PM","Mar 17, 2026, 9:54 PM",,Lat Pulldown (Cable),,,2,normal,175.0,6.0,,,
Back and bicep,"Mar 17, 2026, 9:13 PM","Mar 17, 2026, 9:54 PM",,Reverse Grip Lat Pulldown (Cable),,,0,normal,100.0,10.0,,,
Back and bicep,"Mar 17, 2026, 9:13 PM","Mar 17, 2026, 9:54 PM",,Reverse Grip Lat Pulldown (Cable),,,1,normal,115.0,10.0,,,
Back and bicep,"Mar 17, 2026, 9:13 PM","Mar 17, 2026, 9:54 PM",,Reverse Grip Lat Pulldown (Cable),,,2,normal,145.0,7.0,,,
Back and bicep,"Mar 17, 2026, 9:13 PM","Mar 17, 2026, 9:54 PM",,Straight Arm Lat Pulldown (Cable),,,0,normal,45.0,10.0,,,
Back and bicep,"Mar 17, 2026, 9:13 PM","Mar 17, 2026, 9:54 PM",,Straight Arm Lat Pulldown (Cable),,,1,normal,50.0,9.0,,,
Back and bicep,"Mar 17, 2026, 9:13 PM","Mar 17, 2026, 9:54 PM",,Straight Arm Lat Pulldown (Cable),,,2,normal,55.0,8.0,,,
Back and bicep,"Mar 17, 2026, 9:13 PM","Mar 17, 2026, 9:54 PM",,Seated Cable Row - V Grip (Cable),,,0,normal,70.0,10.0,,,
Back and bicep,"Mar 17, 2026, 9:13 PM","Mar 17, 2026, 9:54 PM",,Seated Cable Row - V Grip (Cable),,,1,normal,85.0,8.0,,,
Back and bicep,"Mar 17, 2026, 9:13 PM","Mar 17, 2026, 9:54 PM",,Seated Cable Row - V Grip (Cable),,,2,normal,100.0,10.0,,,
Back and bicep,"Mar 17, 2026, 9:13 PM","Mar 17, 2026, 9:54 PM",,Triceps Pushdown,,,0,normal,45.0,10.0,,,
Back and bicep,"Mar 17, 2026, 9:13 PM","Mar 17, 2026, 9:54 PM",,Triceps Pushdown,,,1,normal,45.0,10.0,,,
Back and bicep,"Mar 17, 2026, 9:13 PM","Mar 17, 2026, 9:54 PM",,Triceps Pushdown,,,2,normal,55.0,10.0,,,
Back and bicep,"Mar 17, 2026, 9:13 PM","Mar 17, 2026, 9:54 PM",,Triceps Pressdown,,,0,normal,45.0,10.0,,,
Back and bicep,"Mar 17, 2026, 9:13 PM","Mar 17, 2026, 9:54 PM",,Triceps Pressdown,,,1,normal,45.0,10.0,,,
Back and bicep,"Mar 17, 2026, 9:13 PM","Mar 17, 2026, 9:54 PM",,Triceps Pressdown,,,2,normal,45.0,8.0,,,
Back and bicep,"Mar 17, 2026, 9:13 PM","Mar 17, 2026, 9:54 PM",,Triceps Extension (Cable),,,0,normal,10.0,15.0,,,
Back and bicep,"Mar 17, 2026, 9:13 PM","Mar 17, 2026, 9:54 PM",,Triceps Extension (Cable),,,1,normal,15.0,10.0,,,
Back and bicep,"Mar 17, 2026, 9:13 PM","Mar 17, 2026, 9:54 PM",,Triceps Extension (Cable),,,2,normal,30.0,10.0,,,
Back and bicep,"Mar 17, 2026, 9:13 PM","Mar 17, 2026, 9:54 PM",,Back Extension (Weighted Hyperextension),,,0,normal,,10.0,,,
Back and bicep,"Mar 17, 2026, 9:13 PM","Mar 17, 2026, 9:54 PM",,Back Extension (Weighted Hyperextension),,,1,normal,25.0,10.0,,,
Back and bicep,"Mar 17, 2026, 9:13 PM","Mar 17, 2026, 9:54 PM",,Back Extension (Weighted Hyperextension),,,2,normal,25.0,10.0,,,
Chest and tricep,"Mar 16, 2026, 8:28 PM","Mar 16, 2026, 9:14 PM",,Bench Press (Barbell),,,0,normal,90.0,10.0,,,
Chest and tricep,"Mar 16, 2026, 8:28 PM","Mar 16, 2026, 9:14 PM",,Bench Press (Barbell),,,1,normal,110.0,8.0,,,
Chest and tricep,"Mar 16, 2026, 8:28 PM","Mar 16, 2026, 9:14 PM",,Bench Press (Barbell),,,2,normal,140.0,3.0,,,
Chest and tricep,"Mar 16, 2026, 8:28 PM","Mar 16, 2026, 9:14 PM",,Around The World,,,0,normal,8.0,10.0,,,
Chest and tricep,"Mar 16, 2026, 8:28 PM","Mar 16, 2026, 9:14 PM",,Around The World,,,1,normal,10.0,10.0,,,
Chest and tricep,"Mar 16, 2026, 8:28 PM","Mar 16, 2026, 9:14 PM",,Around The World,,,2,normal,15.0,8.0,,,
Chest and tricep,"Mar 16, 2026, 8:28 PM","Mar 16, 2026, 9:14 PM",,Incline Bench Press (Dumbbell),,,0,normal,110.0,7.0,,,
Chest and tricep,"Mar 16, 2026, 8:28 PM","Mar 16, 2026, 9:14 PM",,Incline Bench Press (Dumbbell),,,1,normal,120.0,6.0,,,
Chest and tricep,"Mar 16, 2026, 8:28 PM","Mar 16, 2026, 9:14 PM",,Incline Bench Press (Dumbbell),,,2,normal,140.0,6.0,,,
Chest and tricep,"Mar 16, 2026, 8:28 PM","Mar 16, 2026, 9:14 PM",,Cable Fly Crossovers,,,0,normal,27.5,11.0,,,
Chest and tricep,"Mar 16, 2026, 8:28 PM","Mar 16, 2026, 9:14 PM",,Cable Fly Crossovers,,,1,normal,30.0,10.0,,,
Chest and tricep,"Mar 16, 2026, 8:28 PM","Mar 16, 2026, 9:14 PM",,Cable Fly Crossovers,,,2,normal,35.0,10.0,,,
Chest and tricep,"Mar 16, 2026, 8:28 PM","Mar 16, 2026, 9:14 PM",,Triceps Pushdown,,,0,normal,60.0,10.0,,,
Chest and tricep,"Mar 16, 2026, 8:28 PM","Mar 16, 2026, 9:14 PM",,Triceps Pushdown,,,1,normal,65.0,10.0,,,
Chest and tricep,"Mar 16, 2026, 8:28 PM","Mar 16, 2026, 9:14 PM",,Triceps Pushdown,,,2,normal,70.0,7.0,,,
Chest and tricep,"Mar 16, 2026, 8:28 PM","Mar 16, 2026, 9:14 PM",,Overhead Triceps Extension (Cable),,,0,normal,30.0,8.0,,,
Chest and tricep,"Mar 16, 2026, 8:28 PM","Mar 16, 2026, 9:14 PM",,Overhead Triceps Extension (Cable),,,1,normal,30.0,7.0,,,
Chest and tricep,"Mar 16, 2026, 8:28 PM","Mar 16, 2026, 9:14 PM",,Overhead Triceps Extension (Cable),,,2,normal,30.0,10.0,,,
Chest and tricep,"Mar 16, 2026, 8:28 PM","Mar 16, 2026, 9:14 PM",,Triceps Kickback (Cable),,,0,normal,5.0,12.0,,,
Chest and tricep,"Mar 16, 2026, 8:28 PM","Mar 16, 2026, 9:14 PM",,Triceps Kickback (Cable),,,1,normal,10.0,10.0,,,
Chest and tricep,"Mar 16, 2026, 8:28 PM","Mar 16, 2026, 9:14 PM",,Triceps Kickback (Cable),,,2,normal,15.0,10.0,,,
Chest and tricep,"Mar 16, 2026, 8:28 PM","Mar 16, 2026, 9:14 PM",,Push Up,,,0,normal,,20.0,,,
Chest and tricep,"Mar 16, 2026, 8:28 PM","Mar 16, 2026, 9:14 PM",,Push Up,,,1,normal,,15.0,,,
Chest and tricep,"Mar 16, 2026, 8:28 PM","Mar 16, 2026, 9:14 PM",,Push Up,,,2,normal,,7.0,,,
Arm Blaster,"Mar 11, 2026, 8:33 PM","Mar 11, 2026, 9:02 PM",,Warm Up,,,0,normal,,,,300.0,
Arm Blaster,"Mar 11, 2026, 8:33 PM","Mar 11, 2026, 9:02 PM",,EZ Bar Biceps Curl,0.0,,0,normal,40.0,12.0,,,
Arm Blaster,"Mar 11, 2026, 8:33 PM","Mar 11, 2026, 9:02 PM",,EZ Bar Biceps Curl,0.0,,1,normal,50.0,10.0,,,
Arm Blaster,"Mar 11, 2026, 8:33 PM","Mar 11, 2026, 9:02 PM",,EZ Bar Biceps Curl,0.0,,2,normal,60.0,10.0,,,
Arm Blaster,"Mar 11, 2026, 8:33 PM","Mar 11, 2026, 9:02 PM",,Skullcrusher (Barbell),0.0,,0,normal,40.0,10.0,,,
Arm Blaster,"Mar 11, 2026, 8:33 PM","Mar 11, 2026, 9:02 PM",,Skullcrusher (Barbell),0.0,,1,normal,50.0,10.0,,,
Arm Blaster,"Mar 11, 2026, 8:33 PM","Mar 11, 2026, 9:02 PM",,Skullcrusher (Barbell),0.0,,2,normal,60.0,10.0,,,
Arm Blaster,"Mar 11, 2026, 8:33 PM","Mar 11, 2026, 9:02 PM",,Bicep Curl (Dumbbell),1.0,,0,normal,25.0,12.0,,,
Arm Blaster,"Mar 11, 2026, 8:33 PM","Mar 11, 2026, 9:02 PM",,Bicep Curl (Dumbbell),1.0,,1,normal,30.0,10.0,,,
Arm Blaster,"Mar 11, 2026, 8:33 PM","Mar 11, 2026, 9:02 PM",,Triceps Extension (Dumbbell),1.0,,0,normal,30.0,12.0,,,
Arm Blaster,"Mar 11, 2026, 8:33 PM","Mar 11, 2026, 9:02 PM",,Triceps Extension (Dumbbell),1.0,,1,normal,35.0,12.0,,,
Arm Blaster,"Mar 11, 2026, 8:33 PM","Mar 11, 2026, 9:02 PM",,Hammer Curl (Dumbbell),2.0,,0,normal,15.0,10.0,,,
Arm Blaster,"Mar 11, 2026, 8:33 PM","Mar 11, 2026, 9:02 PM",,Hammer Curl (Dumbbell),2.0,,1,normal,20.0,10.0,,,
Arm Blaster,"Mar 11, 2026, 8:33 PM","Mar 11, 2026, 9:02 PM",,Triceps Kickback (Dumbbell),2.0,,0,normal,15.0,10.0,,,
Arm Blaster,"Mar 11, 2026, 8:33 PM","Mar 11, 2026, 9:02 PM",,Triceps Kickback (Dumbbell),2.0,,1,normal,20.0,10.0,,,
Chest and tricep,"Mar 7, 2026, 7:15 PM","Mar 7, 2026, 7:45 PM",,Bench Press (Barbell),,,0,normal,90.0,10.0,,0.0,
Chest and tricep,"Mar 7, 2026, 7:15 PM","Mar 7, 2026, 7:45 PM",,Bench Press (Barbell),,,1,normal,110.0,6.0,,0.0,
Chest and tricep,"Mar 7, 2026, 7:15 PM","Mar 7, 2026, 7:45 PM",,Bench Press (Barbell),,,2,normal,130.0,5.0,,0.0,7.0
Chest and tricep,"Mar 7, 2026, 7:15 PM","Mar 7, 2026, 7:45 PM",,Hex Press (Dumbbell),,Barbeel,0,normal,20.0,10.0,,0.0,
Chest and tricep,"Mar 7, 2026, 7:15 PM","Mar 7, 2026, 7:45 PM",,Hex Press (Dumbbell),,Barbeel,1,normal,25.0,10.0,,0.0,
Chest and tricep,"Mar 7, 2026, 7:15 PM","Mar 7, 2026, 7:45 PM",,Hex Press (Dumbbell),,Barbeel,2,normal,25.0,10.0,,0.0,
Chest and tricep,"Mar 7, 2026, 7:15 PM","Mar 7, 2026, 7:45 PM",,Incline Bench Press (Dumbbell),,,0,normal,110.0,7.0,,0.0,
Chest and tricep,"Mar 7, 2026, 7:15 PM","Mar 7, 2026, 7:45 PM",,Incline Bench Press (Dumbbell),,,1,normal,120.0,6.0,,0.0,
Chest and tricep,"Mar 7, 2026, 7:15 PM","Mar 7, 2026, 7:45 PM",,Incline Bench Press (Dumbbell),,,2,normal,140.0,6.0,,0.0,
Chest and tricep,"Mar 7, 2026, 7:15 PM","Mar 7, 2026, 7:45 PM",,Cable Fly Crossovers,,,0,normal,27.5,11.0,,0.0,
Chest and tricep,"Mar 7, 2026, 7:15 PM","Mar 7, 2026, 7:45 PM",,Cable Fly Crossovers,,,1,normal,30.0,10.0,,0.0,
Chest and tricep,"Mar 7, 2026, 7:15 PM","Mar 7, 2026, 7:45 PM",,Cable Fly Crossovers,,,2,normal,35.0,10.0,,0.0,
Chest and tricep,"Mar 7, 2026, 7:15 PM","Mar 7, 2026, 7:45 PM",,Triceps Pushdown,,,0,normal,60.0,10.0,,0.0,
Chest and tricep,"Mar 7, 2026, 7:15 PM","Mar 7, 2026, 7:45 PM",,Triceps Pushdown,,,1,normal,65.0,10.0,,0.0,
Chest and tricep,"Mar 7, 2026, 7:15 PM","Mar 7, 2026, 7:45 PM",,Triceps Pushdown,,,2,normal,70.0,7.0,,0.0,
Chest and tricep,"Mar 7, 2026, 7:15 PM","Mar 7, 2026, 7:45 PM",,Overhead Triceps Extension (Cable),,,0,normal,30.0,8.0,,0.0,
Chest and tricep,"Mar 7, 2026, 7:15 PM","Mar 7, 2026, 7:45 PM",,Overhead Triceps Extension (Cable),,,1,normal,30.0,7.0,,0.0,
Chest and tricep,"Mar 7, 2026, 7:15 PM","Mar 7, 2026, 7:45 PM",,Overhead Triceps Extension (Cable),,,2,normal,30.0,10.0,,0.0,
Chest and tricep,"Mar 7, 2026, 7:15 PM","Mar 7, 2026, 7:45 PM",,Triceps Kickback (Cable),,,0,normal,5.0,12.0,,0.0,
Chest and tricep,"Mar 7, 2026, 7:15 PM","Mar 7, 2026, 7:45 PM",,Triceps Kickback (Cable),,,1,normal,10.0,10.0,,0.0,
Chest and tricep,"Mar 7, 2026, 7:15 PM","Mar 7, 2026, 7:45 PM",,Triceps Kickback (Cable),,,2,normal,15.0,10.0,,0.0,
Chest and tricep,"Mar 7, 2026, 7:15 PM","Mar 7, 2026, 7:45 PM",,Push Up,,,0,normal,,20.0,,0.0,
Chest and tricep,"Mar 7, 2026, 7:15 PM","Mar 7, 2026, 7:45 PM",,Push Up,,,1,normal,,15.0,,0.0,
Chest and tricep,"Mar 7, 2026, 7:15 PM","Mar 7, 2026, 7:45 PM",,Push Up,,,2,normal,,7.0,,0.0,
Missing workouts,"Mar 4, 2026, 7:15 PM","Mar 4, 2026, 7:43 PM",,Incline Bench Press (Barbell),,,0,normal,45.0,8.0,,0.0,
Missing workouts,"Mar 4, 2026, 7:15 PM","Mar 4, 2026, 7:43 PM",,Incline Bench Press (Barbell),,,1,normal,45.0,6.0,,0.0,8.5
Missing workouts,"Mar 4, 2026, 7:15 PM","Mar 4, 2026, 7:43 PM",,Incline Bench Press (Barbell),,,2,normal,55.0,6.0,,0.0,
Missing workouts,"Mar 4, 2026, 7:15 PM","Mar 4, 2026, 7:43 PM",,Incline Bench Press (Barbell),,,3,normal,55.0,6.0,,0.0,
Missing workouts,"Mar 4, 2026, 7:15 PM","Mar 4, 2026, 7:43 PM",,Around The World,,,0,normal,8.0,10.0,,0.0,
Missing workouts,"Mar 4, 2026, 7:15 PM","Mar 4, 2026, 7:43 PM",,Around The World,,,1,normal,10.0,10.0,,0.0,
Missing workouts,"Mar 4, 2026, 7:15 PM","Mar 4, 2026, 7:43 PM",,Around The World,,,2,normal,15.0,8.0,,0.0,
Missing workouts,"Mar 4, 2026, 7:15 PM","Mar 4, 2026, 7:43 PM",,Back Extension (Weighted Hyperextension),,,0,normal,,10.0,,0.0,
Missing workouts,"Mar 4, 2026, 7:15 PM","Mar 4, 2026, 7:43 PM",,Back Extension (Weighted Hyperextension),,,1,normal,25.0,10.0,,0.0,7.0
Missing workouts,"Mar 4, 2026, 7:15 PM","Mar 4, 2026, 7:43 PM",,Back Extension (Weighted Hyperextension),,,2,normal,25.0,10.0,,0.0,7.0
Missing workouts,"Mar 4, 2026, 7:15 PM","Mar 4, 2026, 7:43 PM",,Romanian Deadlift (Dumbbell),,,0,normal,25.0,10.0,,0.0,
Missing workouts,"Mar 4, 2026, 7:15 PM","Mar 4, 2026, 7:43 PM",,Romanian Deadlift (Dumbbell),,,1,normal,25.0,9.0,,0.0,
Missing workouts,"Mar 4, 2026, 7:15 PM","Mar 4, 2026, 7:43 PM",,Romanian Deadlift (Dumbbell),,,2,normal,25.0,10.0,,0.0,
Missing workouts,"Mar 4, 2026, 7:15 PM","Mar 4, 2026, 7:43 PM",,Dumbbell Squeeze Press,,,0,normal,15.0,10.0,,0.0,
Missing workouts,"Mar 4, 2026, 7:15 PM","Mar 4, 2026, 7:43 PM",,Dumbbell Squeeze Press,,,1,normal,20.0,10.0,,0.0,
Missing workouts,"Mar 4, 2026, 7:15 PM","Mar 4, 2026, 7:43 PM",,Dumbbell Squeeze Press,,,2,normal,25.0,10.0,,0.0,10.0
Arm Blaster,"Mar 3, 2026, 8:08 PM","Mar 3, 2026, 8:40 PM",,Warm Up,,,0,normal,,0.0,,300.0,
Arm Blaster,"Mar 3, 2026, 8:08 PM","Mar 3, 2026, 8:40 PM",,EZ Bar Biceps Curl,0.0,,0,normal,30.0,15.0,,0.0,
Arm Blaster,"Mar 3, 2026, 8:08 PM","Mar 3, 2026, 8:40 PM",,EZ Bar Biceps Curl,0.0,,1,normal,40.0,8.0,,0.0,6.0
Arm Blaster,"Mar 3, 2026, 8:08 PM","Mar 3, 2026, 8:40 PM",,EZ Bar Biceps Curl,0.0,,2,normal,45.0,8.0,,0.0,
Arm Blaster,"Mar 3, 2026, 8:08 PM","Mar 3, 2026, 8:40 PM",,Shoulder Press (Dumbbell),0.0,,0,normal,45.0,8.0,,0.0,
Arm Blaster,"Mar 3, 2026, 8:08 PM","Mar 3, 2026, 8:40 PM",,Shoulder Press (Dumbbell),0.0,,1,normal,40.0,8.0,,0.0,
Arm Blaster,"Mar 3, 2026, 8:08 PM","Mar 3, 2026, 8:40 PM",,Shoulder Press (Dumbbell),0.0,,2,normal,45.0,8.0,,0.0,7.0
Arm Blaster,"Mar 3, 2026, 8:08 PM","Mar 3, 2026, 8:40 PM",,Bicep Curl (Dumbbell),1.0,,0,normal,25.0,10.0,,0.0,6.0
Arm Blaster,"Mar 3, 2026, 8:08 PM","Mar 3, 2026, 8:40 PM",,Bicep Curl (Dumbbell),1.0,,1,normal,30.0,10.0,,0.0,7.0
Arm Blaster,"Mar 3, 2026, 8:08 PM","Mar 3, 2026, 8:40 PM",,Front Raise (Dumbbell),1.0,,0,normal,15.0,10.0,,0.0,
Arm Blaster,"Mar 3, 2026, 8:08 PM","Mar 3, 2026, 8:40 PM",,Front Raise (Dumbbell),1.0,,1,normal,17.5,8.0,,0.0,9.0
Arm Blaster,"Mar 3, 2026, 8:08 PM","Mar 3, 2026, 8:40 PM",,Concentration Curl,2.0,,0,normal,15.0,10.0,,0.0,
Arm Blaster,"Mar 3, 2026, 8:08 PM","Mar 3, 2026, 8:40 PM",,Concentration Curl,2.0,,1,normal,20.0,10.0,,0.0,6.0
Arm Blaster,"Mar 3, 2026, 8:08 PM","Mar 3, 2026, 8:40 PM",,Concentration Curl,2.0,,2,normal,25.5,8.0,,0.0,
Arm Blaster,"Mar 3, 2026, 8:08 PM","Mar 3, 2026, 8:40 PM",,Seated Lateral Raise (Dumbbell),2.0,,0,normal,15.0,10.0,,0.0,
Arm Blaster,"Mar 3, 2026, 8:08 PM","Mar 3, 2026, 8:40 PM",,Seated Lateral Raise (Dumbbell),2.0,,1,normal,17.5,10.0,,0.0,7.0
Arm Blaster,"Mar 3, 2026, 8:08 PM","Mar 3, 2026, 8:40 PM",,Seated Lateral Raise (Dumbbell),2.0,,2,normal,22.5,6.0,,0.0,10.0
Arm Blaster,"Mar 3, 2026, 8:08 PM","Mar 3, 2026, 8:40 PM",,Rear Delt Reverse Fly (Machine),,,0,normal,120.0,10.0,,0.0,
Arm Blaster,"Mar 3, 2026, 8:08 PM","Mar 3, 2026, 8:40 PM",,Rear Delt Reverse Fly (Machine),,,1,normal,140.0,8.0,,0.0,10.0
Arm Blaster,"Mar 3, 2026, 8:08 PM","Mar 3, 2026, 8:40 PM",,Rear Delt Reverse Fly (Machine),,,2,normal,140.0,6.0,,0.0,7.0
Black and bicep,"Mar 2, 2026, 7:16 PM","Mar 2, 2026, 8:03 PM",,Lat Pulldown (Cable),,,0,normal,130.0,10.0,,0.0,
Black and bicep,"Mar 2, 2026, 7:16 PM","Mar 2, 2026, 8:03 PM",,Lat Pulldown (Cable),,,1,normal,160.0,8.0,,0.0,
Black and bicep,"Mar 2, 2026, 7:16 PM","Mar 2, 2026, 8:03 PM",,Lat Pulldown (Cable),,,2,normal,160.0,8.0,,0.0,
Black and bicep,"Mar 2, 2026, 7:16 PM","Mar 2, 2026, 8:03 PM",,Lat Pulldown (Cable),,,3,normal,175.0,6.0,,0.0,10.0
Black and bicep,"Mar 2, 2026, 7:16 PM","Mar 2, 2026, 8:03 PM",,Dumbbell Row,,,0,normal,55.0,12.0,,0.0,
Black and bicep,"Mar 2, 2026, 7:16 PM","Mar 2, 2026, 8:03 PM",,Dumbbell Row,,,1,normal,55.0,10.0,,0.0,
Black and bicep,"Mar 2, 2026, 7:16 PM","Mar 2, 2026, 8:03 PM",,Dumbbell Row,,,2,normal,55.0,10.0,,0.0,
Black and bicep,"Mar 2, 2026, 7:16 PM","Mar 2, 2026, 8:03 PM",,Dumbbell Row,,,3,normal,55.0,10.0,,0.0,
Black and bicep,"Mar 2, 2026, 7:16 PM","Mar 2, 2026, 8:03 PM",,Iso-Lateral High Row (Machine),,,0,normal,90.0,10.0,,0.0,6.0
Black and bicep,"Mar 2, 2026, 7:16 PM","Mar 2, 2026, 8:03 PM",,Iso-Lateral High Row (Machine),,,1,normal,115.5,10.0,,0.0,
Black and bicep,"Mar 2, 2026, 7:16 PM","Mar 2, 2026, 8:03 PM",,Iso-Lateral High Row (Machine),,,2,normal,135.0,8.0,,0.0,7.5
Black and bicep,"Mar 2, 2026, 7:16 PM","Mar 2, 2026, 8:03 PM",,Iso-Lateral High Row (Machine),,,3,normal,160.0,5.0,,0.0,10.0
Black and bicep,"Mar 2, 2026, 7:16 PM","Mar 2, 2026, 8:03 PM",,Seated Cable Row - V Grip (Cable),,,0,normal,115.0,8.0,,0.0,
Black and bicep,"Mar 2, 2026, 7:16 PM","Mar 2, 2026, 8:03 PM",,Seated Cable Row - V Grip (Cable),,,1,normal,130.0,8.0,,0.0,
Black and bicep,"Mar 2, 2026, 7:16 PM","Mar 2, 2026, 8:03 PM",,Seated Cable Row - V Grip (Cable),,,2,normal,130.0,8.0,,0.0,
Black and bicep,"Mar 2, 2026, 7:16 PM","Mar 2, 2026, 8:03 PM",,Seated Cable Row - V Grip (Cable),,,3,normal,130.0,8.0,,0.0,
Black and bicep,"Mar 2, 2026, 7:16 PM","Mar 2, 2026, 8:03 PM",,Behind the Back Curl (Cable),0.0,,0,normal,10.0,10.0,,0.0,
Black and bicep,"Mar 2, 2026, 7:16 PM","Mar 2, 2026, 8:03 PM",,Behind the Back Curl (Cable),0.0,,1,normal,10.0,10.0,,0.0,
Black and bicep,"Mar 2, 2026, 7:16 PM","Mar 2, 2026, 8:03 PM",,Behind the Back Curl (Cable),0.0,,2,normal,10.0,10.0,,0.0,
Black and bicep,"Mar 2, 2026, 7:16 PM","Mar 2, 2026, 8:03 PM",,Hammer Curl (Dumbbell),0.0,,0,normal,15.0,10.0,,0.0,
Black and bicep,"Mar 2, 2026, 7:16 PM","Mar 2, 2026, 8:03 PM",,Hammer Curl (Dumbbell),0.0,,1,normal,15.0,10.0,,0.0,
Black and bicep,"Mar 2, 2026, 7:16 PM","Mar 2, 2026, 8:03 PM",,Hammer Curl (Dumbbell),0.0,,2,normal,15.0,10.0,,0.0,
Black and bicep,"Mar 2, 2026, 7:16 PM","Mar 2, 2026, 8:03 PM",,Shrug (Dumbbell),,,0,normal,65.0,10.0,,0.0,
Black and bicep,"Mar 2, 2026, 7:16 PM","Mar 2, 2026, 8:03 PM",,Shrug (Dumbbell),,,1,normal,70.0,10.0,,0.0,
Black and bicep,"Mar 2, 2026, 7:16 PM","Mar 2, 2026, 8:03 PM",,Shrug (Dumbbell),,,2,normal,75.0,10.0,,0.0,
Black and bicep,"Mar 2, 2026, 7:16 PM","Mar 2, 2026, 8:03 PM",,Back Extension (Weighted Hyperextension),,,0,normal,,10.0,,0.0,
Black and bicep,"Mar 2, 2026, 7:16 PM","Mar 2, 2026, 8:03 PM",,Back Extension (Weighted Hyperextension),,,1,normal,,10.0,,0.0,
Black and bicep,"Mar 2, 2026, 7:16 PM","Mar 2, 2026, 8:03 PM",,Back Extension (Weighted Hyperextension),,,2,normal,,10.0,,0.0,7.0
Shoulder and leg,"Feb 27, 2026, 7:25 PM","Feb 27, 2026, 8:44 PM",,Treadmill,,,0,normal,,,,1200.0,
Shoulder and leg,"Feb 27, 2026, 7:25 PM","Feb 27, 2026, 8:44 PM",,Lunge (Barbell),,,0,normal,25.0,9.0,,,
Shoulder and leg,"Feb 27, 2026, 7:25 PM","Feb 27, 2026, 8:44 PM",,Lunge (Barbell),,,1,normal,45.0,7.0,,,
Shoulder and leg,"Feb 27, 2026, 7:25 PM","Feb 27, 2026, 8:44 PM",,Lunge (Barbell),,,2,normal,55.0,6.0,,,
Shoulder and leg,"Feb 27, 2026, 7:25 PM","Feb 27, 2026, 8:44 PM",,Leg Press (Machine),,,0,normal,360.0,10.0,,,
Shoulder and leg,"Feb 27, 2026, 7:25 PM","Feb 27, 2026, 8:44 PM",,Leg Press (Machine),,,1,normal,450.0,7.0,,,
Shoulder and leg,"Feb 27, 2026, 7:25 PM","Feb 27, 2026, 8:44 PM",,Leg Press (Machine),,,2,normal,540.0,5.0,,,
Shoulder and leg,"Feb 27, 2026, 7:25 PM","Feb 27, 2026, 8:44 PM",,Leg Press (Machine),,,3,normal,540.0,5.0,,,
Shoulder and leg,"Feb 27, 2026, 7:25 PM","Feb 27, 2026, 8:44 PM",,Shoulder Press (Machine Plates),,,0,normal,45.0,10.0,,,
Shoulder and leg,"Feb 27, 2026, 7:25 PM","Feb 27, 2026, 8:44 PM",,Shoulder Press (Machine Plates),,,1,normal,70.0,8.0,,,
Shoulder and leg,"Feb 27, 2026, 7:25 PM","Feb 27, 2026, 8:44 PM",,Shoulder Press (Machine Plates),,,2,normal,80.0,6.0,,,
Shoulder and leg,"Feb 27, 2026, 7:25 PM","Feb 27, 2026, 8:44 PM",,Seated Lateral Raise (Dumbbell),0.0,,0,normal,12.0,12.0,,,
Shoulder and leg,"Feb 27, 2026, 7:25 PM","Feb 27, 2026, 8:44 PM",,Seated Lateral Raise (Dumbbell),0.0,,1,normal,17.5,8.0,,,
Shoulder and leg,"Feb 27, 2026, 7:25 PM","Feb 27, 2026, 8:44 PM",,Seated Lateral Raise (Dumbbell),0.0,,2,normal,20.0,6.0,,,
Shoulder and leg,"Feb 27, 2026, 7:25 PM","Feb 27, 2026, 8:44 PM",,Front Raise (Dumbbell),0.0,,0,normal,15.0,10.0,,,
Shoulder and leg,"Feb 27, 2026, 7:25 PM","Feb 27, 2026, 8:44 PM",,Front Raise (Dumbbell),0.0,,1,normal,17.5,8.0,,,
Shoulder and leg,"Feb 27, 2026, 7:25 PM","Feb 27, 2026, 8:44 PM",,Front Raise (Dumbbell),0.0,,2,normal,17.5,8.0,,,
Shoulder and leg,"Feb 27, 2026, 7:25 PM","Feb 27, 2026, 8:44 PM",,Rear Delt Reverse Fly (Machine),,,0,normal,100.0,10.0,,,
Shoulder and leg,"Feb 27, 2026, 7:25 PM","Feb 27, 2026, 8:44 PM",,Rear Delt Reverse Fly (Machine),,,1,normal,140.0,7.0,,,
Shoulder and leg,"Feb 27, 2026, 7:25 PM","Feb 27, 2026, 8:44 PM",,Rear Delt Reverse Fly (Machine),,,2,normal,140.0,6.0,,,
Shoulder and leg,"Feb 27, 2026, 7:25 PM","Feb 27, 2026, 8:44 PM",,Leg Extension (Machine),,,0,normal,170.0,8.0,,,
Shoulder and leg,"Feb 27, 2026, 7:25 PM","Feb 27, 2026, 8:44 PM",,Leg Extension (Machine),,,1,normal,190.0,8.0,,,
Shoulder and leg,"Feb 27, 2026, 7:25 PM","Feb 27, 2026, 8:44 PM",,Leg Extension (Machine),,,2,normal,220.0,6.0,,,
Shoulder and leg,"Feb 27, 2026, 7:25 PM","Feb 27, 2026, 8:44 PM",,Lying Leg Curl (Machine),,,0,normal,25.0,10.0,,,
Shoulder and leg,"Feb 27, 2026, 7:25 PM","Feb 27, 2026, 8:44 PM",,Lying Leg Curl (Machine),,,1,normal,25.0,10.0,,,
Shoulder and leg,"Feb 27, 2026, 7:25 PM","Feb 27, 2026, 8:44 PM",,Lying Leg Curl (Machine),,,2,normal,25.0,10.0,,,
Shoulder and leg,"Feb 27, 2026, 7:25 PM","Feb 27, 2026, 8:44 PM",,Single Leg Standing Calf Raise (Machine),,,0,normal,45.0,15.0,,,
Shoulder and leg,"Feb 27, 2026, 7:25 PM","Feb 27, 2026, 8:44 PM",,Single Leg Standing Calf Raise (Machine),,,1,normal,45.0,12.0,,,
Shoulder and leg,"Feb 27, 2026, 7:25 PM","Feb 27, 2026, 8:44 PM",,Single Leg Standing Calf Raise (Machine),,,2,normal,45.0,10.0,,,
Shoulder and leg,"Feb 27, 2026, 7:25 PM","Feb 27, 2026, 8:44 PM",,Shrug (Machine),,,0,normal,45.0,10.0,,,
Shoulder and leg,"Feb 27, 2026, 7:25 PM","Feb 27, 2026, 8:44 PM",,Shrug (Machine),,,1,normal,90.0,10.0,,,
Shoulder and leg,"Feb 27, 2026, 7:25 PM","Feb 27, 2026, 8:44 PM",,Shrug (Machine),,,2,normal,90.0,10.0,,,
Chest and tricep,"Feb 22, 2026, 7:03 PM","Feb 22, 2026, 7:51 PM",,Treadmill,,,0,normal,,,,600.0,
Chest and tricep,"Feb 22, 2026, 7:03 PM","Feb 22, 2026, 7:51 PM",,Bench Press (Barbell),,,0,normal,90.0,10.0,,,
Chest and tricep,"Feb 22, 2026, 7:03 PM","Feb 22, 2026, 7:51 PM",,Bench Press (Barbell),,,1,normal,110.0,8.0,,,
Chest and tricep,"Feb 22, 2026, 7:03 PM","Feb 22, 2026, 7:51 PM",,Bench Press (Barbell),,,2,normal,130.0,5.0,,,
Chest and tricep,"Feb 22, 2026, 7:03 PM","Feb 22, 2026, 7:51 PM",,Bench Press (Barbell),,,3,normal,130.0,5.0,,,
Chest and tricep,"Feb 22, 2026, 7:03 PM","Feb 22, 2026, 7:51 PM",,Incline Bench Press (Barbell),,,0,normal,45.0,8.0,,,
Chest and tricep,"Feb 22, 2026, 7:03 PM","Feb 22, 2026, 7:51 PM",,Incline Bench Press (Barbell),,,1,normal,55.0,6.0,,,
Chest and tricep,"Feb 22, 2026, 7:03 PM","Feb 22, 2026, 7:51 PM",,Incline Bench Press (Barbell),,,2,normal,55.0,6.0,,,
Chest and tricep,"Feb 22, 2026, 7:03 PM","Feb 22, 2026, 7:51 PM",,Iso-Lateral Chest Press (Machine),,,0,normal,25.0,10.0,,,
Chest and tricep,"Feb 22, 2026, 7:03 PM","Feb 22, 2026, 7:51 PM",,Iso-Lateral Chest Press (Machine),,,1,normal,45.0,8.0,,,
Chest and tricep,"Feb 22, 2026, 7:03 PM","Feb 22, 2026, 7:51 PM",,Iso-Lateral Chest Press (Machine),,,2,normal,55.0,8.0,,,
Chest and tricep,"Feb 22, 2026, 7:03 PM","Feb 22, 2026, 7:51 PM",,Chest Fly (Machine),,,0,normal,120.0,10.0,,,
Chest and tricep,"Feb 22, 2026, 7:03 PM","Feb 22, 2026, 7:51 PM",,Chest Fly (Machine),,,1,normal,160.0,6.0,,,
Chest and tricep,"Feb 22, 2026, 7:03 PM","Feb 22, 2026, 7:51 PM",,Chest Fly (Machine),,,2,normal,160.0,6.0,,,
Chest and tricep,"Feb 22, 2026, 7:03 PM","Feb 22, 2026, 7:51 PM",,Cable Fly Crossovers,,,0,normal,27.5,11.0,,,
Chest and tricep,"Feb 22, 2026, 7:03 PM","Feb 22, 2026, 7:51 PM",,Cable Fly Crossovers,,,1,normal,30.0,10.0,,,
Chest and tricep,"Feb 22, 2026, 7:03 PM","Feb 22, 2026, 7:51 PM",,Cable Fly Crossovers,,,2,normal,35.0,10.0,,,
Chest and tricep,"Feb 22, 2026, 7:03 PM","Feb 22, 2026, 7:51 PM",,Triceps Pushdown,0.0,,0,normal,60.0,10.0,,,
Chest and tricep,"Feb 22, 2026, 7:03 PM","Feb 22, 2026, 7:51 PM",,Triceps Pushdown,0.0,,1,normal,65.0,10.0,,,
Chest and tricep,"Feb 22, 2026, 7:03 PM","Feb 22, 2026, 7:51 PM",,Triceps Pushdown,0.0,,2,normal,70.0,7.0,,,
Chest and tricep,"Feb 22, 2026, 7:03 PM","Feb 22, 2026, 7:51 PM",,Overhead Triceps Extension (Cable),0.0,,0,normal,30.0,8.0,,,
Chest and tricep,"Feb 22, 2026, 7:03 PM","Feb 22, 2026, 7:51 PM",,Overhead Triceps Extension (Cable),0.0,,1,normal,30.0,7.0,,,
Chest and tricep,"Feb 22, 2026, 7:03 PM","Feb 22, 2026, 7:51 PM",,Overhead Triceps Extension (Cable),0.0,,2,normal,30.0,10.0,,,
Chest and tricep,"Feb 22, 2026, 7:03 PM","Feb 22, 2026, 7:51 PM",,Skullcrusher (Dumbbell),,,0,normal,22.5,10.0,,,
Chest and tricep,"Feb 22, 2026, 7:03 PM","Feb 22, 2026, 7:51 PM",,Skullcrusher (Dumbbell),,,1,normal,22.5,10.0,,,
Chest and tricep,"Feb 22, 2026, 7:03 PM","Feb 22, 2026, 7:51 PM",,Skullcrusher (Dumbbell),,,2,normal,40.0,10.0,,,
Chest and tricep,"Feb 22, 2026, 7:03 PM","Feb 22, 2026, 7:51 PM",,Crunch,,,0,normal,,15.0,,,
Chest and tricep,"Feb 22, 2026, 7:03 PM","Feb 22, 2026, 7:51 PM",,Crunch,,,1,normal,,15.0,,,
Chest and tricep,"Feb 22, 2026, 7:03 PM","Feb 22, 2026, 7:51 PM",,Crunch,,,2,normal,,15.0,,,
Chest and tricep,"Feb 22, 2026, 7:03 PM","Feb 22, 2026, 7:51 PM",,Crunch,,,3,normal,,13.0,,,
Chest and tricep,"Feb 22, 2026, 7:03 PM","Feb 22, 2026, 7:51 PM",,Treadmill,,,0,normal,,,,900.0,
Shoulder and leg,"Feb 18, 2026, 8:54 PM","Feb 18, 2026, 9:55 PM",,Lunge (Barbell),,,0,normal,25.0,9.0,,0.0,
Shoulder and leg,"Feb 18, 2026, 8:54 PM","Feb 18, 2026, 9:55 PM",,Lunge (Barbell),,,1,normal,45.0,7.0,,0.0,
Shoulder and leg,"Feb 18, 2026, 8:54 PM","Feb 18, 2026, 9:55 PM",,Lunge (Barbell),,,2,normal,55.0,6.0,,0.0,
Shoulder and leg,"Feb 18, 2026, 8:54 PM","Feb 18, 2026, 9:55 PM",,Leg Press (Machine),,,0,normal,360.0,10.0,,0.0,
Shoulder and leg,"Feb 18, 2026, 8:54 PM","Feb 18, 2026, 9:55 PM",,Leg Press (Machine),,,1,normal,450.0,7.0,,0.0,9.0
Shoulder and leg,"Feb 18, 2026, 8:54 PM","Feb 18, 2026, 9:55 PM",,Leg Press (Machine),,,2,normal,540.0,5.0,,0.0,
Shoulder and leg,"Feb 18, 2026, 8:54 PM","Feb 18, 2026, 9:55 PM",,Leg Press (Machine),,,3,normal,540.0,5.0,,0.0,
Shoulder and leg,"Feb 18, 2026, 8:54 PM","Feb 18, 2026, 9:55 PM",,Shoulder Press (Machine Plates),,,0,normal,45.0,10.0,,0.0,
Shoulder and leg,"Feb 18, 2026, 8:54 PM","Feb 18, 2026, 9:55 PM",,Shoulder Press (Machine Plates),,,1,normal,70.0,8.0,,0.0,
Shoulder and leg,"Feb 18, 2026, 8:54 PM","Feb 18, 2026, 9:55 PM",,Shoulder Press (Machine Plates),,,2,normal,80.0,6.0,,0.0,
Shoulder and leg,"Feb 18, 2026, 8:54 PM","Feb 18, 2026, 9:55 PM",,Seated Lateral Raise (Dumbbell),0.0,,0,normal,12.0,12.0,,0.0,
Shoulder and leg,"Feb 18, 2026, 8:54 PM","Feb 18, 2026, 9:55 PM",,Seated Lateral Raise (Dumbbell),0.0,,1,normal,17.5,8.0,,0.0,
Shoulder and leg,"Feb 18, 2026, 8:54 PM","Feb 18, 2026, 9:55 PM",,Seated Lateral Raise (Dumbbell),0.0,,2,normal,20.0,6.0,,0.0,
Shoulder and leg,"Feb 18, 2026, 8:54 PM","Feb 18, 2026, 9:55 PM",,Front Raise (Dumbbell),0.0,,0,normal,15.0,10.0,,0.0,8.5
Shoulder and leg,"Feb 18, 2026, 8:54 PM","Feb 18, 2026, 9:55 PM",,Front Raise (Dumbbell),0.0,,1,normal,17.5,8.0,,0.0,
Shoulder and leg,"Feb 18, 2026, 8:54 PM","Feb 18, 2026, 9:55 PM",,Front Raise (Dumbbell),0.0,,2,normal,17.5,8.0,,0.0,
Shoulder and leg,"Feb 18, 2026, 8:54 PM","Feb 18, 2026, 9:55 PM",,Rear Delt Reverse Fly (Machine),,,0,normal,100.0,10.0,,0.0,
Shoulder and leg,"Feb 18, 2026, 8:54 PM","Feb 18, 2026, 9:55 PM",,Rear Delt Reverse Fly (Machine),,,1,normal,140.0,7.0,,0.0,
Shoulder and leg,"Feb 18, 2026, 8:54 PM","Feb 18, 2026, 9:55 PM",,Rear Delt Reverse Fly (Machine),,,2,normal,140.0,6.0,,0.0,
Shoulder and leg,"Feb 18, 2026, 8:54 PM","Feb 18, 2026, 9:55 PM",,Leg Extension (Machine),,,0,normal,170.0,8.0,,0.0,
Shoulder and leg,"Feb 18, 2026, 8:54 PM","Feb 18, 2026, 9:55 PM",,Leg Extension (Machine),,,1,normal,190.0,8.0,,0.0,
Shoulder and leg,"Feb 18, 2026, 8:54 PM","Feb 18, 2026, 9:55 PM",,Leg Extension (Machine),,,2,normal,220.0,6.0,,0.0,
Shoulder and leg,"Feb 18, 2026, 8:54 PM","Feb 18, 2026, 9:55 PM",,Lying Leg Curl (Machine),,,0,normal,25.0,10.0,,0.0,
Shoulder and leg,"Feb 18, 2026, 8:54 PM","Feb 18, 2026, 9:55 PM",,Lying Leg Curl (Machine),,,1,normal,25.0,10.0,,0.0,
Shoulder and leg,"Feb 18, 2026, 8:54 PM","Feb 18, 2026, 9:55 PM",,Lying Leg Curl (Machine),,,2,normal,25.0,10.0,,0.0,
Shoulder and leg,"Feb 18, 2026, 8:54 PM","Feb 18, 2026, 9:55 PM",,Single Leg Standing Calf Raise (Machine),,,0,normal,45.0,15.0,,0.0,
Shoulder and leg,"Feb 18, 2026, 8:54 PM","Feb 18, 2026, 9:55 PM",,Single Leg Standing Calf Raise (Machine),,,1,normal,45.0,12.0,,0.0,
Shoulder and leg,"Feb 18, 2026, 8:54 PM","Feb 18, 2026, 9:55 PM",,Single Leg Standing Calf Raise (Machine),,,2,normal,45.0,10.0,,0.0,
Shoulder and leg,"Feb 18, 2026, 8:54 PM","Feb 18, 2026, 9:55 PM",,Shrug (Machine),,,0,normal,45.0,10.0,,0.0,
Shoulder and leg,"Feb 18, 2026, 8:54 PM","Feb 18, 2026, 9:55 PM",,Shrug (Machine),,,1,normal,90.0,10.0,,0.0,
Shoulder and leg,"Feb 18, 2026, 8:54 PM","Feb 18, 2026, 9:55 PM",,Shrug (Machine),,,2,normal,90.0,10.0,,0.0,
Chest and tricep,"Feb 16, 2026, 7:53 PM","Feb 16, 2026, 9:04 PM",,Treadmill,,,0,normal,,,,600.0,
Chest and tricep,"Feb 16, 2026, 7:53 PM","Feb 16, 2026, 9:04 PM",,Bench Press (Barbell),,,0,normal,90.0,10.0,,,
Chest and tricep,"Feb 16, 2026, 7:53 PM","Feb 16, 2026, 9:04 PM",,Bench Press (Barbell),,,1,normal,110.0,8.0,,,7.0
Chest and tricep,"Feb 16, 2026, 7:53 PM","Feb 16, 2026, 9:04 PM",,Bench Press (Barbell),,,2,normal,130.0,5.0,,,10.0
Chest and tricep,"Feb 16, 2026, 7:53 PM","Feb 16, 2026, 9:04 PM",,Bench Press (Barbell),,,3,normal,130.0,5.0,,,10.0
Chest and tricep,"Feb 16, 2026, 7:53 PM","Feb 16, 2026, 9:04 PM",,Incline Bench Press (Barbell),,,0,normal,45.0,8.0,,,
Chest and tricep,"Feb 16, 2026, 7:53 PM","Feb 16, 2026, 9:04 PM",,Incline Bench Press (Barbell),,,1,normal,55.0,6.0,,,
Chest and tricep,"Feb 16, 2026, 7:53 PM","Feb 16, 2026, 9:04 PM",,Incline Bench Press (Barbell),,,2,normal,55.0,6.0,,,
Chest and tricep,"Feb 16, 2026, 7:53 PM","Feb 16, 2026, 9:04 PM",,Iso-Lateral Chest Press (Machine),,,0,normal,25.0,10.0,,,6.0
Chest and tricep,"Feb 16, 2026, 7:53 PM","Feb 16, 2026, 9:04 PM",,Iso-Lateral Chest Press (Machine),,,1,normal,45.0,8.0,,,7.0
Chest and tricep,"Feb 16, 2026, 7:53 PM","Feb 16, 2026, 9:04 PM",,Iso-Lateral Chest Press (Machine),,,2,normal,55.0,8.0,,,
Chest and tricep,"Feb 16, 2026, 7:53 PM","Feb 16, 2026, 9:04 PM",,Chest Fly (Machine),,,0,normal,120.0,10.0,,,
Chest and tricep,"Feb 16, 2026, 7:53 PM","Feb 16, 2026, 9:04 PM",,Chest Fly (Machine),,,1,normal,160.0,6.0,,,
Chest and tricep,"Feb 16, 2026, 7:53 PM","Feb 16, 2026, 9:04 PM",,Chest Fly (Machine),,,2,normal,160.0,6.0,,,
Chest and tricep,"Feb 16, 2026, 7:53 PM","Feb 16, 2026, 9:04 PM",,Cable Fly Crossovers,,,0,normal,27.5,11.0,,,
Chest and tricep,"Feb 16, 2026, 7:53 PM","Feb 16, 2026, 9:04 PM",,Cable Fly Crossovers,,,1,normal,30.0,10.0,,,
Chest and tricep,"Feb 16, 2026, 7:53 PM","Feb 16, 2026, 9:04 PM",,Cable Fly Crossovers,,,2,normal,35.0,10.0,,,8.5
Chest and tricep,"Feb 16, 2026, 7:53 PM","Feb 16, 2026, 9:04 PM",,Triceps Pushdown,0.0,,0,normal,60.0,10.0,,,
Chest and tricep,"Feb 16, 2026, 7:53 PM","Feb 16, 2026, 9:04 PM",,Triceps Pushdown,0.0,,1,normal,65.0,10.0,,,
Chest and tricep,"Feb 16, 2026, 7:53 PM","Feb 16, 2026, 9:04 PM",,Triceps Pushdown,0.0,,2,normal,70.0,7.0,,,
Chest and tricep,"Feb 16, 2026, 7:53 PM","Feb 16, 2026, 9:04 PM",,Overhead Triceps Extension (Cable),0.0,,0,normal,30.0,8.0,,,
Chest and tricep,"Feb 16, 2026, 7:53 PM","Feb 16, 2026, 9:04 PM",,Overhead Triceps Extension (Cable),0.0,,1,normal,30.0,7.0,,,
Chest and tricep,"Feb 16, 2026, 7:53 PM","Feb 16, 2026, 9:04 PM",,Overhead Triceps Extension (Cable),0.0,,2,normal,30.0,10.0,,,
Chest and tricep,"Feb 16, 2026, 7:53 PM","Feb 16, 2026, 9:04 PM",,Skullcrusher (Dumbbell),,,0,normal,22.5,10.0,,,
Chest and tricep,"Feb 16, 2026, 7:53 PM","Feb 16, 2026, 9:04 PM",,Skullcrusher (Dumbbell),,,1,normal,22.5,10.0,,,
Chest and tricep,"Feb 16, 2026, 7:53 PM","Feb 16, 2026, 9:04 PM",,Skullcrusher (Dumbbell),,,2,normal,40.0,10.0,,,
Chest and tricep,"Feb 16, 2026, 7:53 PM","Feb 16, 2026, 9:04 PM",,Crunch,,,0,normal,,15.0,,,
Chest and tricep,"Feb 16, 2026, 7:53 PM","Feb 16, 2026, 9:04 PM",,Crunch,,,1,normal,,15.0,,,
Chest and tricep,"Feb 16, 2026, 7:53 PM","Feb 16, 2026, 9:04 PM",,Crunch,,,2,normal,,15.0,,,
Chest and tricep,"Feb 16, 2026, 7:53 PM","Feb 16, 2026, 9:04 PM",,Crunch,,,3,normal,,13.0,,,
Back and bicep,"Feb 14, 2026, 7:09 PM","Feb 14, 2026, 7:47 PM",,Lat Pulldown (Cable),,,0,normal,145.0,8.0,,,6.0
Back and bicep,"Feb 14, 2026, 7:09 PM","Feb 14, 2026, 7:47 PM",,Lat Pulldown (Cable),,,1,normal,160.0,8.0,,,8.0
Back and bicep,"Feb 14, 2026, 7:09 PM","Feb 14, 2026, 7:47 PM",,Lat Pulldown (Cable),,,2,normal,160.0,6.0,,,10.0
Back and bicep,"Feb 14, 2026, 7:09 PM","Feb 14, 2026, 7:47 PM",,Reverse Grip Lat Pulldown (Cable),,,0,normal,115.0,8.0,,,
Back and bicep,"Feb 14, 2026, 7:09 PM","Feb 14, 2026, 7:47 PM",,Reverse Grip Lat Pulldown (Cable),,,1,normal,130.0,8.0,,,
Back and bicep,"Feb 14, 2026, 7:09 PM","Feb 14, 2026, 7:47 PM",,Reverse Grip Lat Pulldown (Cable),,,2,normal,145.0,6.0,,,
Back and bicep,"Feb 14, 2026, 7:09 PM","Feb 14, 2026, 7:47 PM",,Straight Arm Lat Pulldown (Cable),,,0,normal,45.0,10.0,,,6.0
Back and bicep,"Feb 14, 2026, 7:09 PM","Feb 14, 2026, 7:47 PM",,Straight Arm Lat Pulldown (Cable),,,1,normal,60.0,9.0,,,8.5
Back and bicep,"Feb 14, 2026, 7:09 PM","Feb 14, 2026, 7:47 PM",,Straight Arm Lat Pulldown (Cable),,,2,normal,65.0,8.0,,,9.0
Back and bicep,"Feb 14, 2026, 7:09 PM","Feb 14, 2026, 7:47 PM",,Seated Cable Row - V Grip (Cable),,,0,normal,100.0,6.0,,,
Back and bicep,"Feb 14, 2026, 7:09 PM","Feb 14, 2026, 7:47 PM",,Seated Cable Row - V Grip (Cable),,,1,normal,100.0,6.0,,,
Back and bicep,"Feb 14, 2026, 7:09 PM","Feb 14, 2026, 7:47 PM",,Seated Cable Row - V Grip (Cable),,,2,normal,100.0,6.0,,,
Back and bicep,"Feb 14, 2026, 7:09 PM","Feb 14, 2026, 7:47 PM",,Preacher Curl (Machine),,,0,normal,40.0,10.0,,,
Back and bicep,"Feb 14, 2026, 7:09 PM","Feb 14, 2026, 7:47 PM",,Preacher Curl (Machine),,,1,normal,50.0,8.0,,,
Back and bicep,"Feb 14, 2026, 7:09 PM","Feb 14, 2026, 7:47 PM",,Preacher Curl (Machine),,,2,normal,50.0,8.0,,,
Back and bicep,"Feb 14, 2026, 7:09 PM","Feb 14, 2026, 7:47 PM",,Bicep Curl (Dumbbell),,,0,normal,15.0,15.0,,,
Back and bicep,"Feb 14, 2026, 7:09 PM","Feb 14, 2026, 7:47 PM",,Bicep Curl (Dumbbell),,,1,normal,17.5,13.0,,,
Back and bicep,"Feb 14, 2026, 7:09 PM","Feb 14, 2026, 7:47 PM",,Bicep Curl (Dumbbell),,,2,normal,20.0,12.0,,,
Back and bicep,"Feb 14, 2026, 7:09 PM","Feb 14, 2026, 7:47 PM",,Reverse Grip Concentration Curl,,,0,normal,15.0,15.0,,,
Back and bicep,"Feb 14, 2026, 7:09 PM","Feb 14, 2026, 7:47 PM",,Back Extension (Weighted Hyperextension),,,0,normal,,10.0,,,
Back and bicep,"Feb 14, 2026, 7:09 PM","Feb 14, 2026, 7:47 PM",,Back Extension (Weighted Hyperextension),,,1,normal,,10.0,,,
Back and bicep,"Feb 14, 2026, 7:09 PM","Feb 14, 2026, 7:47 PM",,Back Extension (Weighted Hyperextension),,,2,normal,,10.0,,,
Upper A (Strength),"Feb 12, 2026, 8:39 PM","Feb 12, 2026, 9:41 PM",,Warm Up,,,0,normal,,,,300.0,
Upper A (Strength),"Feb 12, 2026, 8:39 PM","Feb 12, 2026, 9:41 PM",,Bench Press (Barbell),,,0,warmup,,20.0,,,
Upper A (Strength),"Feb 12, 2026, 8:39 PM","Feb 12, 2026, 9:41 PM",,Bench Press (Barbell),,,1,warmup,20.0,15.0,,,
Upper A (Strength),"Feb 12, 2026, 8:39 PM","Feb 12, 2026, 9:41 PM",,Bench Press (Barbell),,,2,warmup,50.0,5.0,,,
Upper A (Strength),"Feb 12, 2026, 8:39 PM","Feb 12, 2026, 9:41 PM",,Bench Press (Barbell),,,3,normal,110.0,6.0,,,
Upper A (Strength),"Feb 12, 2026, 8:39 PM","Feb 12, 2026, 9:41 PM",,Bench Press (Barbell),,,4,normal,120.0,6.0,,,
Upper A (Strength),"Feb 12, 2026, 8:39 PM","Feb 12, 2026, 9:41 PM",,Bench Press (Barbell),,,5,normal,120.0,5.0,,,
Upper A (Strength),"Feb 12, 2026, 8:39 PM","Feb 12, 2026, 9:41 PM",,Bench Press (Barbell),,,6,normal,130.0,4.0,,,
Upper A (Strength),"Feb 12, 2026, 8:39 PM","Feb 12, 2026, 9:41 PM",,Incline Bench Press (Dumbbell),,,0,normal,110.0,7.0,,,
Upper A (Strength),"Feb 12, 2026, 8:39 PM","Feb 12, 2026, 9:41 PM",,Incline Bench Press (Dumbbell),,,1,normal,130.0,7.0,,,
Upper A (Strength),"Feb 12, 2026, 8:39 PM","Feb 12, 2026, 9:41 PM",,Incline Bench Press (Dumbbell),,,2,normal,140.0,6.0,,,
Upper A (Strength),"Feb 12, 2026, 8:39 PM","Feb 12, 2026, 9:41 PM",,Incline Bench Press (Dumbbell),,,3,normal,140.0,6.0,,,
Upper A (Strength),"Feb 12, 2026, 8:39 PM","Feb 12, 2026, 9:41 PM",,Bent Over Row (Barbell),,,0,normal,50.0,8.0,,,
Upper A (Strength),"Feb 12, 2026, 8:39 PM","Feb 12, 2026, 9:41 PM",,Bent Over Row (Barbell),,,1,normal,90.0,6.0,,,
Upper A (Strength),"Feb 12, 2026, 8:39 PM","Feb 12, 2026, 9:41 PM",,Bent Over Row (Barbell),,,2,normal,110.0,6.0,,,
Upper A (Strength),"Feb 12, 2026, 8:39 PM","Feb 12, 2026, 9:41 PM",,Bent Over Row (Barbell),,,3,normal,110.0,6.0,,,
Upper A (Strength),"Feb 12, 2026, 8:39 PM","Feb 12, 2026, 9:41 PM",,Overhead Press (Barbell),,,0,normal,25.0,6.0,,,
Upper A (Strength),"Feb 12, 2026, 8:39 PM","Feb 12, 2026, 9:41 PM",,Overhead Press (Barbell),,,1,normal,25.0,6.0,,,
Upper A (Strength),"Feb 12, 2026, 8:39 PM","Feb 12, 2026, 9:41 PM",,Overhead Press (Barbell),,,2,normal,25.0,6.0,,,
Upper A (Strength),"Feb 12, 2026, 8:39 PM","Feb 12, 2026, 9:41 PM",,Lat Pulldown (Cable),,,0,normal,130.0,8.0,,,
Upper A (Strength),"Feb 12, 2026, 8:39 PM","Feb 12, 2026, 9:41 PM",,Lat Pulldown (Cable),,,1,normal,145.0,8.0,,,
Upper A (Strength),"Feb 12, 2026, 8:39 PM","Feb 12, 2026, 9:41 PM",,Lat Pulldown (Cable),,,2,normal,160.0,8.0,,,
Upper A (Strength),"Feb 12, 2026, 8:39 PM","Feb 12, 2026, 9:41 PM",,Bicep Curl (Barbell),0.0,,0,normal,40.0,8.0,,,
Upper A (Strength),"Feb 12, 2026, 8:39 PM","Feb 12, 2026, 9:41 PM",,Bicep Curl (Barbell),0.0,,1,normal,50.0,8.0,,,
Upper A (Strength),"Feb 12, 2026, 8:39 PM","Feb 12, 2026, 9:41 PM",,Skullcrusher (Barbell),0.0,,0,normal,40.0,8.0,,,
Upper A (Strength),"Feb 12, 2026, 8:39 PM","Feb 12, 2026, 9:41 PM",,Skullcrusher (Barbell),0.0,,1,normal,50.0,8.0,,,
Lower B (Hypertrophy),"Feb 10, 2026, 9:45 PM","Feb 10, 2026, 10:17 PM",,Warm Up,,,0,normal,,,,300.0,
Lower B (Hypertrophy),"Feb 10, 2026, 9:45 PM","Feb 10, 2026, 10:17 PM",,Leg Press (Machine),,,0,warmup,90.0,20.0,,,
Lower B (Hypertrophy),"Feb 10, 2026, 9:45 PM","Feb 10, 2026, 10:17 PM",,Leg Press (Machine),,,1,normal,180.0,12.0,,,
Lower B (Hypertrophy),"Feb 10, 2026, 9:45 PM","Feb 10, 2026, 10:17 PM",,Leg Press (Machine),,,2,normal,180.0,12.0,,,
Lower B (Hypertrophy),"Feb 10, 2026, 9:45 PM","Feb 10, 2026, 10:17 PM",,Leg Press (Machine),,,3,normal,180.0,12.0,,,
Lower B (Hypertrophy),"Feb 10, 2026, 9:45 PM","Feb 10, 2026, 10:17 PM",,Leg Press (Machine),,,4,normal,180.0,12.0,,,
Lower B (Hypertrophy),"Feb 10, 2026, 9:45 PM","Feb 10, 2026, 10:17 PM",,Glute Ham Raise,,,0,normal,,15.0,,,
Lower B (Hypertrophy),"Feb 10, 2026, 9:45 PM","Feb 10, 2026, 10:17 PM",,Glute Ham Raise,,,1,normal,,10.0,,,
Lower B (Hypertrophy),"Feb 10, 2026, 9:45 PM","Feb 10, 2026, 10:17 PM",,Glute Ham Raise,,,2,normal,,9.0,,,
Lower B (Hypertrophy),"Feb 10, 2026, 9:45 PM","Feb 10, 2026, 10:17 PM",,Leg Extension (Machine),,,0,normal,110.0,15.0,,,
Lower B (Hypertrophy),"Feb 10, 2026, 9:45 PM","Feb 10, 2026, 10:17 PM",,Leg Extension (Machine),,,1,normal,110.0,12.0,,,
Lower B (Hypertrophy),"Feb 10, 2026, 9:45 PM","Feb 10, 2026, 10:17 PM",,Leg Extension (Machine),,,2,normal,110.0,12.0,,,
Lower B (Hypertrophy),"Feb 10, 2026, 9:45 PM","Feb 10, 2026, 10:17 PM",,Lying Leg Curl (Machine),,,0,normal,50.0,12.0,,,
Lower B (Hypertrophy),"Feb 10, 2026, 9:45 PM","Feb 10, 2026, 10:17 PM",,Lying Leg Curl (Machine),,,1,normal,80.0,12.0,,,
Lower B (Hypertrophy),"Feb 10, 2026, 9:45 PM","Feb 10, 2026, 10:17 PM",,Lying Leg Curl (Machine),,,2,normal,100.0,12.0,,,
Lower B (Hypertrophy),"Feb 10, 2026, 9:45 PM","Feb 10, 2026, 10:17 PM",,Seated Calf Raise,,,0,normal,90.0,15.0,,,
Lower B (Hypertrophy),"Feb 10, 2026, 9:45 PM","Feb 10, 2026, 10:17 PM",,Seated Calf Raise,,,1,normal,90.0,15.0,,,
Lower B (Hypertrophy),"Feb 10, 2026, 9:45 PM","Feb 10, 2026, 10:17 PM",,Seated Calf Raise,,,2,normal,90.0,15.0,,,
Upper B (Hypertrophy),"Feb 9, 2026, 8:56 PM","Feb 9, 2026, 9:59 PM",,Warm Up,,,0,normal,,,,300.0,
Upper B (Hypertrophy),"Feb 9, 2026, 8:56 PM","Feb 9, 2026, 9:59 PM",,Dumbbell Row,,,0,warmup,30.0,12.0,,,
Upper B (Hypertrophy),"Feb 9, 2026, 8:56 PM","Feb 9, 2026, 9:59 PM",,Dumbbell Row,,,1,normal,55.0,12.0,,,
Upper B (Hypertrophy),"Feb 9, 2026, 8:56 PM","Feb 9, 2026, 9:59 PM",,Dumbbell Row,,,2,normal,55.0,10.0,,,
Upper B (Hypertrophy),"Feb 9, 2026, 8:56 PM","Feb 9, 2026, 9:59 PM",,Dumbbell Row,,,3,normal,55.0,10.0,,,
Upper B (Hypertrophy),"Feb 9, 2026, 8:56 PM","Feb 9, 2026, 9:59 PM",,Dumbbell Row,,,4,normal,55.0,10.0,,,
Upper B (Hypertrophy),"Feb 9, 2026, 8:56 PM","Feb 9, 2026, 9:59 PM",,Incline Bench Press (Dumbbell),,,0,normal,60.0,12.0,,,
Upper B (Hypertrophy),"Feb 9, 2026, 8:56 PM","Feb 9, 2026, 9:59 PM",,Incline Bench Press (Dumbbell),,,1,normal,70.0,11.0,,,6.0
Upper B (Hypertrophy),"Feb 9, 2026, 8:56 PM","Feb 9, 2026, 9:59 PM",,Incline Bench Press (Dumbbell),,,2,normal,80.0,10.0,,,
Upper B (Hypertrophy),"Feb 9, 2026, 8:56 PM","Feb 9, 2026, 9:59 PM",,Incline Bench Press (Dumbbell),,,3,normal,80.0,10.0,,,
Upper B (Hypertrophy),"Feb 9, 2026, 8:56 PM","Feb 9, 2026, 9:59 PM",,Seated Cable Row - V Grip (Cable),,,0,normal,55.0,15.0,,,
Upper B (Hypertrophy),"Feb 9, 2026, 8:56 PM","Feb 9, 2026, 9:59 PM",,Seated Cable Row - V Grip (Cable),,,1,normal,70.0,13.0,,,
Upper B (Hypertrophy),"Feb 9, 2026, 8:56 PM","Feb 9, 2026, 9:59 PM",,Seated Cable Row - V Grip (Cable),,,2,normal,85.0,12.0,,,
Upper B (Hypertrophy),"Feb 9, 2026, 8:56 PM","Feb 9, 2026, 9:59 PM",,Chest Press (Machine),,,0,normal,40.0,15.0,,,
Upper B (Hypertrophy),"Feb 9, 2026, 8:56 PM","Feb 9, 2026, 9:59 PM",,Chest Press (Machine),,,1,normal,50.0,15.0,,,
Upper B (Hypertrophy),"Feb 9, 2026, 8:56 PM","Feb 9, 2026, 9:59 PM",,Chest Press (Machine),,,2,normal,60.0,12.0,,,
Upper B (Hypertrophy),"Feb 9, 2026, 8:56 PM","Feb 9, 2026, 9:59 PM",,Bicep Curl (Dumbbell),,,0,normal,15.0,15.0,,,
Upper B (Hypertrophy),"Feb 9, 2026, 8:56 PM","Feb 9, 2026, 9:59 PM",,Bicep Curl (Dumbbell),,,1,normal,17.5,13.0,,,
Upper B (Hypertrophy),"Feb 9, 2026, 8:56 PM","Feb 9, 2026, 9:59 PM",,Bicep Curl (Dumbbell),,,2,normal,20.0,12.0,,,
Upper B (Hypertrophy),"Feb 9, 2026, 8:56 PM","Feb 9, 2026, 9:59 PM",,Lateral Raise (Dumbbell),,,0,normal,10.0,13.0,,,
Upper B (Hypertrophy),"Feb 9, 2026, 8:56 PM","Feb 9, 2026, 9:59 PM",,Lateral Raise (Dumbbell),,,1,normal,12.0,12.0,,,
Upper B (Hypertrophy),"Feb 9, 2026, 8:56 PM","Feb 9, 2026, 9:59 PM",,Lateral Raise (Dumbbell),,,2,normal,15.0,12.0,,,
Upper B (Hypertrophy),"Feb 9, 2026, 8:56 PM","Feb 9, 2026, 9:59 PM",,Triceps Rope Pushdown,,,0,normal,20.0,15.0,,,
Upper B (Hypertrophy),"Feb 9, 2026, 8:56 PM","Feb 9, 2026, 9:59 PM",,Triceps Rope Pushdown,,,1,normal,30.0,12.0,,,
Upper B (Hypertrophy),"Feb 9, 2026, 8:56 PM","Feb 9, 2026, 9:59 PM",,Triceps Rope Pushdown,,,2,normal,30.0,12.0,,,
Upper B (Hypertrophy),"Feb 9, 2026, 8:56 PM","Feb 9, 2026, 9:59 PM",,Triceps Rope Pushdown,,,3,normal,30.0,12.0,,,
Lower A (Strength),"Feb 7, 2026, 7:03 PM","Feb 7, 2026, 7:45 PM",,Warm Up,,,0,normal,,0.0,,300.0,
Lower A (Strength),"Feb 7, 2026, 7:03 PM","Feb 7, 2026, 7:45 PM",,Squat (Barbell),,,0,warmup,,15.0,,0.0,
Lower A (Strength),"Feb 7, 2026, 7:03 PM","Feb 7, 2026, 7:45 PM",,Squat (Barbell),,,1,warmup,25.0,10.0,,0.0,
Lower A (Strength),"Feb 7, 2026, 7:03 PM","Feb 7, 2026, 7:45 PM",,Squat (Barbell),,,2,warmup,25.0,5.0,,0.0,6.0
Lower A (Strength),"Feb 7, 2026, 7:03 PM","Feb 7, 2026, 7:45 PM",,Squat (Barbell),,,3,normal,45.0,6.0,,0.0,6.0
Lower A (Strength),"Feb 7, 2026, 7:03 PM","Feb 7, 2026, 7:45 PM",,Squat (Barbell),,,4,normal,70.0,5.0,,0.0,8.0
Lower A (Strength),"Feb 7, 2026, 7:03 PM","Feb 7, 2026, 7:45 PM",,Squat (Barbell),,,5,normal,90.0,4.0,,0.0,9.5
Lower A (Strength),"Feb 7, 2026, 7:03 PM","Feb 7, 2026, 7:45 PM",,Squat (Barbell),,,6,normal,90.0,6.0,,0.0,10.0
Lower A (Strength),"Feb 7, 2026, 7:03 PM","Feb 7, 2026, 7:45 PM",,Romanian Deadlift (Barbell),,,0,normal,25.0,8.0,,0.0,
Lower A (Strength),"Feb 7, 2026, 7:03 PM","Feb 7, 2026, 7:45 PM",,Romanian Deadlift (Barbell),,,1,normal,35.0,7.0,,0.0,
Lower A (Strength),"Feb 7, 2026, 7:03 PM","Feb 7, 2026, 7:45 PM",,Romanian Deadlift (Barbell),,,2,normal,45.0,6.0,,0.0,10.0
Lower A (Strength),"Feb 7, 2026, 7:03 PM","Feb 7, 2026, 7:45 PM",,Romanian Deadlift (Barbell),,,3,normal,45.0,6.0,,0.0,8.5
Lower A (Strength),"Feb 7, 2026, 7:03 PM","Feb 7, 2026, 7:45 PM",,Lying Leg Curl (Machine),,,0,normal,50.0,10.0,,0.0,
Lower A (Strength),"Feb 7, 2026, 7:03 PM","Feb 7, 2026, 7:45 PM",,Lying Leg Curl (Machine),,,1,normal,80.0,10.0,,0.0,7.0
Lower A (Strength),"Feb 7, 2026, 7:03 PM","Feb 7, 2026, 7:45 PM",,Lying Leg Curl (Machine),,,2,normal,100.0,10.0,,0.0,
Lower A (Strength),"Feb 7, 2026, 7:03 PM","Feb 7, 2026, 7:45 PM",,Standing Calf Raise (Machine),,,0,normal,90.0,20.0,,0.0,
Lower A (Strength),"Feb 7, 2026, 7:03 PM","Feb 7, 2026, 7:45 PM",,Standing Calf Raise (Machine),,,1,normal,115.0,12.0,,0.0,8.5
Lower A (Strength),"Feb 7, 2026, 7:03 PM","Feb 7, 2026, 7:45 PM",,Standing Calf Raise (Machine),,,2,normal,115.0,12.0,,0.0,7.0
Upper A (Strength),"Feb 6, 2026, 7:40 PM","Feb 6, 2026, 8:35 PM",,Warm Up,,,0,normal,,0.0,,300.0,
Upper A (Strength),"Feb 6, 2026, 7:40 PM","Feb 6, 2026, 8:35 PM",,Bench Press (Barbell),,,0,warmup,,15.0,,0.0,
Upper A (Strength),"Feb 6, 2026, 7:40 PM","Feb 6, 2026, 8:35 PM",,Bench Press (Barbell),,,1,warmup,,5.0,,0.0,
Upper A (Strength),"Feb 6, 2026, 7:40 PM","Feb 6, 2026, 8:35 PM",,Bench Press (Barbell),,,2,warmup,,3.0,,0.0,
Upper A (Strength),"Feb 6, 2026, 7:40 PM","Feb 6, 2026, 8:35 PM",,Bench Press (Barbell),,,3,normal,90.0,10.0,,0.0,7.0
Upper A (Strength),"Feb 6, 2026, 7:40 PM","Feb 6, 2026, 8:35 PM",,Bench Press (Barbell),,,4,normal,110.0,8.0,,0.0,8.5
Upper A (Strength),"Feb 6, 2026, 7:40 PM","Feb 6, 2026, 8:35 PM",,Bench Press (Barbell),,,5,normal,130.0,5.0,,0.0,9.5
Upper A (Strength),"Feb 6, 2026, 7:40 PM","Feb 6, 2026, 8:35 PM",,Bench Press (Barbell),,,6,normal,150.0,4.0,,0.0,10.0
Upper A (Strength),"Feb 6, 2026, 7:40 PM","Feb 6, 2026, 8:35 PM",,Incline Bench Press (Dumbbell),,,0,normal,120.0,8.0,,0.0,
Upper A (Strength),"Feb 6, 2026, 7:40 PM","Feb 6, 2026, 8:35 PM",,Incline Bench Press (Dumbbell),,,1,normal,130.0,6.0,,0.0,9.0
Upper A (Strength),"Feb 6, 2026, 7:40 PM","Feb 6, 2026, 8:35 PM",,Incline Bench Press (Dumbbell),,,2,normal,140.0,5.0,,0.0,10.0
Upper A (Strength),"Feb 6, 2026, 7:40 PM","Feb 6, 2026, 8:35 PM",,Incline Bench Press (Dumbbell),,,3,normal,140.0,6.0,,0.0,10.0
Upper A (Strength),"Feb 6, 2026, 7:40 PM","Feb 6, 2026, 8:35 PM",,Bent Over Row (Barbell),,,0,normal,80.0,10.0,,0.0,7.0
Upper A (Strength),"Feb 6, 2026, 7:40 PM","Feb 6, 2026, 8:35 PM",,Bent Over Row (Barbell),,,1,normal,100.0,10.0,,0.0,6.0
Upper A (Strength),"Feb 6, 2026, 7:40 PM","Feb 6, 2026, 8:35 PM",,Bent Over Row (Barbell),,,2,normal,100.0,10.0,,0.0,
Upper A (Strength),"Feb 6, 2026, 7:40 PM","Feb 6, 2026, 8:35 PM",,Bent Over Row (Barbell),,,3,normal,100.0,10.0,,0.0,10.0
Upper A (Strength),"Feb 6, 2026, 7:40 PM","Feb 6, 2026, 8:35 PM",,Overhead Press (Barbell),,,0,normal,25.0,7.0,,0.0,6.0
Upper A (Strength),"Feb 6, 2026, 7:40 PM","Feb 6, 2026, 8:35 PM",,Overhead Press (Barbell),,,1,normal,35.0,6.0,,0.0,7.0
Upper A (Strength),"Feb 6, 2026, 7:40 PM","Feb 6, 2026, 8:35 PM",,Overhead Press (Barbell),,,2,normal,35.0,6.0,,0.0,
Upper A (Strength),"Feb 6, 2026, 7:40 PM","Feb 6, 2026, 8:35 PM",,Lat Pulldown (Cable),,,0,normal,130.0,8.0,,0.0,
Upper A (Strength),"Feb 6, 2026, 7:40 PM","Feb 6, 2026, 8:35 PM",,Lat Pulldown (Cable),,,1,normal,145.0,8.0,,0.0,
Upper A (Strength),"Feb 6, 2026, 7:40 PM","Feb 6, 2026, 8:35 PM",,Lat Pulldown (Cable),,,2,normal,160.0,7.0,,0.0,
Upper A (Strength),"Feb 6, 2026, 7:40 PM","Feb 6, 2026, 8:35 PM",,Bicep Curl (Barbell),0.0,,0,normal,30.0,12.0,,0.0,
Upper A (Strength),"Feb 6, 2026, 7:40 PM","Feb 6, 2026, 8:35 PM",,Bicep Curl (Barbell),0.0,,1,normal,50.0,10.0,,0.0,
Upper A (Strength),"Feb 6, 2026, 7:40 PM","Feb 6, 2026, 8:35 PM",,Skullcrusher (Barbell),0.0,,0,normal,50.0,8.0,,0.0,
Upper A (Strength),"Feb 6, 2026, 7:40 PM","Feb 6, 2026, 8:35 PM",,Skullcrusher (Barbell),0.0,,1,normal,50.0,8.0,,0.0,
Black and bicep,"Feb 3, 2026, 7:56 PM","Feb 3, 2026, 8:27 PM",,Lat Pulldown (Cable),,,0,normal,130.0,10.0,,,
Black and bicep,"Feb 3, 2026, 7:56 PM","Feb 3, 2026, 8:27 PM",,Lat Pulldown (Cable),,,1,normal,145.0,8.0,,,
Black and bicep,"Feb 3, 2026, 7:56 PM","Feb 3, 2026, 8:27 PM",,Lat Pulldown (Cable),,,2,normal,160.0,8.0,,,
Black and bicep,"Feb 3, 2026, 7:56 PM","Feb 3, 2026, 8:27 PM",,Lat Pulldown (Cable),,,3,normal,190.0,4.0,,,
Black and bicep,"Feb 3, 2026, 7:56 PM","Feb 3, 2026, 8:27 PM",,Seated Cable Row - V Grip (Cable),,,0,normal,115.0,8.0,,,
Black and bicep,"Feb 3, 2026, 7:56 PM","Feb 3, 2026, 8:27 PM",,Seated Cable Row - V Grip (Cable),,,1,normal,130.0,8.0,,,
Black and bicep,"Feb 3, 2026, 7:56 PM","Feb 3, 2026, 8:27 PM",,Seated Cable Row - V Grip (Cable),,,2,normal,130.0,8.0,,,
Black and bicep,"Feb 3, 2026, 7:56 PM","Feb 3, 2026, 8:27 PM",,Seated Cable Row - V Grip (Cable),,,3,normal,130.0,8.0,,,
Black and bicep,"Feb 3, 2026, 7:56 PM","Feb 3, 2026, 8:27 PM",,Behind the Back Curl (Cable),0.0,,0,normal,10.0,10.0,,,
Black and bicep,"Feb 3, 2026, 7:56 PM","Feb 3, 2026, 8:27 PM",,Behind the Back Curl (Cable),0.0,,1,normal,10.0,10.0,,,
Black and bicep,"Feb 3, 2026, 7:56 PM","Feb 3, 2026, 8:27 PM",,Behind the Back Curl (Cable),0.0,,2,normal,10.0,10.0,,,
Black and bicep,"Feb 3, 2026, 7:56 PM","Feb 3, 2026, 8:27 PM",,Hammer Curl (Dumbbell),0.0,,0,normal,15.0,10.0,,,
Black and bicep,"Feb 3, 2026, 7:56 PM","Feb 3, 2026, 8:27 PM",,Hammer Curl (Dumbbell),0.0,,1,normal,15.0,10.0,,,
Black and bicep,"Feb 3, 2026, 7:56 PM","Feb 3, 2026, 8:27 PM",,Hammer Curl (Dumbbell),0.0,,2,normal,15.0,10.0,,,
Black and bicep,"Feb 3, 2026, 7:56 PM","Feb 3, 2026, 8:27 PM",,Shrug (Dumbbell),,,0,normal,65.0,10.0,,,
Black and bicep,"Feb 3, 2026, 7:56 PM","Feb 3, 2026, 8:27 PM",,Shrug (Dumbbell),,,1,normal,70.0,10.0,,,
Black and bicep,"Feb 3, 2026, 7:56 PM","Feb 3, 2026, 8:27 PM",,Shrug (Dumbbell),,,2,normal,75.0,10.0,,,
Black and bicep,"Feb 3, 2026, 7:56 PM","Feb 3, 2026, 8:27 PM",,Back Extension (Weighted Hyperextension),,,0,normal,,10.0,,,
Black and bicep,"Feb 3, 2026, 7:56 PM","Feb 3, 2026, 8:27 PM",,Back Extension (Weighted Hyperextension),,,1,normal,,10.0,,,
Black and bicep,"Feb 3, 2026, 7:56 PM","Feb 3, 2026, 8:27 PM",,Back Extension (Weighted Hyperextension),,,2,normal,,10.0,,,
Chest and tricep,"Feb 2, 2026, 8:10 PM","Feb 2, 2026, 9:17 PM",,Treadmill,,,0,normal,,,,600.0,
Chest and tricep,"Feb 2, 2026, 8:10 PM","Feb 2, 2026, 9:17 PM",,Bench Press (Barbell),,,0,normal,90.0,10.0,,,
Chest and tricep,"Feb 2, 2026, 8:10 PM","Feb 2, 2026, 9:17 PM",,Bench Press (Barbell),,,1,normal,110.0,8.0,,,
Chest and tricep,"Feb 2, 2026, 8:10 PM","Feb 2, 2026, 9:17 PM",,Bench Press (Barbell),,,2,normal,130.0,5.0,,,
Chest and tricep,"Feb 2, 2026, 8:10 PM","Feb 2, 2026, 9:17 PM",,Bench Press (Barbell),,,3,normal,130.0,5.0,,,
Chest and tricep,"Feb 2, 2026, 8:10 PM","Feb 2, 2026, 9:17 PM",,Incline Bench Press (Dumbbell),,,0,normal,120.0,8.0,,,
Chest and tricep,"Feb 2, 2026, 8:10 PM","Feb 2, 2026, 9:17 PM",,Incline Bench Press (Dumbbell),,,1,normal,130.0,6.0,,,
Chest and tricep,"Feb 2, 2026, 8:10 PM","Feb 2, 2026, 9:17 PM",,Incline Bench Press (Dumbbell),,,2,normal,140.0,5.0,,,
Chest and tricep,"Feb 2, 2026, 8:10 PM","Feb 2, 2026, 9:17 PM",,Iso-Lateral Chest Press (Machine),,,0,normal,35.0,10.0,,,
Chest and tricep,"Feb 2, 2026, 8:10 PM","Feb 2, 2026, 9:17 PM",,Iso-Lateral Chest Press (Machine),,,1,normal,45.0,8.0,,,
Chest and tricep,"Feb 2, 2026, 8:10 PM","Feb 2, 2026, 9:17 PM",,Iso-Lateral Chest Press (Machine),,,2,normal,45.0,7.0,,,
Chest and tricep,"Feb 2, 2026, 8:10 PM","Feb 2, 2026, 9:17 PM",,Chest Fly (Machine),,,0,normal,120.0,8.0,,,
Chest and tricep,"Feb 2, 2026, 8:10 PM","Feb 2, 2026, 9:17 PM",,Chest Fly (Machine),,,1,normal,140.0,7.0,,,
Chest and tricep,"Feb 2, 2026, 8:10 PM","Feb 2, 2026, 9:17 PM",,Chest Fly (Machine),,,2,normal,160.0,6.0,,,
Chest and tricep,"Feb 2, 2026, 8:10 PM","Feb 2, 2026, 9:17 PM",,Cable Fly Crossovers,,,0,normal,27.5,11.0,,,
Chest and tricep,"Feb 2, 2026, 8:10 PM","Feb 2, 2026, 9:17 PM",,Cable Fly Crossovers,,,1,normal,30.0,10.0,,,
Chest and tricep,"Feb 2, 2026, 8:10 PM","Feb 2, 2026, 9:17 PM",,Cable Fly Crossovers,,,2,normal,35.0,10.0,,,
Chest and tricep,"Feb 2, 2026, 8:10 PM","Feb 2, 2026, 9:17 PM",,Triceps Pushdown,0.0,,0,normal,60.0,10.0,,,
Chest and tricep,"Feb 2, 2026, 8:10 PM","Feb 2, 2026, 9:17 PM",,Triceps Pushdown,0.0,,1,normal,65.0,10.0,,,
Chest and tricep,"Feb 2, 2026, 8:10 PM","Feb 2, 2026, 9:17 PM",,Triceps Pushdown,0.0,,2,normal,70.0,7.0,,,
Chest and tricep,"Feb 2, 2026, 8:10 PM","Feb 2, 2026, 9:17 PM",,Overhead Triceps Extension (Cable),0.0,,0,normal,30.0,8.0,,,
Chest and tricep,"Feb 2, 2026, 8:10 PM","Feb 2, 2026, 9:17 PM",,Overhead Triceps Extension (Cable),0.0,,1,normal,30.0,7.0,,,
Chest and tricep,"Feb 2, 2026, 8:10 PM","Feb 2, 2026, 9:17 PM",,Overhead Triceps Extension (Cable),0.0,,2,normal,30.0,10.0,,,
Chest and tricep,"Feb 2, 2026, 8:10 PM","Feb 2, 2026, 9:17 PM",,Skullcrusher (Dumbbell),,,0,normal,22.5,10.0,,,
Chest and tricep,"Feb 2, 2026, 8:10 PM","Feb 2, 2026, 9:17 PM",,Skullcrusher (Dumbbell),,,1,normal,40.0,10.0,,,
Chest and tricep,"Feb 2, 2026, 8:10 PM","Feb 2, 2026, 9:17 PM",,Crunch,,,0,normal,,15.0,,,
Chest and tricep,"Feb 2, 2026, 8:10 PM","Feb 2, 2026, 9:17 PM",,Crunch,,,1,normal,,15.0,,,
Chest and tricep,"Feb 2, 2026, 8:10 PM","Feb 2, 2026, 9:17 PM",,Crunch,,,2,normal,,15.0,,,
Chest and tricep,"Feb 2, 2026, 8:10 PM","Feb 2, 2026, 9:17 PM",,Crunch,,,3,normal,,13.0,,,
Shoulder and leg,"Feb 1, 2026, 7:13 PM","Feb 1, 2026, 7:44 PM",,Lunge (Barbell),,,0,normal,25.0,8.0,,,
Shoulder and leg,"Feb 1, 2026, 7:13 PM","Feb 1, 2026, 7:44 PM",,Lunge (Barbell),,,1,normal,45.0,7.0,,,
Shoulder and leg,"Feb 1, 2026, 7:13 PM","Feb 1, 2026, 7:44 PM",,Lunge (Barbell),,,2,normal,55.0,6.0,,,
Shoulder and leg,"Feb 1, 2026, 7:13 PM","Feb 1, 2026, 7:44 PM",,Leg Press (Machine),,,0,normal,135.0,10.0,,,
Shoulder and leg,"Feb 1, 2026, 7:13 PM","Feb 1, 2026, 7:44 PM",,Leg Press (Machine),,,1,normal,180.0,8.0,,,
Shoulder and leg,"Feb 1, 2026, 7:13 PM","Feb 1, 2026, 7:44 PM",,Leg Press (Machine),,,2,normal,225.0,7.0,,,
Shoulder and leg,"Feb 1, 2026, 7:13 PM","Feb 1, 2026, 7:44 PM",,Leg Press (Machine),,,3,normal,270.0,6.0,,,
Shoulder and leg,"Feb 1, 2026, 7:13 PM","Feb 1, 2026, 7:44 PM",,Shoulder Press (Machine Plates),,,0,normal,45.0,10.0,,,
Shoulder and leg,"Feb 1, 2026, 7:13 PM","Feb 1, 2026, 7:44 PM",,Shoulder Press (Machine Plates),,,1,normal,70.0,8.0,,,
Shoulder and leg,"Feb 1, 2026, 7:13 PM","Feb 1, 2026, 7:44 PM",,Shoulder Press (Machine Plates),,,2,normal,70.0,7.0,,,
Shoulder and leg,"Feb 1, 2026, 7:13 PM","Feb 1, 2026, 7:44 PM",,Seated Lateral Raise (Dumbbell),0.0,,0,normal,15.0,10.0,,,
Shoulder and leg,"Feb 1, 2026, 7:13 PM","Feb 1, 2026, 7:44 PM",,Seated Lateral Raise (Dumbbell),0.0,,1,normal,17.5,8.0,,,
Shoulder and leg,"Feb 1, 2026, 7:13 PM","Feb 1, 2026, 7:44 PM",,Seated Lateral Raise (Dumbbell),0.0,,2,normal,20.0,6.0,,,
Shoulder and leg,"Feb 1, 2026, 7:13 PM","Feb 1, 2026, 7:44 PM",,Front Raise (Dumbbell),0.0,,0,normal,15.0,10.0,,,
Shoulder and leg,"Feb 1, 2026, 7:13 PM","Feb 1, 2026, 7:44 PM",,Front Raise (Dumbbell),0.0,,1,normal,17.5,8.0,,,
Shoulder and leg,"Feb 1, 2026, 7:13 PM","Feb 1, 2026, 7:44 PM",,Front Raise (Dumbbell),0.0,,2,normal,17.5,8.0,,,
Shoulder and leg,"Feb 1, 2026, 7:13 PM","Feb 1, 2026, 7:44 PM",,Rear Delt Reverse Fly (Machine),,,0,normal,100.0,10.0,,,
Shoulder and leg,"Feb 1, 2026, 7:13 PM","Feb 1, 2026, 7:44 PM",,Rear Delt Reverse Fly (Machine),,,1,normal,140.0,7.0,,,
Shoulder and leg,"Feb 1, 2026, 7:13 PM","Feb 1, 2026, 7:44 PM",,Rear Delt Reverse Fly (Machine),,,2,normal,140.0,6.0,,,
Shoulder and leg,"Feb 1, 2026, 7:13 PM","Feb 1, 2026, 7:44 PM",,Leg Extension (Machine),1.0,,0,normal,170.0,8.0,,,
Shoulder and leg,"Feb 1, 2026, 7:13 PM","Feb 1, 2026, 7:44 PM",,Leg Extension (Machine),1.0,,1,normal,190.0,8.0,,,
Shoulder and leg,"Feb 1, 2026, 7:13 PM","Feb 1, 2026, 7:44 PM",,Leg Extension (Machine),1.0,,2,normal,220.0,6.0,,,
Shoulder and leg,"Feb 1, 2026, 7:13 PM","Feb 1, 2026, 7:44 PM",,Lying Leg Curl (Machine),1.0,,0,normal,25.0,10.0,,,
Shoulder and leg,"Feb 1, 2026, 7:13 PM","Feb 1, 2026, 7:44 PM",,Lying Leg Curl (Machine),1.0,,1,normal,25.0,10.0,,,
Shoulder and leg,"Feb 1, 2026, 7:13 PM","Feb 1, 2026, 7:44 PM",,Lying Leg Curl (Machine),1.0,,2,normal,25.0,10.0,,,
Shoulder and leg,"Feb 1, 2026, 7:13 PM","Feb 1, 2026, 7:44 PM",,Single Leg Standing Calf Raise (Machine),,,0,normal,45.0,15.0,,,
Shoulder and leg,"Feb 1, 2026, 7:13 PM","Feb 1, 2026, 7:44 PM",,Single Leg Standing Calf Raise (Machine),,,1,normal,45.0,12.0,,,
Shoulder and leg,"Feb 1, 2026, 7:13 PM","Feb 1, 2026, 7:44 PM",,Single Leg Standing Calf Raise (Machine),,,2,normal,45.0,10.0,,,
Black and bicep,"Jan 30, 2026, 8:13 PM","Jan 30, 2026, 8:43 PM",,Lat Pulldown (Cable),,,0,normal,130.0,10.0,,,
Black and bicep,"Jan 30, 2026, 8:13 PM","Jan 30, 2026, 8:43 PM",,Lat Pulldown (Cable),,,1,normal,145.0,8.0,,,
Black and bicep,"Jan 30, 2026, 8:13 PM","Jan 30, 2026, 8:43 PM",,Lat Pulldown (Cable),,,2,normal,175.0,6.0,,,
Black and bicep,"Jan 30, 2026, 8:13 PM","Jan 30, 2026, 8:43 PM",,Lat Pulldown (Cable),,,3,normal,175.0,4.0,,,
Black and bicep,"Jan 30, 2026, 8:13 PM","Jan 30, 2026, 8:43 PM",,Landmine Row,,,0,normal,45.0,10.0,,,
Black and bicep,"Jan 30, 2026, 8:13 PM","Jan 30, 2026, 8:43 PM",,Landmine Row,,,1,normal,70.0,10.0,,,
Black and bicep,"Jan 30, 2026, 8:13 PM","Jan 30, 2026, 8:43 PM",,Landmine Row,,,2,normal,110.0,8.0,,,
Black and bicep,"Jan 30, 2026, 8:13 PM","Jan 30, 2026, 8:43 PM",,Landmine Row,,,3,normal,135.0,6.0,,,
Black and bicep,"Jan 30, 2026, 8:13 PM","Jan 30, 2026, 8:43 PM",,Iso-Lateral High Row (Machine),,,0,normal,160.5,6.0,,,
Black and bicep,"Jan 30, 2026, 8:13 PM","Jan 30, 2026, 8:43 PM",,Iso-Lateral High Row (Machine),,,1,normal,160.0,6.0,,,
Black and bicep,"Jan 30, 2026, 8:13 PM","Jan 30, 2026, 8:43 PM",,Iso-Lateral High Row (Machine),,,2,normal,160.0,6.0,,,
Black and bicep,"Jan 30, 2026, 8:13 PM","Jan 30, 2026, 8:43 PM",,Iso-Lateral High Row (Machine),,,3,normal,160.0,7.0,,,
Black and bicep,"Jan 30, 2026, 8:13 PM","Jan 30, 2026, 8:43 PM",,Seated Cable Row - V Grip (Cable),,,0,normal,100.0,10.0,,,
Black and bicep,"Jan 30, 2026, 8:13 PM","Jan 30, 2026, 8:43 PM",,Seated Cable Row - V Grip (Cable),,,1,normal,130.0,8.0,,,
Black and bicep,"Jan 30, 2026, 8:13 PM","Jan 30, 2026, 8:43 PM",,Seated Cable Row - V Grip (Cable),,,2,normal,130.0,8.0,,,
Black and bicep,"Jan 30, 2026, 8:13 PM","Jan 30, 2026, 8:43 PM",,Seated Cable Row - V Grip (Cable),,,3,normal,130.0,8.0,,,
Black and bicep,"Jan 30, 2026, 8:13 PM","Jan 30, 2026, 8:43 PM",,Behind the Back Curl (Cable),0.0,,0,normal,10.0,10.0,,,
Black and bicep,"Jan 30, 2026, 8:13 PM","Jan 30, 2026, 8:43 PM",,Behind the Back Curl (Cable),0.0,,1,normal,10.0,10.0,,,
Black and bicep,"Jan 30, 2026, 8:13 PM","Jan 30, 2026, 8:43 PM",,Behind the Back Curl (Cable),0.0,,2,normal,10.0,10.0,,,
Black and bicep,"Jan 30, 2026, 8:13 PM","Jan 30, 2026, 8:43 PM",,Hammer Curl (Dumbbell),0.0,,0,normal,15.0,10.0,,,
Black and bicep,"Jan 30, 2026, 8:13 PM","Jan 30, 2026, 8:43 PM",,Hammer Curl (Dumbbell),0.0,,1,normal,15.0,10.0,,,
Black and bicep,"Jan 30, 2026, 8:13 PM","Jan 30, 2026, 8:43 PM",,Hammer Curl (Dumbbell),0.0,,2,normal,15.0,10.0,,,
Black and bicep,"Jan 30, 2026, 8:13 PM","Jan 30, 2026, 8:43 PM",,Shrug (Dumbbell),,,0,normal,65.0,10.0,,,
Black and bicep,"Jan 30, 2026, 8:13 PM","Jan 30, 2026, 8:43 PM",,Shrug (Dumbbell),,,1,normal,70.0,10.0,,,
Black and bicep,"Jan 30, 2026, 8:13 PM","Jan 30, 2026, 8:43 PM",,Shrug (Dumbbell),,,2,normal,75.0,10.0,,,
Black and bicep,"Jan 30, 2026, 8:13 PM","Jan 30, 2026, 8:43 PM",,Back Extension (Weighted Hyperextension),,,0,normal,,10.0,,,
Black and bicep,"Jan 30, 2026, 8:13 PM","Jan 30, 2026, 8:43 PM",,Back Extension (Weighted Hyperextension),,,1,normal,,10.0,,,
Black and bicep,"Jan 30, 2026, 8:13 PM","Jan 30, 2026, 8:43 PM",,Back Extension (Weighted Hyperextension),,,2,normal,,10.0,,,
Chest and tricep,"Jan 29, 2026, 8:58 PM","Jan 29, 2026, 10:04 PM",,Treadmill,,,0,normal,,0.0,,600.0,
Chest and tricep,"Jan 29, 2026, 8:58 PM","Jan 29, 2026, 10:04 PM",,Bench Press (Barbell),,,0,normal,90.0,10.0,,0.0,
Chest and tricep,"Jan 29, 2026, 8:58 PM","Jan 29, 2026, 10:04 PM",,Bench Press (Barbell),,,1,normal,110.0,8.0,,0.0,
Chest and tricep,"Jan 29, 2026, 8:58 PM","Jan 29, 2026, 10:04 PM",,Bench Press (Barbell),,,2,normal,130.0,5.0,,0.0,
Chest and tricep,"Jan 29, 2026, 8:58 PM","Jan 29, 2026, 10:04 PM",,Bench Press (Barbell),,,3,normal,130.0,5.0,,0.0,
Chest and tricep,"Jan 29, 2026, 8:58 PM","Jan 29, 2026, 10:04 PM",,Incline Bench Press (Dumbbell),,,0,normal,120.0,8.0,,0.0,9.0
Chest and tricep,"Jan 29, 2026, 8:58 PM","Jan 29, 2026, 10:04 PM",,Incline Bench Press (Dumbbell),,,1,normal,130.0,6.0,,0.0,7.0
Chest and tricep,"Jan 29, 2026, 8:58 PM","Jan 29, 2026, 10:04 PM",,Incline Bench Press (Dumbbell),,,2,normal,140.0,5.0,,0.0,10.0
Chest and tricep,"Jan 29, 2026, 8:58 PM","Jan 29, 2026, 10:04 PM",,Iso-Lateral Chest Press (Machine),,,0,normal,35.0,10.0,,0.0,6.0
Chest and tricep,"Jan 29, 2026, 8:58 PM","Jan 29, 2026, 10:04 PM",,Iso-Lateral Chest Press (Machine),,,1,normal,45.0,8.0,,0.0,
Chest and tricep,"Jan 29, 2026, 8:58 PM","Jan 29, 2026, 10:04 PM",,Iso-Lateral Chest Press (Machine),,,2,normal,45.0,7.0,,0.0,
Chest and tricep,"Jan 29, 2026, 8:58 PM","Jan 29, 2026, 10:04 PM",,Chest Fly (Machine),,,0,normal,120.0,8.0,,0.0,
Chest and tricep,"Jan 29, 2026, 8:58 PM","Jan 29, 2026, 10:04 PM",,Chest Fly (Machine),,,1,normal,140.0,7.0,,0.0,
Chest and tricep,"Jan 29, 2026, 8:58 PM","Jan 29, 2026, 10:04 PM",,Chest Fly (Machine),,,2,normal,160.0,6.0,,0.0,
Chest and tricep,"Jan 29, 2026, 8:58 PM","Jan 29, 2026, 10:04 PM",,Cable Fly Crossovers,,,0,normal,27.5,11.0,,0.0,
Chest and tricep,"Jan 29, 2026, 8:58 PM","Jan 29, 2026, 10:04 PM",,Cable Fly Crossovers,,,1,normal,30.0,10.0,,0.0,
Chest and tricep,"Jan 29, 2026, 8:58 PM","Jan 29, 2026, 10:04 PM",,Cable Fly Crossovers,,,2,normal,35.0,10.0,,0.0,
Chest and tricep,"Jan 29, 2026, 8:58 PM","Jan 29, 2026, 10:04 PM",,Triceps Pushdown,0.0,,0,normal,60.0,10.0,,0.0,
Chest and tricep,"Jan 29, 2026, 8:58 PM","Jan 29, 2026, 10:04 PM",,Triceps Pushdown,0.0,,1,normal,65.0,10.0,,0.0,
Chest and tricep,"Jan 29, 2026, 8:58 PM","Jan 29, 2026, 10:04 PM",,Triceps Pushdown,0.0,,2,normal,70.0,7.0,,0.0,
Chest and tricep,"Jan 29, 2026, 8:58 PM","Jan 29, 2026, 10:04 PM",,Overhead Triceps Extension (Cable),0.0,,0,normal,30.0,8.0,,0.0,
Chest and tricep,"Jan 29, 2026, 8:58 PM","Jan 29, 2026, 10:04 PM",,Overhead Triceps Extension (Cable),0.0,,1,normal,30.0,7.0,,0.0,
Chest and tricep,"Jan 29, 2026, 8:58 PM","Jan 29, 2026, 10:04 PM",,Overhead Triceps Extension (Cable),0.0,,2,normal,30.0,10.0,,0.0,
Chest and tricep,"Jan 29, 2026, 8:58 PM","Jan 29, 2026, 10:04 PM",,Skullcrusher (Dumbbell),,,0,normal,,0.0,,0.0,
Chest and tricep,"Jan 29, 2026, 8:58 PM","Jan 29, 2026, 10:04 PM",,Skullcrusher (Dumbbell),,,1,normal,22.5,10.0,,0.0,
Chest and tricep,"Jan 29, 2026, 8:58 PM","Jan 29, 2026, 10:04 PM",,Skullcrusher (Dumbbell),,,2,normal,40.0,10.0,,0.0,
Chest and tricep,"Jan 29, 2026, 8:58 PM","Jan 29, 2026, 10:04 PM",,Crunch,,,0,normal,,15.0,,0.0,
Chest and tricep,"Jan 29, 2026, 8:58 PM","Jan 29, 2026, 10:04 PM",,Crunch,,,1,normal,,15.0,,0.0,
Chest and tricep,"Jan 29, 2026, 8:58 PM","Jan 29, 2026, 10:04 PM",,Crunch,,,2,normal,,15.0,,0.0,
Chest and tricep,"Jan 29, 2026, 8:58 PM","Jan 29, 2026, 10:04 PM",,Crunch,,,3,normal,,13.0,,0.0,
Shoulder and leg,"Jan 27, 2026, 7:46 PM","Jan 27, 2026, 8:33 PM",,Lunge (Barbell),,,0,normal,25.0,8.0,,,7.5
Shoulder and leg,"Jan 27, 2026, 7:46 PM","Jan 27, 2026, 8:33 PM",,Lunge (Barbell),,,1,normal,45.0,7.0,,,7.0
Shoulder and leg,"Jan 27, 2026, 7:46 PM","Jan 27, 2026, 8:33 PM",,Lunge (Barbell),,,2,normal,45.0,7.0,,,
Shoulder and leg,"Jan 27, 2026, 7:46 PM","Jan 27, 2026, 8:33 PM",,Leg Press (Machine),,,0,normal,135.0,10.0,,,
Shoulder and leg,"Jan 27, 2026, 7:46 PM","Jan 27, 2026, 8:33 PM",,Leg Press (Machine),,,1,normal,180.0,8.0,,,
Shoulder and leg,"Jan 27, 2026, 7:46 PM","Jan 27, 2026, 8:33 PM",,Leg Press (Machine),,,2,normal,225.0,7.0,,,
Shoulder and leg,"Jan 27, 2026, 7:46 PM","Jan 27, 2026, 8:33 PM",,Leg Press (Machine),,,3,normal,270.0,6.0,,,
Shoulder and leg,"Jan 27, 2026, 7:46 PM","Jan 27, 2026, 8:33 PM",,Shoulder Press (Machine Plates),,,0,normal,45.0,8.0,,,
Shoulder and leg,"Jan 27, 2026, 7:46 PM","Jan 27, 2026, 8:33 PM",,Shoulder Press (Machine Plates),,,1,normal,70.0,8.0,,,
Shoulder and leg,"Jan 27, 2026, 7:46 PM","Jan 27, 2026, 8:33 PM",,Shoulder Press (Machine Plates),,,2,normal,70.0,7.0,,,
Shoulder and leg,"Jan 27, 2026, 7:46 PM","Jan 27, 2026, 8:33 PM",,Seated Lateral Raise (Dumbbell),0.0,,0,normal,15.0,10.0,,,
Shoulder and leg,"Jan 27, 2026, 7:46 PM","Jan 27, 2026, 8:33 PM",,Seated Lateral Raise (Dumbbell),0.0,,1,normal,17.5,8.0,,,
Shoulder and leg,"Jan 27, 2026, 7:46 PM","Jan 27, 2026, 8:33 PM",,Seated Lateral Raise (Dumbbell),0.0,,2,normal,20.0,6.0,,,
Shoulder and leg,"Jan 27, 2026, 7:46 PM","Jan 27, 2026, 8:33 PM",,Front Raise (Dumbbell),0.0,,0,normal,15.0,10.0,,,
Shoulder and leg,"Jan 27, 2026, 7:46 PM","Jan 27, 2026, 8:33 PM",,Front Raise (Dumbbell),0.0,,1,normal,17.5,8.0,,,
Shoulder and leg,"Jan 27, 2026, 7:46 PM","Jan 27, 2026, 8:33 PM",,Front Raise (Dumbbell),0.0,,2,normal,17.5,8.0,,,
Shoulder and leg,"Jan 27, 2026, 7:46 PM","Jan 27, 2026, 8:33 PM",,Rear Delt Reverse Fly (Machine),,,0,normal,100.0,10.0,,,
Shoulder and leg,"Jan 27, 2026, 7:46 PM","Jan 27, 2026, 8:33 PM",,Rear Delt Reverse Fly (Machine),,,1,normal,140.0,7.0,,,
Shoulder and leg,"Jan 27, 2026, 7:46 PM","Jan 27, 2026, 8:33 PM",,Rear Delt Reverse Fly (Machine),,,2,normal,140.0,6.0,,,
Shoulder and leg,"Jan 27, 2026, 7:46 PM","Jan 27, 2026, 8:33 PM",,Leg Extension (Machine),1.0,,0,normal,170.0,8.0,,,
Shoulder and leg,"Jan 27, 2026, 7:46 PM","Jan 27, 2026, 8:33 PM",,Leg Extension (Machine),1.0,,1,normal,190.0,8.0,,,
Shoulder and leg,"Jan 27, 2026, 7:46 PM","Jan 27, 2026, 8:33 PM",,Leg Extension (Machine),1.0,,2,normal,220.0,6.0,,,10.0
Shoulder and leg,"Jan 27, 2026, 7:46 PM","Jan 27, 2026, 8:33 PM",,Lying Leg Curl (Machine),1.0,,0,normal,25.0,10.0,,,
Shoulder and leg,"Jan 27, 2026, 7:46 PM","Jan 27, 2026, 8:33 PM",,Lying Leg Curl (Machine),1.0,,1,normal,25.0,10.0,,,
Shoulder and leg,"Jan 27, 2026, 7:46 PM","Jan 27, 2026, 8:33 PM",,Lying Leg Curl (Machine),1.0,,2,normal,25.0,10.0,,,
Shoulder and leg,"Jan 27, 2026, 7:46 PM","Jan 27, 2026, 8:33 PM",,Single Leg Standing Calf Raise (Machine),,,0,normal,45.0,15.0,,,
Shoulder and leg,"Jan 27, 2026, 7:46 PM","Jan 27, 2026, 8:33 PM",,Single Leg Standing Calf Raise (Machine),,,1,normal,45.0,12.0,,,
Shoulder and leg,"Jan 27, 2026, 7:46 PM","Jan 27, 2026, 8:33 PM",,Single Leg Standing Calf Raise (Machine),,,2,normal,45.0,10.0,,,
Black and bicep,"Jan 26, 2026, 8:36 PM","Jan 26, 2026, 9:48 PM",,Lat Pulldown (Cable),,,0,normal,130.0,10.0,,,
Black and bicep,"Jan 26, 2026, 8:36 PM","Jan 26, 2026, 9:48 PM",,Lat Pulldown (Cable),,,1,normal,145.0,8.0,,,
Black and bicep,"Jan 26, 2026, 8:36 PM","Jan 26, 2026, 9:48 PM",,Lat Pulldown (Cable),,,2,normal,175.0,6.0,,,
Black and bicep,"Jan 26, 2026, 8:36 PM","Jan 26, 2026, 9:48 PM",,Lat Pulldown (Cable),,,3,normal,175.0,4.0,,,
Black and bicep,"Jan 26, 2026, 8:36 PM","Jan 26, 2026, 9:48 PM",,Landmine Row,,,0,normal,45.0,10.0,,,
Black and bicep,"Jan 26, 2026, 8:36 PM","Jan 26, 2026, 9:48 PM",,Landmine Row,,,1,normal,70.0,10.0,,,
Black and bicep,"Jan 26, 2026, 8:36 PM","Jan 26, 2026, 9:48 PM",,Landmine Row,,,2,normal,110.0,8.0,,,
Black and bicep,"Jan 26, 2026, 8:36 PM","Jan 26, 2026, 9:48 PM",,Landmine Row,,,3,normal,135.0,6.0,,,
Black and bicep,"Jan 26, 2026, 8:36 PM","Jan 26, 2026, 9:48 PM",,Iso-Lateral High Row (Machine),,,0,normal,160.0,6.0,,,
Black and bicep,"Jan 26, 2026, 8:36 PM","Jan 26, 2026, 9:48 PM",,Iso-Lateral High Row (Machine),,,1,normal,160.0,6.0,,,
Black and bicep,"Jan 26, 2026, 8:36 PM","Jan 26, 2026, 9:48 PM",,Iso-Lateral High Row (Machine),,,2,normal,160.0,6.0,,,
Black and bicep,"Jan 26, 2026, 8:36 PM","Jan 26, 2026, 9:48 PM",,Iso-Lateral High Row (Machine),,,3,normal,160.0,7.0,,,
Black and bicep,"Jan 26, 2026, 8:36 PM","Jan 26, 2026, 9:48 PM",,Seated Cable Row - V Grip (Cable),,,0,normal,100.0,10.0,,,
Black and bicep,"Jan 26, 2026, 8:36 PM","Jan 26, 2026, 9:48 PM",,Seated Cable Row - V Grip (Cable),,,1,normal,130.0,8.0,,,
Black and bicep,"Jan 26, 2026, 8:36 PM","Jan 26, 2026, 9:48 PM",,Seated Cable Row - V Grip (Cable),,,2,normal,130.0,8.0,,,
Black and bicep,"Jan 26, 2026, 8:36 PM","Jan 26, 2026, 9:48 PM",,Seated Cable Row - V Grip (Cable),,,3,normal,130.0,8.0,,,
Black and bicep,"Jan 26, 2026, 8:36 PM","Jan 26, 2026, 9:48 PM",,Behind the Back Curl (Cable),0.0,,0,normal,10.0,10.0,,,
Black and bicep,"Jan 26, 2026, 8:36 PM","Jan 26, 2026, 9:48 PM",,Behind the Back Curl (Cable),0.0,,1,normal,10.0,10.0,,,
Black and bicep,"Jan 26, 2026, 8:36 PM","Jan 26, 2026, 9:48 PM",,Behind the Back Curl (Cable),0.0,,2,normal,10.0,10.0,,,
Black and bicep,"Jan 26, 2026, 8:36 PM","Jan 26, 2026, 9:48 PM",,Hammer Curl (Dumbbell),0.0,,0,normal,15.0,10.0,,,
Black and bicep,"Jan 26, 2026, 8:36 PM","Jan 26, 2026, 9:48 PM",,Hammer Curl (Dumbbell),0.0,,1,normal,15.0,10.0,,,
Black and bicep,"Jan 26, 2026, 8:36 PM","Jan 26, 2026, 9:48 PM",,Hammer Curl (Dumbbell),0.0,,2,normal,15.0,10.0,,,
Black and bicep,"Jan 26, 2026, 8:36 PM","Jan 26, 2026, 9:48 PM",,Shrug (Dumbbell),,,0,normal,65.0,10.0,,,
Black and bicep,"Jan 26, 2026, 8:36 PM","Jan 26, 2026, 9:48 PM",,Shrug (Dumbbell),,,1,normal,70.0,10.0,,,
Black and bicep,"Jan 26, 2026, 8:36 PM","Jan 26, 2026, 9:48 PM",,Shrug (Dumbbell),,,2,normal,75.0,10.0,,,
Black and bicep,"Jan 26, 2026, 8:36 PM","Jan 26, 2026, 9:48 PM",,Back Extension (Weighted Hyperextension),,,0,normal,,10.0,,,
Black and bicep,"Jan 26, 2026, 8:36 PM","Jan 26, 2026, 9:48 PM",,Back Extension (Weighted Hyperextension),,,1,normal,,10.0,,,
Black and bicep,"Jan 26, 2026, 8:36 PM","Jan 26, 2026, 9:48 PM",,Back Extension (Weighted Hyperextension),,,2,normal,,10.0,,,
Chest and tricep,"Jan 25, 2026, 3:23 PM","Jan 25, 2026, 4:19 PM",,Treadmill,,Warmup,0,normal,,0.0,,600.0,
Chest and tricep,"Jan 25, 2026, 3:23 PM","Jan 25, 2026, 4:19 PM",,Bench Press (Barbell),,,0,normal,90.0,10.0,,0.0,7.0
Chest and tricep,"Jan 25, 2026, 3:23 PM","Jan 25, 2026, 4:19 PM",,Bench Press (Barbell),,,1,normal,110.0,8.0,,0.0,
Chest and tricep,"Jan 25, 2026, 3:23 PM","Jan 25, 2026, 4:19 PM",,Bench Press (Barbell),,,2,normal,130.0,5.0,,0.0,6.0
Chest and tricep,"Jan 25, 2026, 3:23 PM","Jan 25, 2026, 4:19 PM",,Bench Press (Barbell),,,3,normal,130.0,5.0,,0.0,10.0
Chest and tricep,"Jan 25, 2026, 3:23 PM","Jan 25, 2026, 4:19 PM",,Incline Bench Press (Dumbbell),,,0,normal,110.0,8.0,,0.0,8.0
Chest and tricep,"Jan 25, 2026, 3:23 PM","Jan 25, 2026, 4:19 PM",,Incline Bench Press (Dumbbell),,,1,normal,130.0,6.0,,0.0,9.0
Chest and tricep,"Jan 25, 2026, 3:23 PM","Jan 25, 2026, 4:19 PM",,Incline Bench Press (Dumbbell),,,2,normal,130.0,5.0,,0.0,
Chest and tricep,"Jan 25, 2026, 3:23 PM","Jan 25, 2026, 4:19 PM",,Iso-Lateral Chest Press (Machine),,,0,normal,25.0,10.0,,0.0,10.0
Chest and tricep,"Jan 25, 2026, 3:23 PM","Jan 25, 2026, 4:19 PM",,Iso-Lateral Chest Press (Machine),,,1,normal,45.0,10.0,,0.0,
Chest and tricep,"Jan 25, 2026, 3:23 PM","Jan 25, 2026, 4:19 PM",,Iso-Lateral Chest Press (Machine),,,2,normal,45.0,6.0,,0.0,
Chest and tricep,"Jan 25, 2026, 3:23 PM","Jan 25, 2026, 4:19 PM",,Chest Fly (Machine),,,0,normal,120.0,8.0,,0.0,
Chest and tricep,"Jan 25, 2026, 3:23 PM","Jan 25, 2026, 4:19 PM",,Chest Fly (Machine),,,1,normal,140.0,7.0,,0.0,10.0
Chest and tricep,"Jan 25, 2026, 3:23 PM","Jan 25, 2026, 4:19 PM",,Chest Fly (Machine),,,2,normal,160.0,6.0,,0.0,10.0
Chest and tricep,"Jan 25, 2026, 3:12 PM","Jan 25, 2026, 3:22 PM",,Treadmill,,,0,normal,,,,600.0,
Lower1.2,"Jan 23, 2026, 7:07 PM","Jan 23, 2026, 7:52 PM",,Squat (Smith Machine),,,0,normal,45.0,8.0,,0.0,7.0
Lower1.2,"Jan 23, 2026, 7:07 PM","Jan 23, 2026, 7:52 PM",,Squat (Smith Machine),,,1,normal,70.0,6.0,,0.0,10.0
Lower1.2,"Jan 23, 2026, 7:07 PM","Jan 23, 2026, 7:52 PM",,Squat (Smith Machine),,,2,normal,80.0,4.0,,0.0,10.0
Lower1.2,"Jan 23, 2026, 7:07 PM","Jan 23, 2026, 7:52 PM",,Squat (Smith Machine),,,3,normal,90.0,3.0,,0.0,10.0
Lower1.2,"Jan 23, 2026, 7:07 PM","Jan 23, 2026, 7:52 PM",,Romanian Deadlift (Dumbbell),,,0,normal,25.0,10.0,,0.0,7.0
Lower1.2,"Jan 23, 2026, 7:07 PM","Jan 23, 2026, 7:52 PM",,Romanian Deadlift (Dumbbell),,,1,normal,30.0,9.0,,0.0,7.5
Lower1.2,"Jan 23, 2026, 7:07 PM","Jan 23, 2026, 7:52 PM",,Romanian Deadlift (Dumbbell),,,2,normal,35.0,6.0,,0.0,6.0
Lower1.2,"Jan 23, 2026, 7:07 PM","Jan 23, 2026, 7:52 PM",,Seated Leg Curl (Machine),,,0,normal,10.5,12.0,,0.0,
Lower1.2,"Jan 23, 2026, 7:07 PM","Jan 23, 2026, 7:52 PM",,Seated Leg Curl (Machine),,,1,normal,8.5,10.0,,0.0,
Lower1.2,"Jan 23, 2026, 7:07 PM","Jan 23, 2026, 7:52 PM",,Leg Extension (Machine),,,0,normal,160.0,10.0,,0.0,
Lower1.2,"Jan 23, 2026, 7:07 PM","Jan 23, 2026, 7:52 PM",,Leg Extension (Machine),,,1,normal,190.0,8.0,,0.0,
Lower1.2,"Jan 23, 2026, 7:07 PM","Jan 23, 2026, 7:52 PM",,Single Leg Standing Calf Raise (Machine),,,0,normal,45.0,15.0,,0.0,
Lower1.2,"Jan 23, 2026, 7:07 PM","Jan 23, 2026, 7:52 PM",,Single Leg Standing Calf Raise (Machine),,,1,normal,45.0,12.0,,0.0,
Lower1.2,"Jan 23, 2026, 7:07 PM","Jan 23, 2026, 7:52 PM",,Single Leg Standing Calf Raise (Machine),,,2,normal,45.0,10.0,,0.0,
upper#1.2,"Jan 21, 2026, 9:03 PM","Jan 21, 2026, 9:24 PM",,Bench Press (Dumbbell),,,0,normal,35.0,8.0,,,
upper#1.2,"Jan 21, 2026, 9:03 PM","Jan 21, 2026, 9:24 PM",,Bench Press (Dumbbell),,,1,normal,45.0,7.0,,,
upper#1.2,"Jan 21, 2026, 9:03 PM","Jan 21, 2026, 9:24 PM",,Bench Press (Dumbbell),,,2,normal,50.0,6.0,,,
upper#1.2,"Jan 21, 2026, 9:03 PM","Jan 21, 2026, 9:24 PM",,Lat Pulldown (Cable),,,0,normal,115.0,8.0,,,
upper#1.2,"Jan 21, 2026, 9:03 PM","Jan 21, 2026, 9:24 PM",,Lat Pulldown (Cable),,,1,normal,130.0,6.0,,,
upper#1.2,"Jan 21, 2026, 9:03 PM","Jan 21, 2026, 9:24 PM",,Lat Pulldown (Cable),,,2,normal,145.0,4.0,,,
upper#1.2,"Jan 21, 2026, 9:03 PM","Jan 21, 2026, 9:24 PM",,Chest Supported Incline Row (Dumbbell),,,0,normal,15.0,8.0,,,
upper#1.2,"Jan 21, 2026, 9:03 PM","Jan 21, 2026, 9:24 PM",,Chest Supported Incline Row (Dumbbell),,,1,normal,20.0,7.0,,,
upper#1.2,"Jan 21, 2026, 9:03 PM","Jan 21, 2026, 9:24 PM",,Chest Supported Incline Row (Dumbbell),,,2,normal,25.0,6.0,,,
upper#1.2,"Jan 21, 2026, 9:03 PM","Jan 21, 2026, 9:24 PM",,Seated Shoulder Press (Machine),,,0,normal,50.0,8.0,,,
upper#1.2,"Jan 21, 2026, 9:03 PM","Jan 21, 2026, 9:24 PM",,Seated Shoulder Press (Machine),,,1,normal,70.0,6.0,,,
upper#1.2,"Jan 21, 2026, 9:03 PM","Jan 21, 2026, 9:24 PM",,Lateral Raise (Dumbbell),,,0,normal,20.0,10.0,,,
upper#1.2,"Jan 21, 2026, 9:03 PM","Jan 21, 2026, 9:24 PM",,Triceps Pressdown,,,0,normal,35.0,12.0,,,
upper#1.2,"Jan 21, 2026, 9:03 PM","Jan 21, 2026, 9:24 PM",,Triceps Pressdown,,,1,normal,45.0,10.0,,,
upper#1.2,"Jan 21, 2026, 9:03 PM","Jan 21, 2026, 9:24 PM",,Bicep Curl (Dumbbell),,,0,normal,30.0,12.0,,,
upper#1.2,"Jan 21, 2026, 9:03 PM","Jan 21, 2026, 9:24 PM",,Bicep Curl (Dumbbell),,,1,normal,30.0,10.0,,,
Lower1.2,"Jan 19, 2026, 7:57 PM","Jan 19, 2026, 8:40 PM",,Leg Press (Machine),,,0,normal,135.0,10.0,,,6.0
Lower1.2,"Jan 19, 2026, 7:57 PM","Jan 19, 2026, 8:40 PM",,Leg Press (Machine),,,1,normal,180.0,8.0,,,7.0
Lower1.2,"Jan 19, 2026, 7:57 PM","Jan 19, 2026, 8:40 PM",,Leg Press (Machine),,,2,normal,225.0,7.0,,,6.0
Lower1.2,"Jan 19, 2026, 7:57 PM","Jan 19, 2026, 8:40 PM",,Leg Press (Machine),,,3,normal,270.0,6.0,,,10.0
Lower1.2,"Jan 19, 2026, 7:57 PM","Jan 19, 2026, 8:40 PM",,Romanian Deadlift (Dumbbell),,,0,normal,20.0,10.0,,,7.0
Lower1.2,"Jan 19, 2026, 7:57 PM","Jan 19, 2026, 8:40 PM",,Romanian Deadlift (Dumbbell),,,1,normal,25.0,9.0,,,
Lower1.2,"Jan 19, 2026, 7:57 PM","Jan 19, 2026, 8:40 PM",,Romanian Deadlift (Dumbbell),,,2,normal,30.0,8.0,,,10.0
Lower1.2,"Jan 19, 2026, 7:57 PM","Jan 19, 2026, 8:40 PM",,Seated Leg Curl (Machine),,,0,normal,10.5,12.0,,,
Lower1.2,"Jan 19, 2026, 7:57 PM","Jan 19, 2026, 8:40 PM",,Seated Leg Curl (Machine),,,1,normal,8.5,10.0,,,
Lower1.2,"Jan 19, 2026, 7:57 PM","Jan 19, 2026, 8:40 PM",,Leg Extension (Machine),,,0,normal,150.0,12.0,,,
Lower1.2,"Jan 19, 2026, 7:57 PM","Jan 19, 2026, 8:40 PM",,Leg Extension (Machine),,,1,normal,170.0,10.0,,,
Lower1.2,"Jan 19, 2026, 7:57 PM","Jan 19, 2026, 8:40 PM",,Single Leg Standing Calf Raise (Machine),,,0,normal,45.0,15.0,,,6.0
Lower1.2,"Jan 19, 2026, 7:57 PM","Jan 19, 2026, 8:40 PM",,Single Leg Standing Calf Raise (Machine),,,1,normal,45.0,12.0,,,
Lower1.2,"Jan 19, 2026, 7:57 PM","Jan 19, 2026, 8:40 PM",,Single Leg Standing Calf Raise (Machine),,,2,normal,45.0,10.0,,,
upper#1.2,"Jan 18, 2026, 6:06 PM","Jan 18, 2026, 6:37 PM",,Bench Press (Barbell),,,0,normal,90.0,9.0,,0.0,
upper#1.2,"Jan 18, 2026, 6:06 PM","Jan 18, 2026, 6:37 PM",,Bench Press (Barbell),,,1,normal,120.0,6.0,,0.0,7.0
upper#1.2,"Jan 18, 2026, 6:06 PM","Jan 18, 2026, 6:37 PM",,Bench Press (Barbell),,,2,normal,140.0,5.0,,0.0,7.5
upper#1.2,"Jan 18, 2026, 6:06 PM","Jan 18, 2026, 6:37 PM",,Chest Supported Incline Row (Dumbbell),,,0,normal,15.0,8.0,,0.0,6.0
upper#1.2,"Jan 18, 2026, 6:06 PM","Jan 18, 2026, 6:37 PM",,Chest Supported Incline Row (Dumbbell),,,1,normal,20.0,7.0,,0.0,
upper#1.2,"Jan 18, 2026, 6:06 PM","Jan 18, 2026, 6:37 PM",,Chest Supported Incline Row (Dumbbell),,,2,normal,25.0,6.0,,0.0,
upper#1.2,"Jan 18, 2026, 6:06 PM","Jan 18, 2026, 6:37 PM",,Lat Pulldown (Cable),,,0,normal,115.0,8.0,,0.0,6.0
upper#1.2,"Jan 18, 2026, 6:06 PM","Jan 18, 2026, 6:37 PM",,Lat Pulldown (Cable),,,1,normal,130.0,6.0,,0.0,8.0
upper#1.2,"Jan 18, 2026, 6:06 PM","Jan 18, 2026, 6:37 PM",,Lat Pulldown (Cable),,,2,normal,145.0,4.0,,0.0,
upper#1.2,"Jan 18, 2026, 6:06 PM","Jan 18, 2026, 6:37 PM",,Seated Shoulder Press (Machine),,,0,normal,50.0,8.0,,0.0,
upper#1.2,"Jan 18, 2026, 6:06 PM","Jan 18, 2026, 6:37 PM",,Seated Shoulder Press (Machine),,,1,normal,70.0,6.0,,0.0,
upper#1.2,"Jan 18, 2026, 6:06 PM","Jan 18, 2026, 6:37 PM",,Seated Cable Row - Bar Grip,,,0,normal,85.0,10.0,,0.0,7.0
upper#1.2,"Jan 18, 2026, 6:06 PM","Jan 18, 2026, 6:37 PM",,Seated Cable Row - Bar Grip,,,1,normal,85.0,8.0,,0.0,7.0
upper#1.2,"Jan 18, 2026, 6:06 PM","Jan 18, 2026, 6:37 PM",,Lateral Raise (Dumbbell),,,0,normal,20.0,10.0,,0.0,6.0
upper#1.2,"Jan 18, 2026, 6:06 PM","Jan 18, 2026, 6:37 PM",,Lateral Raise (Dumbbell),,,1,normal,20.0,8.0,,0.0,
upper#1.2,"Jan 18, 2026, 6:06 PM","Jan 18, 2026, 6:37 PM",,Triceps Pressdown,,,0,normal,35.0,12.0,,0.0,6.0
upper#1.2,"Jan 18, 2026, 6:06 PM","Jan 18, 2026, 6:37 PM",,Triceps Pressdown,,,1,normal,45.0,10.0,,0.0,7.0
upper#1.2,"Jan 18, 2026, 6:06 PM","Jan 18, 2026, 6:37 PM",,Bicep Curl (Dumbbell),,,0,normal,30.0,12.0,,0.0,6.0
upper#1.2,"Jan 18, 2026, 6:06 PM","Jan 18, 2026, 6:37 PM",,Bicep Curl (Dumbbell),,,1,normal,30.0,10.0,,0.0,7.0
Lower #2,"Jan 16, 2026, 7:19 PM","Jan 16, 2026, 8:10 PM",,Squat (Barbell),,,0,normal,45.0,11.0,,,
Lower #2,"Jan 16, 2026, 7:19 PM","Jan 16, 2026, 8:10 PM",,Squat (Barbell),,,1,normal,70.0,8.0,,,10.0
Lower #2,"Jan 16, 2026, 7:19 PM","Jan 16, 2026, 8:10 PM",,Squat (Barbell),,,2,normal,70.0,7.0,,,
Lower #2,"Jan 16, 2026, 7:19 PM","Jan 16, 2026, 8:10 PM",,Squat (Barbell),,,3,normal,90.0,6.0,,,
Lower #2,"Jan 16, 2026, 7:19 PM","Jan 16, 2026, 8:10 PM",,Leg Extension (Machine),,,0,normal,150.0,10.0,,,9.0
Lower #2,"Jan 16, 2026, 7:19 PM","Jan 16, 2026, 8:10 PM",,Leg Extension (Machine),,,1,normal,190.0,9.0,,,10.0
Lower #2,"Jan 16, 2026, 7:19 PM","Jan 16, 2026, 8:10 PM",,Leg Extension (Machine),,,2,normal,220.0,7.0,,,10.0
Lower #2,"Jan 16, 2026, 7:19 PM","Jan 16, 2026, 8:10 PM",,Hip Abduction (Machine),,,0,normal,80.0,10.0,,,
Lower #2,"Jan 16, 2026, 7:19 PM","Jan 16, 2026, 8:10 PM",,Hip Abduction (Machine),,,1,normal,100.0,10.0,,,
Lower #2,"Jan 16, 2026, 7:19 PM","Jan 16, 2026, 8:10 PM",,Hip Abduction (Machine),,,2,normal,110.0,8.0,,,
Lower #2,"Jan 16, 2026, 7:19 PM","Jan 16, 2026, 8:10 PM",,Hip Adduction (Machine),,,0,normal,50.0,15.0,,,
Lower #2,"Jan 16, 2026, 7:19 PM","Jan 16, 2026, 8:10 PM",,Hip Adduction (Machine),,,1,normal,80.0,10.0,,,
Lower #2,"Jan 16, 2026, 7:19 PM","Jan 16, 2026, 8:10 PM",,Hip Adduction (Machine),,,2,normal,80.0,9.0,,,
Lower #2,"Jan 16, 2026, 7:19 PM","Jan 16, 2026, 8:10 PM",,Seated Leg Curl (Machine),,,0,normal,90.0,10.0,,,
Lower #2,"Jan 16, 2026, 7:19 PM","Jan 16, 2026, 8:10 PM",,Seated Leg Curl (Machine),,,1,normal,100.0,8.0,,,
Lower #2,"Jan 16, 2026, 7:19 PM","Jan 16, 2026, 8:10 PM",,Seated Leg Curl (Machine),,,2,normal,90.0,10.0,,,
Lower #2,"Jan 16, 2026, 7:19 PM","Jan 16, 2026, 8:10 PM",,Seated Calf Raise,,,0,normal,90.0,15.0,,,
Lower #2,"Jan 16, 2026, 7:19 PM","Jan 16, 2026, 8:10 PM",,Seated Calf Raise,,,1,normal,90.0,10.0,,,
Lower #2,"Jan 16, 2026, 7:19 PM","Jan 16, 2026, 8:10 PM",,Seated Calf Raise,,,2,normal,90.0,11.0,,,
Upper #2,"Jan 13, 2026, 8:50 PM","Jan 13, 2026, 10:06 PM",,Lat Pulldown (Cable),,,0,normal,115.0,10.0,,0.0,6.0
Upper #2,"Jan 13, 2026, 8:50 PM","Jan 13, 2026, 10:06 PM",,Lat Pulldown (Cable),,,1,normal,145.0,8.0,,0.0,7.0
Upper #2,"Jan 13, 2026, 8:50 PM","Jan 13, 2026, 10:06 PM",,Lat Pulldown (Cable),,,2,normal,160.0,7.0,,0.0,
Upper #2,"Jan 13, 2026, 8:50 PM","Jan 13, 2026, 10:06 PM",,Lat Pulldown (Cable),,,3,normal,175.0,4.0,,0.0,10.0
Upper #2,"Jan 13, 2026, 8:50 PM","Jan 13, 2026, 10:06 PM",,Straight Arm Lat Pulldown (Cable),,,0,normal,40.0,10.0,,0.0,
Upper #2,"Jan 13, 2026, 8:50 PM","Jan 13, 2026, 10:06 PM",,Straight Arm Lat Pulldown (Cable),,,1,normal,50.0,10.0,,0.0,7.0
Upper #2,"Jan 13, 2026, 8:50 PM","Jan 13, 2026, 10:06 PM",,Straight Arm Lat Pulldown (Cable),,,2,normal,55.0,8.0,,0.0,10.0
Upper #2,"Jan 13, 2026, 8:50 PM","Jan 13, 2026, 10:06 PM",,Rear Delt Reverse Fly (Machine),,,0,normal,90.0,10.0,,0.0,7.5
Upper #2,"Jan 13, 2026, 8:50 PM","Jan 13, 2026, 10:06 PM",,Rear Delt Reverse Fly (Machine),,,1,normal,120.0,8.0,,0.0,8.5
Upper #2,"Jan 13, 2026, 8:50 PM","Jan 13, 2026, 10:06 PM",,Rear Delt Reverse Fly (Machine),,,2,normal,120.0,7.0,,0.0,10.0
Upper #2,"Jan 13, 2026, 8:50 PM","Jan 13, 2026, 10:06 PM",,Dumbbell Row,,,0,normal,65.0,10.0,,0.0,7.0
Upper #2,"Jan 13, 2026, 8:50 PM","Jan 13, 2026, 10:06 PM",,Dumbbell Row,,,1,normal,70.0,8.0,,0.0,10.0
Upper #2,"Jan 13, 2026, 8:50 PM","Jan 13, 2026, 10:06 PM",,Dumbbell Row,,,2,normal,75.0,6.0,,0.0,10.0
Upper #2,"Jan 13, 2026, 8:50 PM","Jan 13, 2026, 10:06 PM",,Incline Bench Press (Dumbbell),,,0,normal,70.0,10.0,,0.0,7.5
Upper #2,"Jan 13, 2026, 8:50 PM","Jan 13, 2026, 10:06 PM",,Incline Bench Press (Dumbbell),,,1,normal,90.0,10.0,,0.0,
Upper #2,"Jan 13, 2026, 8:50 PM","Jan 13, 2026, 10:06 PM",,Incline Bench Press (Dumbbell),,,2,normal,90.0,7.0,,0.0,
Upper #2,"Jan 13, 2026, 8:50 PM","Jan 13, 2026, 10:06 PM",,Cable Fly Crossovers,,,0,normal,25.0,11.0,,0.0,
Upper #2,"Jan 13, 2026, 8:50 PM","Jan 13, 2026, 10:06 PM",,Cable Fly Crossovers,,,1,normal,30.0,10.0,,0.0,
Upper #2,"Jan 13, 2026, 8:50 PM","Jan 13, 2026, 10:06 PM",,Cable Fly Crossovers,,,2,normal,35.0,10.0,,0.0,9.0
Upper #2,"Jan 13, 2026, 8:50 PM","Jan 13, 2026, 10:06 PM",,Single Arm Lateral Raise (Cable),,,0,normal,5.0,15.0,,0.0,
Upper #2,"Jan 13, 2026, 8:50 PM","Jan 13, 2026, 10:06 PM",,Single Arm Lateral Raise (Cable),,,1,normal,15.0,8.0,,0.0,10.0
Upper #2,"Jan 13, 2026, 8:50 PM","Jan 13, 2026, 10:06 PM",,Single Arm Lateral Raise (Cable),,,2,normal,15.0,6.0,,0.0,10.0
Upper #2,"Jan 13, 2026, 8:50 PM","Jan 13, 2026, 10:06 PM",,Triceps Extension (Cable),,,0,normal,10.0,15.0,,0.0,10.0
Upper #2,"Jan 13, 2026, 8:50 PM","Jan 13, 2026, 10:06 PM",,Triceps Extension (Cable),,,1,normal,15.0,10.0,,0.0,
Upper #2,"Jan 13, 2026, 8:50 PM","Jan 13, 2026, 10:06 PM",,Triceps Extension (Cable),,,2,normal,30.0,10.0,,0.0,6.0
Upper #2,"Jan 13, 2026, 8:50 PM","Jan 13, 2026, 10:06 PM",,Bicep Curl (Dumbbell),,,0,normal,30.0,10.0,,0.0,
Upper #2,"Jan 13, 2026, 8:50 PM","Jan 13, 2026, 10:06 PM",,Bicep Curl (Dumbbell),,,1,normal,30.0,10.0,,0.0,
Upper #2,"Jan 13, 2026, 8:50 PM","Jan 13, 2026, 10:06 PM",,Bicep Curl (Dumbbell),,,2,normal,30.0,8.0,,0.0,
Upper 1,"Jan 7, 2026, 7:43 PM","Jan 7, 2026, 8:39 PM",,Bench Press (Barbell),,,0,normal,90.0,10.0,,,
Upper 1,"Jan 7, 2026, 7:43 PM","Jan 7, 2026, 8:39 PM",,Bench Press (Barbell),,,1,normal,110.0,8.0,,,
Upper 1,"Jan 7, 2026, 7:43 PM","Jan 7, 2026, 8:39 PM",,Bench Press (Barbell),,,2,normal,140.0,5.0,,,
Upper 1,"Jan 7, 2026, 7:43 PM","Jan 7, 2026, 8:39 PM",,Iso-Lateral Chest Press (Machine),0.0,,0,normal,45.0,10.0,,,
Upper 1,"Jan 7, 2026, 7:43 PM","Jan 7, 2026, 8:39 PM",,Iso-Lateral Chest Press (Machine),0.0,,1,normal,80.5,10.0,,,
Upper 1,"Jan 7, 2026, 7:43 PM","Jan 7, 2026, 8:39 PM",,Chest Fly (Machine),0.0,,0,normal,101.0,10.0,,,
Upper 1,"Jan 7, 2026, 7:43 PM","Jan 7, 2026, 8:39 PM",,Chest Fly (Machine),0.0,,1,normal,120.0,8.0,,,
Upper 1,"Jan 7, 2026, 7:43 PM","Jan 7, 2026, 8:39 PM",,Shoulder Press (Dumbbell),,,0,normal,55.0,8.0,,,
Upper 1,"Jan 7, 2026, 7:43 PM","Jan 7, 2026, 8:39 PM",,Shoulder Press (Dumbbell),,,1,normal,60.0,8.0,,,
Upper 1,"Jan 7, 2026, 7:43 PM","Jan 7, 2026, 8:39 PM",,Shoulder Press (Dumbbell),,,2,normal,60.0,8.0,,,
Upper 1,"Jan 7, 2026, 7:43 PM","Jan 7, 2026, 8:39 PM",,Front Raise (Cable),1.0,,0,normal,15.0,12.0,,,
Upper 1,"Jan 7, 2026, 7:43 PM","Jan 7, 2026, 8:39 PM",,Front Raise (Cable),1.0,,1,normal,20.0,10.0,,,
Upper 1,"Jan 7, 2026, 7:43 PM","Jan 7, 2026, 8:39 PM",,Seated Cable Row - V Grip (Cable),1.0,,0,normal,80.5,10.0,,,
Upper 1,"Jan 7, 2026, 7:43 PM","Jan 7, 2026, 8:39 PM",,Seated Cable Row - V Grip (Cable),1.0,,1,normal,115.0,10.0,,,
Upper 1,"Jan 7, 2026, 7:43 PM","Jan 7, 2026, 8:39 PM",,T Bar Row,,,0,normal,45.0,10.0,,,
Upper 1,"Jan 7, 2026, 7:43 PM","Jan 7, 2026, 8:39 PM",,T Bar Row,,,1,normal,45.0,10.0,,,
Upper 1,"Jan 7, 2026, 7:43 PM","Jan 7, 2026, 8:39 PM",,T Bar Row,,,2,normal,45.0,10.0,,,
Upper 1,"Jan 7, 2026, 7:43 PM","Jan 7, 2026, 8:39 PM",,Triceps Pressdown,2.0,,0,normal,40.0,15.0,,,
Upper 1,"Jan 7, 2026, 7:43 PM","Jan 7, 2026, 8:39 PM",,Triceps Pressdown,2.0,,1,normal,60.0,9.0,,,
Upper 1,"Jan 7, 2026, 7:43 PM","Jan 7, 2026, 8:39 PM",,Triceps Pressdown,2.0,,2,normal,60.0,6.0,,,
Upper 1,"Jan 7, 2026, 7:43 PM","Jan 7, 2026, 8:39 PM",,Bicep Curl (Cable),2.0,,0,normal,20.0,12.0,,,
Upper 1,"Jan 7, 2026, 7:43 PM","Jan 7, 2026, 8:39 PM",,Bicep Curl (Cable),2.0,,1,normal,35.0,12.0,,,
Upper 1,"Jan 7, 2026, 7:43 PM","Jan 7, 2026, 8:39 PM",,Bicep Curl (Cable),2.0,,2,normal,40.0,8.0,,,
Lower #1,"Jan 5, 2026, 8:33 PM","Jan 5, 2026, 9:24 PM",,Lunge (Barbell),,,0,normal,35.0,8.0,,,
Lower #1,"Jan 5, 2026, 8:33 PM","Jan 5, 2026, 9:24 PM",,Lunge (Barbell),,,1,normal,35.0,8.0,,,
Lower #1,"Jan 5, 2026, 8:33 PM","Jan 5, 2026, 9:24 PM",,Lunge (Barbell),,,2,normal,55.0,6.0,,,
Lower #1,"Jan 5, 2026, 8:33 PM","Jan 5, 2026, 9:24 PM",,Leg Extension (Machine),,,0,normal,150.0,10.0,,,
Lower #1,"Jan 5, 2026, 8:33 PM","Jan 5, 2026, 9:24 PM",,Leg Extension (Machine),,,1,normal,170.0,10.0,,,
Lower #1,"Jan 5, 2026, 8:33 PM","Jan 5, 2026, 9:24 PM",,Leg Extension (Machine),,,2,normal,190.0,6.0,,,
Lower #1,"Jan 5, 2026, 8:33 PM","Jan 5, 2026, 9:24 PM",,Leg Press (Machine),,,0,normal,360.0,10.0,,,
Lower #1,"Jan 5, 2026, 8:33 PM","Jan 5, 2026, 9:24 PM",,Leg Press (Machine),,,1,normal,450.0,6.0,,,
Lower #1,"Jan 5, 2026, 8:33 PM","Jan 5, 2026, 9:24 PM",,Leg Press (Machine),,,2,normal,500.0,6.0,,,
Lower #1,"Jan 5, 2026, 8:33 PM","Jan 5, 2026, 9:24 PM",,Leg Press (Machine),,,3,normal,540.0,6.0,,,
Lower #1,"Jan 5, 2026, 8:33 PM","Jan 5, 2026, 9:24 PM",,Sumo Squat (Dumbbell),,,0,normal,45.0,11.0,,,
Lower #1,"Jan 5, 2026, 8:33 PM","Jan 5, 2026, 9:24 PM",,Sumo Squat (Dumbbell),,,1,normal,55.0,10.0,,,
Lower #1,"Jan 5, 2026, 8:33 PM","Jan 5, 2026, 9:24 PM",,Sumo Squat (Dumbbell),,,2,normal,60.0,9.0,,,
Lower #1,"Jan 5, 2026, 8:33 PM","Jan 5, 2026, 9:24 PM",,Sumo Squat (Dumbbell),,,3,normal,60.0,8.0,,,
Lower #1,"Jan 5, 2026, 8:33 PM","Jan 5, 2026, 9:24 PM",,Hip Thrust (Machine),,,0,normal,25.0,10.0,,,
Lower #1,"Jan 5, 2026, 8:33 PM","Jan 5, 2026, 9:24 PM",,Hip Thrust (Machine),,,1,normal,35.0,10.0,,,
Lower #1,"Jan 5, 2026, 8:33 PM","Jan 5, 2026, 9:24 PM",,Hip Thrust (Machine),,,2,normal,35.5,10.0,,,
Lower #1,"Jan 5, 2026, 8:33 PM","Jan 5, 2026, 9:24 PM",,Deadlift (Dumbbell),,,0,normal,15.0,10.0,,,
Lower #1,"Jan 5, 2026, 8:33 PM","Jan 5, 2026, 9:24 PM",,Deadlift (Dumbbell),,,1,normal,25.0,10.0,,,
Lower #1,"Jan 5, 2026, 8:33 PM","Jan 5, 2026, 9:24 PM",,Deadlift (Dumbbell),,,2,normal,35.0,8.0,,,
Lower #1,"Jan 5, 2026, 8:33 PM","Jan 5, 2026, 9:24 PM",,Deadlift (Dumbbell),,,3,normal,55.0,8.0,,,
Lower #1,"Jan 5, 2026, 8:33 PM","Jan 5, 2026, 9:24 PM",,Standing Calf Raise (Machine),,,0,normal,90.0,20.0,,,
Lower #1,"Jan 5, 2026, 8:33 PM","Jan 5, 2026, 9:24 PM",,Standing Calf Raise (Machine),,,1,normal,115.0,16.0,,,
Lower #1,"Jan 5, 2026, 8:33 PM","Jan 5, 2026, 9:24 PM",,Standing Calf Raise (Machine),,,2,normal,110.0,12.0,,,
Upper 1,"Jan 3, 2026, 6:49 PM","Jan 3, 2026, 7:45 PM",,Bench Press (Barbell),,,0,normal,90.0,10.0,,0.0,
Upper 1,"Jan 3, 2026, 6:49 PM","Jan 3, 2026, 7:45 PM",,Bench Press (Barbell),,,1,normal,110.0,6.0,,0.0,
Upper 1,"Jan 3, 2026, 6:49 PM","Jan 3, 2026, 7:45 PM",,Bench Press (Barbell),,,2,normal,120.0,5.0,,0.0,10.0
Upper 1,"Jan 3, 2026, 6:49 PM","Jan 3, 2026, 7:45 PM",,Iso-Lateral Chest Press (Machine),0.0,,0,normal,45.0,10.0,,0.0,
Upper 1,"Jan 3, 2026, 6:49 PM","Jan 3, 2026, 7:45 PM",,Iso-Lateral Chest Press (Machine),0.0,,1,normal,80.5,10.0,,0.0,
Upper 1,"Jan 3, 2026, 6:49 PM","Jan 3, 2026, 7:45 PM",,Chest Fly (Machine),0.0,,0,normal,101.0,10.0,,0.0,
Upper 1,"Jan 3, 2026, 6:49 PM","Jan 3, 2026, 7:45 PM",,Chest Fly (Machine),0.0,,1,normal,120.0,8.0,,0.0,
Upper 1,"Jan 3, 2026, 6:49 PM","Jan 3, 2026, 7:45 PM",,Shoulder Press (Dumbbell),,,0,normal,55.0,8.0,,0.0,
Upper 1,"Jan 3, 2026, 6:49 PM","Jan 3, 2026, 7:45 PM",,Shoulder Press (Dumbbell),,,1,normal,60.0,8.0,,0.0,
Upper 1,"Jan 3, 2026, 6:49 PM","Jan 3, 2026, 7:45 PM",,Shoulder Press (Dumbbell),,,2,normal,60.0,8.0,,0.0,
Upper 1,"Jan 3, 2026, 6:49 PM","Jan 3, 2026, 7:45 PM",,Front Raise (Cable),1.0,,0,normal,15.0,12.0,,0.0,
Upper 1,"Jan 3, 2026, 6:49 PM","Jan 3, 2026, 7:45 PM",,Front Raise (Cable),1.0,,1,normal,20.0,10.0,,0.0,
Upper 1,"Jan 3, 2026, 6:49 PM","Jan 3, 2026, 7:45 PM",,Seated Cable Row - V Grip (Cable),1.0,,0,normal,80.5,10.0,,0.0,
Upper 1,"Jan 3, 2026, 6:49 PM","Jan 3, 2026, 7:45 PM",,Seated Cable Row - V Grip (Cable),1.0,,1,normal,115.0,10.0,,0.0,
Upper 1,"Jan 3, 2026, 6:49 PM","Jan 3, 2026, 7:45 PM",,T Bar Row,,,0,normal,45.0,10.0,,0.0,
Upper 1,"Jan 3, 2026, 6:49 PM","Jan 3, 2026, 7:45 PM",,T Bar Row,,,1,normal,45.0,10.0,,0.0,
Upper 1,"Jan 3, 2026, 6:49 PM","Jan 3, 2026, 7:45 PM",,T Bar Row,,,2,normal,45.0,10.0,,0.0,
Upper 1,"Jan 3, 2026, 6:49 PM","Jan 3, 2026, 7:45 PM",,Triceps Pressdown,2.0,,0,normal,40.0,15.0,,0.0,
Upper 1,"Jan 3, 2026, 6:49 PM","Jan 3, 2026, 7:45 PM",,Triceps Pressdown,2.0,,1,normal,60.0,9.0,,0.0,
Upper 1,"Jan 3, 2026, 6:49 PM","Jan 3, 2026, 7:45 PM",,Triceps Pressdown,2.0,,2,normal,60.0,6.0,,0.0,
Upper 1,"Jan 3, 2026, 6:49 PM","Jan 3, 2026, 7:45 PM",,Bicep Curl (Cable),2.0,,0,normal,20.0,12.0,,0.0,
Upper 1,"Jan 3, 2026, 6:49 PM","Jan 3, 2026, 7:45 PM",,Bicep Curl (Cable),2.0,,1,normal,35.0,12.0,,0.0,
Upper 1,"Jan 3, 2026, 6:49 PM","Jan 3, 2026, 7:45 PM",,Bicep Curl (Cable),2.0,,2,normal,40.0,8.0,,0.0,
Lower #2,"Jan 2, 2026, 7:32 PM","Jan 2, 2026, 8:14 PM",,Squat (Barbell),,,0,normal,25.0,11.0,,0.0,
Lower #2,"Jan 2, 2026, 7:32 PM","Jan 2, 2026, 8:14 PM",,Squat (Barbell),,,1,normal,45.0,8.0,,0.0,
Lower #2,"Jan 2, 2026, 7:32 PM","Jan 2, 2026, 8:14 PM",,Squat (Barbell),,,2,normal,70.0,7.0,,0.0,
Lower #2,"Jan 2, 2026, 7:32 PM","Jan 2, 2026, 8:14 PM",,Squat (Barbell),,,3,normal,90.0,4.0,,0.0,
Lower #2,"Jan 2, 2026, 7:32 PM","Jan 2, 2026, 8:14 PM",,Leg Extension (Machine),,,0,normal,140.0,10.0,,0.0,
Lower #2,"Jan 2, 2026, 7:32 PM","Jan 2, 2026, 8:14 PM",,Leg Extension (Machine),,,1,normal,160.0,9.0,,0.0,
Lower #2,"Jan 2, 2026, 7:32 PM","Jan 2, 2026, 8:14 PM",,Leg Extension (Machine),,,2,normal,190.0,8.0,,0.0,
Lower #2,"Jan 2, 2026, 7:32 PM","Jan 2, 2026, 8:14 PM",,Hip Abduction (Machine),,,0,normal,80.0,10.0,,0.0,
Lower #2,"Jan 2, 2026, 7:32 PM","Jan 2, 2026, 8:14 PM",,Hip Abduction (Machine),,,1,normal,100.0,10.0,,0.0,
Lower #2,"Jan 2, 2026, 7:32 PM","Jan 2, 2026, 8:14 PM",,Hip Abduction (Machine),,,2,normal,110.0,8.0,,0.0,
Lower #2,"Jan 2, 2026, 7:32 PM","Jan 2, 2026, 8:14 PM",,Hip Adduction (Machine),,,0,normal,50.0,15.0,,0.0,
Lower #2,"Jan 2, 2026, 7:32 PM","Jan 2, 2026, 8:14 PM",,Hip Adduction (Machine),,,1,normal,80.0,10.0,,0.0,
Lower #2,"Jan 2, 2026, 7:32 PM","Jan 2, 2026, 8:14 PM",,Hip Adduction (Machine),,,2,normal,80.0,9.0,,0.0,
Lower #2,"Jan 2, 2026, 7:32 PM","Jan 2, 2026, 8:14 PM",,Seated Leg Curl (Machine),,,0,normal,90.0,10.0,,0.0,
Lower #2,"Jan 2, 2026, 7:32 PM","Jan 2, 2026, 8:14 PM",,Seated Leg Curl (Machine),,,1,normal,100.0,8.0,,0.0,
Lower #2,"Jan 2, 2026, 7:32 PM","Jan 2, 2026, 8:14 PM",,Seated Leg Curl (Machine),,,2,normal,90.0,10.0,,0.0,
Lower #2,"Jan 2, 2026, 7:32 PM","Jan 2, 2026, 8:14 PM",,Seated Calf Raise,,,0,normal,45.0,15.0,,0.0,
Lower #2,"Jan 2, 2026, 7:32 PM","Jan 2, 2026, 8:14 PM",,Seated Calf Raise,,,1,normal,45.0,10.0,,0.0,
Lower #2,"Jan 2, 2026, 7:32 PM","Jan 2, 2026, 8:14 PM",,Seated Calf Raise,,,2,normal,45.0,11.0,,0.0,
Upper #2,"Dec 31, 2025, 6:06 PM","Dec 31, 2025, 6:50 PM",,Lat Pulldown (Cable),,,0,normal,110.0,10.0,,0.0,
Upper #2,"Dec 31, 2025, 6:06 PM","Dec 31, 2025, 6:50 PM",,Lat Pulldown (Cable),,,1,normal,130.0,8.0,,0.0,
Upper #2,"Dec 31, 2025, 6:06 PM","Dec 31, 2025, 6:50 PM",,Lat Pulldown (Cable),,,2,normal,145.0,8.0,,0.0,
Upper #2,"Dec 31, 2025, 6:06 PM","Dec 31, 2025, 6:50 PM",,Lat Pulldown (Cable),,,3,normal,160.0,4.0,,0.0,
Upper #2,"Dec 31, 2025, 6:06 PM","Dec 31, 2025, 6:50 PM",,Straight Arm Lat Pulldown (Cable),,,0,normal,40.0,11.0,,0.0,
Upper #2,"Dec 31, 2025, 6:06 PM","Dec 31, 2025, 6:50 PM",,Straight Arm Lat Pulldown (Cable),,,1,normal,45.0,10.0,,0.0,
Upper #2,"Dec 31, 2025, 6:06 PM","Dec 31, 2025, 6:50 PM",,Straight Arm Lat Pulldown (Cable),,,2,normal,50.0,8.0,,0.0,
Upper #2,"Dec 31, 2025, 6:06 PM","Dec 31, 2025, 6:50 PM",,Rear Delt Reverse Fly (Machine),,,0,normal,70.0,13.0,,0.0,
Upper #2,"Dec 31, 2025, 6:06 PM","Dec 31, 2025, 6:50 PM",,Rear Delt Reverse Fly (Machine),,,1,normal,90.0,8.0,,0.0,
Upper #2,"Dec 31, 2025, 6:06 PM","Dec 31, 2025, 6:50 PM",,Rear Delt Reverse Fly (Machine),,,2,normal,120.0,8.0,,0.0,
Upper #2,"Dec 31, 2025, 6:06 PM","Dec 31, 2025, 6:50 PM",,Dumbbell Row,,,0,normal,55.0,9.0,,0.0,
Upper #2,"Dec 31, 2025, 6:06 PM","Dec 31, 2025, 6:50 PM",,Dumbbell Row,,,1,normal,60.0,8.0,,0.0,
Upper #2,"Dec 31, 2025, 6:06 PM","Dec 31, 2025, 6:50 PM",,Dumbbell Row,,,2,normal,65.0,6.0,,0.0,
Upper #2,"Dec 31, 2025, 6:06 PM","Dec 31, 2025, 6:50 PM",,Incline Bench Press (Dumbbell),,,0,normal,50.0,12.0,,0.0,
Upper #2,"Dec 31, 2025, 6:06 PM","Dec 31, 2025, 6:50 PM",,Incline Bench Press (Dumbbell),,,1,normal,90.0,10.0,,0.0,
Upper #2,"Dec 31, 2025, 6:06 PM","Dec 31, 2025, 6:50 PM",,Incline Bench Press (Dumbbell),,,2,normal,90.0,7.0,,0.0,
Upper #2,"Dec 31, 2025, 6:06 PM","Dec 31, 2025, 6:50 PM",,Cable Fly Crossovers,,,0,normal,20.0,12.0,,0.0,
Upper #2,"Dec 31, 2025, 6:06 PM","Dec 31, 2025, 6:50 PM",,Cable Fly Crossovers,,,1,normal,25.0,10.0,,0.0,
Upper #2,"Dec 31, 2025, 6:06 PM","Dec 31, 2025, 6:50 PM",,Cable Fly Crossovers,,,2,normal,30.0,10.0,,0.0,
Upper #2,"Dec 31, 2025, 6:06 PM","Dec 31, 2025, 6:50 PM",,Single Arm Lateral Raise (Cable),,,0,normal,5.0,15.0,,0.0,
Upper #2,"Dec 31, 2025, 6:06 PM","Dec 31, 2025, 6:50 PM",,Single Arm Lateral Raise (Cable),,,1,normal,10.0,12.0,,0.0,
Upper #2,"Dec 31, 2025, 6:06 PM","Dec 31, 2025, 6:50 PM",,Single Arm Lateral Raise (Cable),,,2,normal,10.0,10.0,,0.0,
Upper #2,"Dec 31, 2025, 6:06 PM","Dec 31, 2025, 6:50 PM",,Triceps Extension (Cable),,,0,normal,5.0,15.0,,0.0,
Upper #2,"Dec 31, 2025, 6:06 PM","Dec 31, 2025, 6:50 PM",,Triceps Extension (Cable),,,1,normal,35.5,10.0,,0.0,
Upper #2,"Dec 31, 2025, 6:06 PM","Dec 31, 2025, 6:50 PM",,Triceps Extension (Cable),,,2,normal,35.0,10.0,,0.0,
Upper #2,"Dec 31, 2025, 6:06 PM","Dec 31, 2025, 6:50 PM",,Bicep Curl (Dumbbell),,,0,normal,30.0,10.0,,0.0,
Upper #2,"Dec 31, 2025, 6:06 PM","Dec 31, 2025, 6:50 PM",,Bicep Curl (Dumbbell),,,1,normal,30.0,10.0,,0.0,
Upper #2,"Dec 31, 2025, 6:06 PM","Dec 31, 2025, 6:50 PM",,Bicep Curl (Dumbbell),,,2,normal,30.0,8.0,,0.0,
Lower #1,"Dec 29, 2025, 8:09 PM","Dec 29, 2025, 8:58 PM",,Walking Lunge (Dumbbell),,,0,normal,30.0,0.0,0.01,0.0,
Lower #1,"Dec 29, 2025, 8:09 PM","Dec 29, 2025, 8:58 PM",,Walking Lunge (Dumbbell),,,1,normal,40.0,0.0,0.01,0.0,
Lower #1,"Dec 29, 2025, 8:09 PM","Dec 29, 2025, 8:58 PM",,Walking Lunge (Dumbbell),,,2,normal,40.0,0.0,0.0,0.0,
Lower #1,"Dec 29, 2025, 8:09 PM","Dec 29, 2025, 8:58 PM",,Leg Extension (Machine),,,0,normal,130.0,12.0,,0.0,
Lower #1,"Dec 29, 2025, 8:09 PM","Dec 29, 2025, 8:58 PM",,Leg Extension (Machine),,,1,normal,150.0,10.0,,0.0,
Lower #1,"Dec 29, 2025, 8:09 PM","Dec 29, 2025, 8:58 PM",,Leg Extension (Machine),,,2,normal,180.0,8.0,,0.0,
Lower #1,"Dec 29, 2025, 8:09 PM","Dec 29, 2025, 8:58 PM",,Leg Press (Machine),,,0,normal,270.0,10.0,,0.0,
Lower #1,"Dec 29, 2025, 8:09 PM","Dec 29, 2025, 8:58 PM",,Leg Press (Machine),,,1,normal,360.0,6.0,,0.0,
Lower #1,"Dec 29, 2025, 8:09 PM","Dec 29, 2025, 8:58 PM",,Leg Press (Machine),,,2,normal,450.0,6.0,,0.0,
Lower #1,"Dec 29, 2025, 8:09 PM","Dec 29, 2025, 8:58 PM",,Leg Press (Machine),,,3,normal,450.0,8.0,,0.0,
Lower #1,"Dec 29, 2025, 8:09 PM","Dec 29, 2025, 8:58 PM",,Sumo Squat (Dumbbell),,,0,normal,30.0,11.0,,0.0,
Lower #1,"Dec 29, 2025, 8:09 PM","Dec 29, 2025, 8:58 PM",,Sumo Squat (Dumbbell),,,1,normal,40.0,10.0,,0.0,
Lower #1,"Dec 29, 2025, 8:09 PM","Dec 29, 2025, 8:58 PM",,Sumo Squat (Dumbbell),,,2,normal,50.0,9.0,,0.0,
Lower #1,"Dec 29, 2025, 8:09 PM","Dec 29, 2025, 8:58 PM",,Sumo Squat (Dumbbell),,,3,normal,70.0,8.0,,0.0,
Lower #1,"Dec 29, 2025, 8:09 PM","Dec 29, 2025, 8:58 PM",,Hip Thrust (Machine),,,0,normal,25.0,10.0,,0.0,
Lower #1,"Dec 29, 2025, 8:09 PM","Dec 29, 2025, 8:58 PM",,Hip Thrust (Machine),,,1,normal,35.0,10.0,,0.0,
Lower #1,"Dec 29, 2025, 8:09 PM","Dec 29, 2025, 8:58 PM",,Hip Thrust (Machine),,,2,normal,35.5,10.0,,0.0,
Lower #1,"Dec 29, 2025, 8:09 PM","Dec 29, 2025, 8:58 PM",,Deadlift (Dumbbell),,,0,normal,15.0,10.0,,0.0,
Lower #1,"Dec 29, 2025, 8:09 PM","Dec 29, 2025, 8:58 PM",,Deadlift (Dumbbell),,,1,normal,25.0,10.0,,0.0,
Lower #1,"Dec 29, 2025, 8:09 PM","Dec 29, 2025, 8:58 PM",,Deadlift (Dumbbell),,,2,normal,35.0,8.0,,0.0,
Lower #1,"Dec 29, 2025, 8:09 PM","Dec 29, 2025, 8:58 PM",,Deadlift (Dumbbell),,,3,normal,55.0,8.0,,0.0,
Lower #1,"Dec 29, 2025, 8:09 PM","Dec 29, 2025, 8:58 PM",,Standing Calf Raise (Machine),,,0,normal,90.0,20.0,,0.0,
Lower #1,"Dec 29, 2025, 8:09 PM","Dec 29, 2025, 8:58 PM",,Standing Calf Raise (Machine),,,1,normal,115.0,16.0,,0.0,
Lower #1,"Dec 29, 2025, 8:09 PM","Dec 29, 2025, 8:58 PM",,Standing Calf Raise (Machine),,,2,normal,110.0,12.0,,0.0,
Upper 1,"Dec 28, 2025, 6:35 PM","Dec 28, 2025, 7:39 PM",,Bench Press (Barbell),,,0,normal,90.0,10.0,,0.0,7.0
Upper 1,"Dec 28, 2025, 6:35 PM","Dec 28, 2025, 7:39 PM",,Bench Press (Barbell),,,1,normal,110.0,6.0,,0.0,10.0
Upper 1,"Dec 28, 2025, 6:35 PM","Dec 28, 2025, 7:39 PM",,Bench Press (Barbell),,,2,normal,110.0,6.0,,0.0,10.0
Upper 1,"Dec 28, 2025, 6:35 PM","Dec 28, 2025, 7:39 PM",,Iso-Lateral Chest Press (Machine),0.0,,0,normal,45.0,10.0,,0.0,7.0
Upper 1,"Dec 28, 2025, 6:35 PM","Dec 28, 2025, 7:39 PM",,Iso-Lateral Chest Press (Machine),0.0,,1,normal,75.0,8.0,,0.0,10.0
Upper 1,"Dec 28, 2025, 6:35 PM","Dec 28, 2025, 7:39 PM",,Chest Fly (Machine),0.0,,0,normal,101.0,10.0,,0.0,10.0
Upper 1,"Dec 28, 2025, 6:35 PM","Dec 28, 2025, 7:39 PM",,Chest Fly (Machine),0.0,,1,normal,120.0,8.0,,0.0,
Upper 1,"Dec 28, 2025, 6:35 PM","Dec 28, 2025, 7:39 PM",,Shoulder Press (Dumbbell),,,0,normal,45.0,10.0,,0.0,
Upper 1,"Dec 28, 2025, 6:35 PM","Dec 28, 2025, 7:39 PM",,Shoulder Press (Dumbbell),,,1,normal,55.0,9.0,,0.0,
Upper 1,"Dec 28, 2025, 6:35 PM","Dec 28, 2025, 7:39 PM",,Shoulder Press (Dumbbell),,,2,normal,55.0,8.0,,0.0,
Upper 1,"Dec 28, 2025, 6:35 PM","Dec 28, 2025, 7:39 PM",,Front Raise (Cable),1.0,,0,normal,15.0,12.0,,0.0,
Upper 1,"Dec 28, 2025, 6:35 PM","Dec 28, 2025, 7:39 PM",,Front Raise (Cable),1.0,,1,normal,20.0,10.0,,0.0,
Upper 1,"Dec 28, 2025, 6:35 PM","Dec 28, 2025, 7:39 PM",,Seated Cable Row - V Grip (Cable),1.0,,0,normal,80.5,10.0,,0.0,6.0
Upper 1,"Dec 28, 2025, 6:35 PM","Dec 28, 2025, 7:39 PM",,Seated Cable Row - V Grip (Cable),1.0,,1,normal,115.0,10.0,,0.0,
Upper 1,"Dec 28, 2025, 6:35 PM","Dec 28, 2025, 7:39 PM",,T Bar Row,,,0,normal,45.0,10.0,,0.0,
Upper 1,"Dec 28, 2025, 6:35 PM","Dec 28, 2025, 7:39 PM",,T Bar Row,,,1,normal,45.0,10.0,,0.0,
Upper 1,"Dec 28, 2025, 6:35 PM","Dec 28, 2025, 7:39 PM",,T Bar Row,,,2,normal,45.0,10.0,,0.0,
Upper 1,"Dec 28, 2025, 6:35 PM","Dec 28, 2025, 7:39 PM",,Triceps Pressdown,2.0,,0,normal,40.0,15.0,,0.0,
Upper 1,"Dec 28, 2025, 6:35 PM","Dec 28, 2025, 7:39 PM",,Triceps Pressdown,2.0,,1,normal,60.0,9.0,,0.0,
Upper 1,"Dec 28, 2025, 6:35 PM","Dec 28, 2025, 7:39 PM",,Triceps Pressdown,2.0,,2,normal,60.0,6.0,,0.0,
Upper 1,"Dec 28, 2025, 6:35 PM","Dec 28, 2025, 7:39 PM",,Bicep Curl (Cable),2.0,,0,normal,20.0,12.0,,0.0,
Upper 1,"Dec 28, 2025, 6:35 PM","Dec 28, 2025, 7:39 PM",,Bicep Curl (Cable),2.0,,1,normal,35.0,12.0,,0.0,
Upper 1,"Dec 28, 2025, 6:35 PM","Dec 28, 2025, 7:39 PM",,Bicep Curl (Cable),2.0,,2,normal,40.0,8.0,,0.0,
Chest and back,"Dec 15, 2025, 7:27 PM","Dec 15, 2025, 8:51 PM",,Bench Press (Barbell),,,0,normal,90.0,10.0,,0.0,7.0
Chest and back,"Dec 15, 2025, 7:27 PM","Dec 15, 2025, 8:51 PM",,Bench Press (Barbell),,,1,normal,110.0,8.0,,0.0,8.5
Chest and back,"Dec 15, 2025, 7:27 PM","Dec 15, 2025, 8:51 PM",,Bench Press (Barbell),,,2,normal,120.0,6.0,,0.0,10.0
Chest and back,"Dec 15, 2025, 7:27 PM","Dec 15, 2025, 8:51 PM",,Bench Press (Barbell),,,3,normal,130.0,5.0,,0.0,10.0
Chest and back,"Dec 15, 2025, 7:27 PM","Dec 15, 2025, 8:51 PM",,Bench Press (Barbell),,,4,normal,130.0,5.0,,0.0,10.0
Chest and back,"Dec 15, 2025, 7:27 PM","Dec 15, 2025, 8:51 PM",,Lat Pulldown (Cable),,,0,normal,145.0,10.0,,0.0,7.0
Chest and back,"Dec 15, 2025, 7:27 PM","Dec 15, 2025, 8:51 PM",,Lat Pulldown (Cable),,,1,normal,145.0,8.0,,0.0,10.0
Chest and back,"Dec 15, 2025, 7:27 PM","Dec 15, 2025, 8:51 PM",,Lat Pulldown (Cable),,,2,normal,145.0,8.0,,0.0,
Chest and back,"Dec 15, 2025, 7:27 PM","Dec 15, 2025, 8:51 PM",,Iso-Lateral High Row (Machine),,,0,normal,115.0,10.0,,0.0,
Chest and back,"Dec 15, 2025, 7:27 PM","Dec 15, 2025, 8:51 PM",,Iso-Lateral High Row (Machine),,,1,normal,135.0,8.0,,0.0,
Chest and back,"Dec 15, 2025, 7:27 PM","Dec 15, 2025, 8:51 PM",,Iso-Lateral High Row (Machine),,,2,normal,135.0,9.0,,0.0,
Chest and back,"Dec 15, 2025, 7:27 PM","Dec 15, 2025, 8:51 PM",,Bench Press (Cable),,,0,normal,45.0,15.0,,0.0,
Chest and back,"Dec 15, 2025, 7:27 PM","Dec 15, 2025, 8:51 PM",,Bench Press (Cable),,,1,normal,70.0,10.0,,0.0,
Chest and back,"Dec 15, 2025, 7:27 PM","Dec 15, 2025, 8:51 PM",,Bench Press (Cable),,,2,normal,90.0,10.0,,0.0,10.0
Chest and back,"Dec 15, 2025, 7:27 PM","Dec 15, 2025, 8:51 PM",,Seated Cable Row - Bar Wide Grip,,,0,normal,100.0,11.0,,0.0,
Chest and back,"Dec 15, 2025, 7:27 PM","Dec 15, 2025, 8:51 PM",,Seated Cable Row - Bar Wide Grip,,,1,normal,115.0,10.0,,0.0,
Chest and back,"Dec 15, 2025, 7:27 PM","Dec 15, 2025, 8:51 PM",,Seated Cable Row - Bar Wide Grip,,,2,normal,130.0,8.0,,0.0,
Chest and back,"Dec 15, 2025, 7:27 PM","Dec 15, 2025, 8:51 PM",,Push Up,,,0,normal,,20.0,,0.0,
Chest and back,"Dec 15, 2025, 7:27 PM","Dec 15, 2025, 8:51 PM",,Push Up,,,1,normal,,15.0,,0.0,
Chest and back,"Dec 15, 2025, 7:27 PM","Dec 15, 2025, 8:51 PM",,Push Up,,,2,normal,,7.0,,0.0,
Chest and back,"Dec 15, 2025, 7:27 PM","Dec 15, 2025, 8:51 PM",,Pullover (Dumbbell),,,0,normal,30.0,10.0,,0.0,
Chest and back,"Dec 15, 2025, 7:27 PM","Dec 15, 2025, 8:51 PM",,Pullover (Dumbbell),,,1,normal,50.0,10.0,,0.0,
Leg,"Dec 12, 2025, 7:51 PM","Dec 12, 2025, 8:37 PM",,Lunge (Barbell),,,0,normal,35.0,8.0,,0.0,
Leg,"Dec 12, 2025, 7:51 PM","Dec 12, 2025, 8:37 PM",,Lunge (Barbell),,,1,normal,35.0,8.0,,0.0,
Leg,"Dec 12, 2025, 7:51 PM","Dec 12, 2025, 8:37 PM",,Lunge (Barbell),,,2,normal,55.0,6.0,,0.0,10.0
Leg,"Dec 12, 2025, 7:51 PM","Dec 12, 2025, 8:37 PM",,Leg Extension (Machine),,,0,normal,140.0,12.0,,0.0,6.0
Leg,"Dec 12, 2025, 7:51 PM","Dec 12, 2025, 8:37 PM",,Leg Extension (Machine),,,1,normal,170.0,9.0,,0.0,10.0
Leg,"Dec 12, 2025, 7:51 PM","Dec 12, 2025, 8:37 PM",,Leg Extension (Machine),,,2,normal,190.0,8.0,,0.0,
Leg,"Dec 12, 2025, 7:51 PM","Dec 12, 2025, 8:37 PM",,Leg Press (Machine),,,0,normal,320.0,10.0,,0.0,
Leg,"Dec 12, 2025, 7:51 PM","Dec 12, 2025, 8:37 PM",,Leg Press (Machine),,,1,normal,450.0,6.0,,0.0,
Leg,"Dec 12, 2025, 7:51 PM","Dec 12, 2025, 8:37 PM",,Leg Press (Machine),,,2,normal,540.0,6.0,,0.0,10.0
Leg,"Dec 12, 2025, 7:51 PM","Dec 12, 2025, 8:37 PM",,Sumo Squat (Dumbbell),,,0,normal,55.0,11.0,,0.0,
Leg,"Dec 12, 2025, 7:51 PM","Dec 12, 2025, 8:37 PM",,Sumo Squat (Dumbbell),,,1,normal,60.0,10.0,,0.0,
Leg,"Dec 12, 2025, 7:51 PM","Dec 12, 2025, 8:37 PM",,Sumo Squat (Dumbbell),,,2,normal,60.0,9.0,,0.0,
Leg,"Dec 12, 2025, 7:51 PM","Dec 12, 2025, 8:37 PM",,Hip Thrust (Smith Machine),,,0,normal,60.0,11.0,,0.0,
Leg,"Dec 12, 2025, 7:51 PM","Dec 12, 2025, 8:37 PM",,Hip Thrust (Smith Machine),,,1,normal,80.0,9.0,,0.0,
Leg,"Dec 12, 2025, 7:51 PM","Dec 12, 2025, 8:37 PM",,Hip Thrust (Smith Machine),,,2,normal,90.0,10.0,,0.0,
Leg,"Dec 12, 2025, 7:51 PM","Dec 12, 2025, 8:37 PM",,Romanian Deadlift (Barbell),,,0,normal,25.0,14.0,,0.0,
Leg,"Dec 12, 2025, 7:51 PM","Dec 12, 2025, 8:37 PM",,Romanian Deadlift (Barbell),,,1,normal,45.0,9.0,,0.0,
Leg,"Dec 12, 2025, 7:51 PM","Dec 12, 2025, 8:37 PM",,Romanian Deadlift (Barbell),,,2,normal,45.0,10.0,,0.0,
Leg,"Dec 12, 2025, 7:51 PM","Dec 12, 2025, 8:37 PM",,Seated Calf Raise,,,0,normal,45.0,15.0,,0.0,
Leg,"Dec 12, 2025, 7:51 PM","Dec 12, 2025, 8:37 PM",,Seated Calf Raise,,,1,normal,90.0,10.0,,0.0,
Leg,"Dec 12, 2025, 7:51 PM","Dec 12, 2025, 8:37 PM",,Seated Calf Raise,,,2,normal,90.0,11.0,,0.0,
Shoulder and abd,"Dec 11, 2025, 8:15 PM","Dec 11, 2025, 9:12 PM",,Shoulder Press (Dumbbell),,,0,normal,45.0,10.0,,0.0,6.0
Shoulder and abd,"Dec 11, 2025, 8:15 PM","Dec 11, 2025, 9:12 PM",,Shoulder Press (Dumbbell),,,1,normal,55.0,9.0,,0.0,7.0
Shoulder and abd,"Dec 11, 2025, 8:15 PM","Dec 11, 2025, 9:12 PM",,Shoulder Press (Dumbbell),,,2,normal,60.0,8.0,,0.0,8.5
Shoulder and abd,"Dec 11, 2025, 8:15 PM","Dec 11, 2025, 9:12 PM",,Lateral Raise (Dumbbell),,,0,normal,15.0,11.0,,0.0,10.0
Shoulder and abd,"Dec 11, 2025, 8:15 PM","Dec 11, 2025, 9:12 PM",,Lateral Raise (Dumbbell),,,1,normal,17.5,10.0,,0.0,
Shoulder and abd,"Dec 11, 2025, 8:15 PM","Dec 11, 2025, 9:12 PM",,Lateral Raise (Dumbbell),,,2,normal,17.5,10.0,,0.0,
Shoulder and abd,"Dec 11, 2025, 8:15 PM","Dec 11, 2025, 9:12 PM",,Front Raise (Cable),,,0,normal,25.0,8.0,,0.0,6.0
Shoulder and abd,"Dec 11, 2025, 8:15 PM","Dec 11, 2025, 9:12 PM",,Front Raise (Cable),,,1,normal,25.0,8.0,,0.0,
Shoulder and abd,"Dec 11, 2025, 8:15 PM","Dec 11, 2025, 9:12 PM",,Front Raise (Cable),,,2,normal,25.0,8.0,,0.0,
Shoulder and abd,"Dec 11, 2025, 8:15 PM","Dec 11, 2025, 9:12 PM",,Face Pull,,,0,normal,45.0,10.0,,0.0,8.0
Shoulder and abd,"Dec 11, 2025, 8:15 PM","Dec 11, 2025, 9:12 PM",,Face Pull,,,1,normal,50.0,10.0,,0.0,7.0
Shoulder and abd,"Dec 11, 2025, 8:15 PM","Dec 11, 2025, 9:12 PM",,Face Pull,,,2,normal,55.0,10.0,,0.0,6.0
Shoulder and abd,"Dec 11, 2025, 8:15 PM","Dec 11, 2025, 9:12 PM",,Face Pull,,,3,normal,60.0,8.0,,0.0,10.0
Shoulder and abd,"Dec 11, 2025, 8:15 PM","Dec 11, 2025, 9:12 PM",,Rear Delt Reverse Fly (Machine),,,0,normal,120.0,10.0,,0.0,7.0
Shoulder and abd,"Dec 11, 2025, 8:15 PM","Dec 11, 2025, 9:12 PM",,Rear Delt Reverse Fly (Machine),,,1,normal,140.0,9.0,,0.0,7.0
Shoulder and abd,"Dec 11, 2025, 8:15 PM","Dec 11, 2025, 9:12 PM",,Rear Delt Reverse Fly (Machine),,,2,normal,140.0,8.0,,0.0,
Shoulder and abd,"Dec 11, 2025, 8:15 PM","Dec 11, 2025, 9:12 PM",,Shrug (Dumbbell),,,0,normal,55.0,10.0,,0.0,
Shoulder and abd,"Dec 11, 2025, 8:15 PM","Dec 11, 2025, 9:12 PM",,Shrug (Dumbbell),,,1,normal,70.0,10.0,,0.0,
Shoulder and abd,"Dec 11, 2025, 8:15 PM","Dec 11, 2025, 9:12 PM",,Shrug (Dumbbell),,,2,normal,75.0,12.0,,0.0,
Shoulder and abd,"Dec 11, 2025, 8:15 PM","Dec 11, 2025, 9:12 PM",,Crunch,,,0,normal,,15.0,,0.0,
Shoulder and abd,"Dec 11, 2025, 8:15 PM","Dec 11, 2025, 9:12 PM",,Crunch,,,1,normal,,15.0,,0.0,
Shoulder and abd,"Dec 11, 2025, 8:15 PM","Dec 11, 2025, 9:12 PM",,Crunch,,,2,normal,,15.0,,0.0,
Shoulder and abd,"Dec 11, 2025, 8:15 PM","Dec 11, 2025, 9:12 PM",,Crunch,,,3,normal,,13.0,,0.0,
Shoulder and abd,"Dec 11, 2025, 8:15 PM","Dec 11, 2025, 9:12 PM",,Bicycle Crunch,,,0,normal,,15.0,,0.0,
Shoulder and abd,"Dec 11, 2025, 8:15 PM","Dec 11, 2025, 9:12 PM",,Bicycle Crunch,,,1,normal,,15.0,,0.0,
Shoulder and abd,"Dec 11, 2025, 8:15 PM","Dec 11, 2025, 9:12 PM",,Bicycle Crunch,,,2,normal,,15.0,,0.0,
Arm,"Dec 10, 2025, 7:52 PM","Dec 10, 2025, 8:44 PM",,Triceps Pushdown,,,0,normal,60.0,10.0,,0.0,7.0
Arm,"Dec 10, 2025, 7:52 PM","Dec 10, 2025, 8:44 PM",,Triceps Pushdown,,,1,normal,65.0,10.0,,0.0,7.5
Arm,"Dec 10, 2025, 7:52 PM","Dec 10, 2025, 8:44 PM",,Triceps Pushdown,,,2,normal,70.0,7.0,,0.0,10.0
Arm,"Dec 10, 2025, 7:52 PM","Dec 10, 2025, 8:44 PM",,Overhead Triceps Extension (Cable),,,0,normal,30.0,8.0,,0.0,8.5
Arm,"Dec 10, 2025, 7:52 PM","Dec 10, 2025, 8:44 PM",,Overhead Triceps Extension (Cable),,,1,normal,30.0,7.0,,0.0,10.0
Arm,"Dec 10, 2025, 7:52 PM","Dec 10, 2025, 8:44 PM",,Overhead Triceps Extension (Cable),,,2,normal,30.0,10.0,,0.0,10.0
Arm,"Dec 10, 2025, 7:52 PM","Dec 10, 2025, 8:44 PM",,Bicep Curl (Barbell),,,0,normal,40.0,12.0,,0.0,8.0
Arm,"Dec 10, 2025, 7:52 PM","Dec 10, 2025, 8:44 PM",,Bicep Curl (Barbell),,,1,normal,50.0,10.0,,0.0,9.0
Arm,"Dec 10, 2025, 7:52 PM","Dec 10, 2025, 8:44 PM",,Bicep Curl (Barbell),,,2,normal,60.0,8.0,,0.0,7.5
Arm,"Dec 10, 2025, 7:52 PM","Dec 10, 2025, 8:44 PM",,Preacher Curl (Machine),,,0,normal,40.0,10.0,,0.0,7.5
Arm,"Dec 10, 2025, 7:52 PM","Dec 10, 2025, 8:44 PM",,Preacher Curl (Machine),,,1,normal,50.0,8.0,,0.0,7.0
Arm,"Dec 10, 2025, 7:52 PM","Dec 10, 2025, 8:44 PM",,Preacher Curl (Machine),,,2,normal,50.0,8.0,,0.0,10.0
Arm,"Dec 10, 2025, 7:52 PM","Dec 10, 2025, 8:44 PM",,Bench Dip,,,0,normal,,10.0,,0.0,7.5
Arm,"Dec 10, 2025, 7:52 PM","Dec 10, 2025, 8:44 PM",,Bench Dip,,,1,normal,,12.0,,0.0,10.0
Arm,"Dec 10, 2025, 7:52 PM","Dec 10, 2025, 8:44 PM",,Bench Dip,,,2,normal,,10.0,,0.0,10.0
Arm,"Dec 10, 2025, 7:52 PM","Dec 10, 2025, 8:44 PM",,Bicep Curl (Dumbbell),,,0,normal,30.0,10.0,,0.0,
Arm,"Dec 10, 2025, 7:52 PM","Dec 10, 2025, 8:44 PM",,Bicep Curl (Dumbbell),,,1,normal,30.0,10.0,,0.0,
Arm,"Dec 10, 2025, 7:52 PM","Dec 10, 2025, 8:44 PM",,Bicep Curl (Dumbbell),,,2,normal,30.0,8.0,,0.0,
Arm,"Dec 10, 2025, 7:52 PM","Dec 10, 2025, 8:44 PM",,Triceps Kickback (Cable),,,0,normal,5.0,12.0,,0.0,6.0
Arm,"Dec 10, 2025, 7:52 PM","Dec 10, 2025, 8:44 PM",,Triceps Kickback (Cable),,,1,normal,10.0,10.0,,0.0,6.0
Arm,"Dec 10, 2025, 7:52 PM","Dec 10, 2025, 8:44 PM",,Triceps Kickback (Cable),,,2,normal,15.0,10.0,,0.0,10.0
Arm,"Dec 10, 2025, 7:52 PM","Dec 10, 2025, 8:44 PM",,Seated Wrist Extension (Barbell),,,0,normal,10.0,12.0,,0.0,
Arm,"Dec 10, 2025, 7:52 PM","Dec 10, 2025, 8:44 PM",,Seated Wrist Extension (Barbell),,,1,normal,10.5,10.0,,0.0,
Arm,"Dec 10, 2025, 7:52 PM","Dec 10, 2025, 8:44 PM",,Seated Wrist Extension (Barbell),,,2,normal,10.0,12.0,,0.0,
Chest and back,"Dec 9, 2025, 7:36 PM","Dec 9, 2025, 8:39 PM",,Bench Press (Barbell),,,0,normal,70.0,12.0,,,
Chest and back,"Dec 9, 2025, 7:36 PM","Dec 9, 2025, 8:39 PM",,Bench Press (Barbell),,,1,normal,110.0,8.0,,,
Chest and back,"Dec 9, 2025, 7:36 PM","Dec 9, 2025, 8:39 PM",,Bench Press (Barbell),,,2,normal,120.0,6.0,,,
Chest and back,"Dec 9, 2025, 7:36 PM","Dec 9, 2025, 8:39 PM",,Bench Press (Barbell),,,3,normal,120.0,8.0,,,
Chest and back,"Dec 9, 2025, 7:36 PM","Dec 9, 2025, 8:39 PM",,Bench Press (Barbell),,,4,normal,120.0,6.0,,,
Chest and back,"Dec 9, 2025, 7:36 PM","Dec 9, 2025, 8:39 PM",,Lat Pulldown (Cable),,,0,normal,130.0,10.0,,,
Chest and back,"Dec 9, 2025, 7:36 PM","Dec 9, 2025, 8:39 PM",,Lat Pulldown (Cable),,,1,normal,145.0,8.0,,,
Chest and back,"Dec 9, 2025, 7:36 PM","Dec 9, 2025, 8:39 PM",,Lat Pulldown (Cable),,,2,normal,145.0,8.0,,,
Chest and back,"Dec 9, 2025, 7:36 PM","Dec 9, 2025, 8:39 PM",,Iso-Lateral High Row (Machine),,,0,normal,115.0,10.0,,,
Chest and back,"Dec 9, 2025, 7:36 PM","Dec 9, 2025, 8:39 PM",,Iso-Lateral High Row (Machine),,,1,normal,135.0,8.0,,,
Chest and back,"Dec 9, 2025, 7:36 PM","Dec 9, 2025, 8:39 PM",,Iso-Lateral High Row (Machine),,,2,normal,135.0,9.0,,,
Chest and back,"Dec 9, 2025, 7:36 PM","Dec 9, 2025, 8:39 PM",,Bench Press (Cable),,,0,normal,45.0,15.0,,,
Chest and back,"Dec 9, 2025, 7:36 PM","Dec 9, 2025, 8:39 PM",,Bench Press (Cable),,,1,normal,70.0,10.0,,,
Chest and back,"Dec 9, 2025, 7:36 PM","Dec 9, 2025, 8:39 PM",,Bench Press (Cable),,,2,normal,90.0,10.0,,,
Chest and back,"Dec 9, 2025, 7:36 PM","Dec 9, 2025, 8:39 PM",,Seated Cable Row - Bar Wide Grip,,,0,normal,100.0,11.0,,,
Chest and back,"Dec 9, 2025, 7:36 PM","Dec 9, 2025, 8:39 PM",,Seated Cable Row - Bar Wide Grip,,,1,normal,110.0,10.0,,,
Chest and back,"Dec 9, 2025, 7:36 PM","Dec 9, 2025, 8:39 PM",,Seated Cable Row - Bar Wide Grip,,,2,normal,130.0,8.0,,,
Chest and back,"Dec 9, 2025, 7:36 PM","Dec 9, 2025, 8:39 PM",,Push Up,,,0,normal,,20.0,,,
Chest and back,"Dec 9, 2025, 7:36 PM","Dec 9, 2025, 8:39 PM",,Push Up,,,1,normal,,15.0,,,
Chest and back,"Dec 9, 2025, 7:36 PM","Dec 9, 2025, 8:39 PM",,Push Up,,,2,normal,,7.0,,,
Chest and back,"Dec 9, 2025, 7:36 PM","Dec 9, 2025, 8:39 PM",,Pullover (Dumbbell),,,0,normal,30.0,10.0,,,
Chest and back,"Dec 9, 2025, 7:36 PM","Dec 9, 2025, 8:39 PM",,Pullover (Dumbbell),,,1,normal,50.0,10.0,,,
Leg,"Dec 7, 2025, 7:11 PM","Dec 7, 2025, 8:14 PM",,Lunge (Barbell),,,0,normal,35.0,8.0,,0.0,10.0
Leg,"Dec 7, 2025, 7:11 PM","Dec 7, 2025, 8:14 PM",,Lunge (Barbell),,,1,normal,35.0,8.0,,0.0,10.0
Leg,"Dec 7, 2025, 7:11 PM","Dec 7, 2025, 8:14 PM",,Lunge (Barbell),,,2,normal,45.0,8.0,,0.0,
Leg,"Dec 7, 2025, 7:11 PM","Dec 7, 2025, 8:14 PM",,Leg Extension (Machine),,,0,normal,130.0,12.0,,0.0,
Leg,"Dec 7, 2025, 7:11 PM","Dec 7, 2025, 8:14 PM",,Leg Extension (Machine),,,1,normal,150.0,10.0,,0.0,10.0
Leg,"Dec 7, 2025, 7:11 PM","Dec 7, 2025, 8:14 PM",,Leg Extension (Machine),,,2,normal,190.0,7.0,,0.0,10.0
Leg,"Dec 7, 2025, 7:11 PM","Dec 7, 2025, 8:14 PM",,Leg Press (Machine),,,0,normal,320.0,8.0,,0.0,
Leg,"Dec 7, 2025, 7:11 PM","Dec 7, 2025, 8:14 PM",,Leg Press (Machine),,,1,normal,360.0,10.0,,0.0,
Leg,"Dec 7, 2025, 7:11 PM","Dec 7, 2025, 8:14 PM",,Leg Press (Machine),,,2,normal,55.0,5.0,,0.0,10.0
Leg,"Dec 7, 2025, 7:11 PM","Dec 7, 2025, 8:14 PM",,Sumo Squat (Dumbbell),,,0,normal,55.0,11.0,,0.0,
Leg,"Dec 7, 2025, 7:11 PM","Dec 7, 2025, 8:14 PM",,Sumo Squat (Dumbbell),,,1,normal,60.0,10.0,,0.0,
Leg,"Dec 7, 2025, 7:11 PM","Dec 7, 2025, 8:14 PM",,Sumo Squat (Dumbbell),,,2,normal,60.0,9.0,,0.0,
Leg,"Dec 7, 2025, 7:11 PM","Dec 7, 2025, 8:14 PM",,Hip Thrust (Smith Machine),,,0,normal,40.0,11.0,,0.0,
Leg,"Dec 7, 2025, 7:11 PM","Dec 7, 2025, 8:14 PM",,Hip Thrust (Smith Machine),,,1,normal,60.0,10.0,,0.0,
Leg,"Dec 7, 2025, 7:11 PM","Dec 7, 2025, 8:14 PM",,Hip Thrust (Smith Machine),,,2,normal,80.5,11.0,,0.0,
Leg,"Dec 7, 2025, 7:11 PM","Dec 7, 2025, 8:14 PM",,Romanian Deadlift (Barbell),,,0,normal,25.0,14.0,,0.0,
Leg,"Dec 7, 2025, 7:11 PM","Dec 7, 2025, 8:14 PM",,Romanian Deadlift (Barbell),,,1,normal,35.0,9.0,,0.0,
Leg,"Dec 7, 2025, 7:11 PM","Dec 7, 2025, 8:14 PM",,Romanian Deadlift (Barbell),,,2,normal,61.0,10.0,,0.0,
Leg,"Dec 7, 2025, 7:11 PM","Dec 7, 2025, 8:14 PM",,Seated Calf Raise,,,0,normal,45.0,15.0,,0.0,
Leg,"Dec 7, 2025, 7:11 PM","Dec 7, 2025, 8:14 PM",,Seated Calf Raise,,,1,normal,90.0,10.0,,0.0,
Leg,"Dec 7, 2025, 7:11 PM","Dec 7, 2025, 8:14 PM",,Seated Calf Raise,,,2,normal,90.0,11.0,,0.0,
Shoulder and abd,"Dec 6, 2025, 7:11 PM","Dec 6, 2025, 7:55 PM",,Shoulder Press (Dumbbell),,,0,normal,40.0,12.0,,0.0,6.0
Shoulder and abd,"Dec 6, 2025, 7:11 PM","Dec 6, 2025, 7:55 PM",,Shoulder Press (Dumbbell),,,1,normal,50.0,9.0,,0.0,8.0
Shoulder and abd,"Dec 6, 2025, 7:11 PM","Dec 6, 2025, 7:55 PM",,Shoulder Press (Dumbbell),,,2,normal,55.0,8.0,,0.0,9.0
Shoulder and abd,"Dec 6, 2025, 7:11 PM","Dec 6, 2025, 7:55 PM",,Lateral Raise (Dumbbell),,,0,normal,12.0,15.0,,0.0,7.0
Shoulder and abd,"Dec 6, 2025, 7:11 PM","Dec 6, 2025, 7:55 PM",,Lateral Raise (Dumbbell),,,1,normal,17.5,10.0,,0.0,7.0
Shoulder and abd,"Dec 6, 2025, 7:11 PM","Dec 6, 2025, 7:55 PM",,Lateral Raise (Dumbbell),,,2,normal,17.5,10.0,,0.0,9.0
Shoulder and abd,"Dec 6, 2025, 7:11 PM","Dec 6, 2025, 7:55 PM",,Front Raise (Cable),,,0,normal,25.0,8.0,,0.0,6.0
Shoulder and abd,"Dec 6, 2025, 7:11 PM","Dec 6, 2025, 7:55 PM",,Front Raise (Cable),,,1,normal,25.0,8.0,,0.0,10.0
Shoulder and abd,"Dec 6, 2025, 7:11 PM","Dec 6, 2025, 7:55 PM",,Front Raise (Cable),,,2,normal,25.0,8.0,,0.0,10.0
Shoulder and abd,"Dec 6, 2025, 7:11 PM","Dec 6, 2025, 7:55 PM",,Face Pull,,,0,normal,40.0,10.0,,0.0,10.0
Shoulder and abd,"Dec 6, 2025, 7:11 PM","Dec 6, 2025, 7:55 PM",,Face Pull,,,1,normal,45.0,10.0,,0.0,7.5
Shoulder and abd,"Dec 6, 2025, 7:11 PM","Dec 6, 2025, 7:55 PM",,Face Pull,,,2,normal,50.0,8.0,,0.0,7.0
Shoulder and abd,"Dec 6, 2025, 7:11 PM","Dec 6, 2025, 7:55 PM",,Face Pull,,,3,normal,55.0,10.0,,0.0,7.5
Shoulder and abd,"Dec 6, 2025, 7:11 PM","Dec 6, 2025, 7:55 PM",,Rear Delt Reverse Fly (Machine),,,0,normal,120.0,9.0,,0.0,8.5
Shoulder and abd,"Dec 6, 2025, 7:11 PM","Dec 6, 2025, 7:55 PM",,Rear Delt Reverse Fly (Machine),,,1,normal,140.0,8.0,,0.0,
Shoulder and abd,"Dec 6, 2025, 7:11 PM","Dec 6, 2025, 7:55 PM",,Rear Delt Reverse Fly (Machine),,,2,normal,140.0,8.0,,0.0,
Shoulder and abd,"Dec 6, 2025, 7:11 PM","Dec 6, 2025, 7:55 PM",,Shrug (Dumbbell),,,0,normal,55.0,10.0,,0.0,7.0
Shoulder and abd,"Dec 6, 2025, 7:11 PM","Dec 6, 2025, 7:55 PM",,Shrug (Dumbbell),,,1,normal,70.0,10.0,,0.0,6.0
Shoulder and abd,"Dec 6, 2025, 7:11 PM","Dec 6, 2025, 7:55 PM",,Shrug (Dumbbell),,,2,normal,75.0,12.0,,0.0,6.0
Shoulder and abd,"Dec 6, 2025, 7:11 PM","Dec 6, 2025, 7:55 PM",,Crunch,,,0,normal,,15.0,,0.0,6.0
Shoulder and abd,"Dec 6, 2025, 7:11 PM","Dec 6, 2025, 7:55 PM",,Crunch,,,1,normal,,15.0,,0.0,
Shoulder and abd,"Dec 6, 2025, 7:11 PM","Dec 6, 2025, 7:55 PM",,Crunch,,,2,normal,,15.0,,0.0,7.5
Shoulder and abd,"Dec 6, 2025, 7:11 PM","Dec 6, 2025, 7:55 PM",,Crunch,,,3,normal,,13.0,,0.0,6.0
Shoulder and abd,"Dec 6, 2025, 7:11 PM","Dec 6, 2025, 7:55 PM",,Bicycle Crunch,,,0,normal,,15.0,,0.0,
Shoulder and abd,"Dec 6, 2025, 7:11 PM","Dec 6, 2025, 7:55 PM",,Bicycle Crunch,,,1,normal,,15.0,,0.0,
Shoulder and abd,"Dec 6, 2025, 7:11 PM","Dec 6, 2025, 7:55 PM",,Bicycle Crunch,,,2,normal,,15.0,,0.0,
Arm,"Dec 5, 2025, 7:34 PM","Dec 5, 2025, 8:40 PM",,Triceps Pushdown,,,0,normal,50.0,12.0,,0.0,6.0
Arm,"Dec 5, 2025, 7:34 PM","Dec 5, 2025, 8:40 PM",,Triceps Pushdown,,,1,normal,60.0,10.0,,0.0,6.0
Arm,"Dec 5, 2025, 7:34 PM","Dec 5, 2025, 8:40 PM",,Triceps Pushdown,,,2,normal,65.0,8.0,,0.0,10.0
Arm,"Dec 5, 2025, 7:34 PM","Dec 5, 2025, 8:40 PM",,Overhead Triceps Extension (Cable),,,0,normal,25.0,10.0,,0.0,7.5
Arm,"Dec 5, 2025, 7:34 PM","Dec 5, 2025, 8:40 PM",,Overhead Triceps Extension (Cable),,,1,normal,30.0,8.0,,0.0,9.0
Arm,"Dec 5, 2025, 7:34 PM","Dec 5, 2025, 8:40 PM",,Overhead Triceps Extension (Cable),,,2,normal,30.0,10.0,,0.0,10.0
Arm,"Dec 5, 2025, 7:34 PM","Dec 5, 2025, 8:40 PM",,Bicep Curl (Barbell),,,0,normal,40.0,12.0,,0.0,7.0
Arm,"Dec 5, 2025, 7:34 PM","Dec 5, 2025, 8:40 PM",,Bicep Curl (Barbell),,,1,normal,50.0,10.0,,0.0,7.0
Arm,"Dec 5, 2025, 7:34 PM","Dec 5, 2025, 8:40 PM",,Bicep Curl (Barbell),,,2,normal,60.0,8.0,,0.0,10.0
Arm,"Dec 5, 2025, 7:34 PM","Dec 5, 2025, 8:40 PM",,Preacher Curl (Machine),,,0,normal,15.0,18.0,,0.0,7.0
Arm,"Dec 5, 2025, 7:34 PM","Dec 5, 2025, 8:40 PM",,Preacher Curl (Machine),,,1,normal,20.0,10.0,,0.0,7.5
Arm,"Dec 5, 2025, 7:34 PM","Dec 5, 2025, 8:40 PM",,Preacher Curl (Machine),,,2,normal,30.0,8.0,,0.0,9.5
Arm,"Dec 5, 2025, 7:34 PM","Dec 5, 2025, 8:40 PM",,Bench Dip,,,0,normal,,13.0,,0.0,
Arm,"Dec 5, 2025, 7:34 PM","Dec 5, 2025, 8:40 PM",,Bench Dip,,,1,normal,,12.0,,0.0,
Arm,"Dec 5, 2025, 7:34 PM","Dec 5, 2025, 8:40 PM",,Bench Dip,,,2,normal,,10.0,,0.0,6.0
Arm,"Dec 5, 2025, 7:34 PM","Dec 5, 2025, 8:40 PM",,Bicep Curl (Dumbbell),,,0,normal,30.0,10.0,,0.0,
Arm,"Dec 5, 2025, 7:34 PM","Dec 5, 2025, 8:40 PM",,Bicep Curl (Dumbbell),,,1,normal,30.0,10.0,,0.0,
Arm,"Dec 5, 2025, 7:34 PM","Dec 5, 2025, 8:40 PM",,Bicep Curl (Dumbbell),,,2,normal,30.0,8.0,,0.0,
Arm,"Dec 5, 2025, 7:34 PM","Dec 5, 2025, 8:40 PM",,Triceps Kickback (Cable),,,0,normal,15.5,10.0,,0.0,7.0
Arm,"Dec 5, 2025, 7:34 PM","Dec 5, 2025, 8:40 PM",,Triceps Kickback (Cable),,,1,normal,17.5,12.0,,0.0,8.5
Arm,"Dec 5, 2025, 7:34 PM","Dec 5, 2025, 8:40 PM",,Triceps Kickback (Cable),,,2,normal,20.0,10.0,,0.0,7.0
Arm,"Dec 5, 2025, 7:34 PM","Dec 5, 2025, 8:40 PM",,Seated Wrist Extension (Barbell),,,0,normal,10.0,12.0,,0.0,
Arm,"Dec 5, 2025, 7:34 PM","Dec 5, 2025, 8:40 PM",,Seated Wrist Extension (Barbell),,,1,normal,10.5,10.0,,0.0,6.0
Arm,"Dec 5, 2025, 7:34 PM","Dec 5, 2025, 8:40 PM",,Seated Wrist Extension (Barbell),,,2,normal,10.0,12.0,,0.0,6.0
Chest and back,"Dec 4, 2025, 8:16 PM","Dec 4, 2025, 9:21 PM",,Bench Press (Barbell),,,0,normal,70.0,12.0,,0.0,7.5
Chest and back,"Dec 4, 2025, 8:16 PM","Dec 4, 2025, 9:21 PM",,Bench Press (Barbell),,,1,normal,90.0,10.0,,0.0,9.0
Chest and back,"Dec 4, 2025, 8:16 PM","Dec 4, 2025, 9:21 PM",,Bench Press (Barbell),,,2,normal,100.0,8.0,,0.0,8.5
Chest and back,"Dec 4, 2025, 8:16 PM","Dec 4, 2025, 9:21 PM",,Bench Press (Barbell),,,3,normal,110.0,5.0,,0.0,10.0
Chest and back,"Dec 4, 2025, 8:16 PM","Dec 4, 2025, 9:21 PM",,Bench Press (Barbell),,,4,normal,110.0,6.0,,0.0,10.0
Chest and back,"Dec 4, 2025, 8:16 PM","Dec 4, 2025, 9:21 PM",,Lat Pulldown (Cable),,,0,normal,130.0,10.0,,0.0,7.0
Chest and back,"Dec 4, 2025, 8:16 PM","Dec 4, 2025, 9:21 PM",,Lat Pulldown (Cable),,,1,normal,145.0,8.0,,0.0,8.5
Chest and back,"Dec 4, 2025, 8:16 PM","Dec 4, 2025, 9:21 PM",,Lat Pulldown (Cable),,,2,normal,145.0,8.0,,0.0,9.0
Chest and back,"Dec 4, 2025, 8:16 PM","Dec 4, 2025, 9:21 PM",,Iso-Lateral High Row (Machine),,,0,normal,115.0,10.0,,0.0,7.0
Chest and back,"Dec 4, 2025, 8:16 PM","Dec 4, 2025, 9:21 PM",,Iso-Lateral High Row (Machine),,,1,normal,135.0,8.0,,0.0,7.0
Chest and back,"Dec 4, 2025, 8:16 PM","Dec 4, 2025, 9:21 PM",,Iso-Lateral High Row (Machine),,,2,normal,135.0,9.0,,0.0,10.0
Chest and back,"Dec 4, 2025, 8:16 PM","Dec 4, 2025, 9:21 PM",,Bench Press (Cable),,,0,normal,45.0,15.0,,0.0,10.0
Chest and back,"Dec 4, 2025, 8:16 PM","Dec 4, 2025, 9:21 PM",,Bench Press (Cable),,,1,normal,70.0,10.0,,0.0,7.0
Chest and back,"Dec 4, 2025, 8:16 PM","Dec 4, 2025, 9:21 PM",,Bench Press (Cable),,,2,normal,90.0,10.0,,0.0,7.5
Chest and back,"Dec 4, 2025, 8:16 PM","Dec 4, 2025, 9:21 PM",,Seated Cable Row - Bar Wide Grip,,,0,normal,70.0,11.0,,0.0,7.0
Chest and back,"Dec 4, 2025, 8:16 PM","Dec 4, 2025, 9:21 PM",,Seated Cable Row - Bar Wide Grip,,,1,normal,100.0,10.0,,0.0,8.5
Chest and back,"Dec 4, 2025, 8:16 PM","Dec 4, 2025, 9:21 PM",,Seated Cable Row - Bar Wide Grip,,,2,normal,130.0,8.0,,0.0,10.0
Chest and back,"Dec 4, 2025, 8:16 PM","Dec 4, 2025, 9:21 PM",,Push Up,,,0,normal,,20.0,,0.0,10.0
Chest and back,"Dec 4, 2025, 8:16 PM","Dec 4, 2025, 9:21 PM",,Push Up,,,1,normal,,15.0,,0.0,7.0
Chest and back,"Dec 4, 2025, 8:16 PM","Dec 4, 2025, 9:21 PM",,Push Up,,,2,normal,,7.0,,0.0,10.0
Chest and back,"Dec 4, 2025, 8:16 PM","Dec 4, 2025, 9:21 PM",,Pullover (Dumbbell),,,0,normal,30.0,10.0,,0.0,8.5
Chest and back,"Dec 4, 2025, 8:16 PM","Dec 4, 2025, 9:21 PM",,Pullover (Dumbbell),,,1,normal,40.0,10.0,,0.0,7.5
Chest and back,"Dec 4, 2025, 8:16 PM","Dec 4, 2025, 9:21 PM",,Pullover (Dumbbell),,,2,normal,45.0,0.0,,0.0,7.0
Leg,"Dec 1, 2025, 8:46 PM","Dec 1, 2025, 9:54 PM",,Lunge (Barbell),,,0,normal,25.0,10.0,,0.0,7.0
Leg,"Dec 1, 2025, 8:46 PM","Dec 1, 2025, 9:54 PM",,Lunge (Barbell),,,1,normal,35.0,8.0,,0.0,6.0
Leg,"Dec 1, 2025, 8:46 PM","Dec 1, 2025, 9:54 PM",,Lunge (Barbell),,,2,normal,45.0,8.0,,0.0,10.0
Leg,"Dec 1, 2025, 8:46 PM","Dec 1, 2025, 9:54 PM",,Leg Extension (Machine),,,0,normal,130.0,12.0,,0.0,9.5
Leg,"Dec 1, 2025, 8:46 PM","Dec 1, 2025, 9:54 PM",,Leg Extension (Machine),,,1,normal,140.0,10.0,,0.0,7.0
Leg,"Dec 1, 2025, 8:46 PM","Dec 1, 2025, 9:54 PM",,Leg Extension (Machine),,,2,normal,180.0,8.0,,0.0,
Leg,"Dec 1, 2025, 8:46 PM","Dec 1, 2025, 9:54 PM",,Leg Press (Machine),,,0,normal,320.0,8.0,,0.0,6.0
Leg,"Dec 1, 2025, 8:46 PM","Dec 1, 2025, 9:54 PM",,Leg Press (Machine),,,1,normal,360.0,10.0,,0.0,6.0
Leg,"Dec 1, 2025, 8:46 PM","Dec 1, 2025, 9:54 PM",,Leg Press (Machine),,,2,normal,500.0,8.0,,0.0,10.0
Leg,"Dec 1, 2025, 8:46 PM","Dec 1, 2025, 9:54 PM",,Sumo Squat (Dumbbell),,,0,normal,55.0,11.0,,0.0,7.5
Leg,"Dec 1, 2025, 8:46 PM","Dec 1, 2025, 9:54 PM",,Sumo Squat (Dumbbell),,,1,normal,60.0,10.0,,0.0,6.0
Leg,"Dec 1, 2025, 8:46 PM","Dec 1, 2025, 9:54 PM",,Sumo Squat (Dumbbell),,,2,normal,60.0,9.0,,0.0,8.0
Leg,"Dec 1, 2025, 8:46 PM","Dec 1, 2025, 9:54 PM",,Hip Thrust (Smith Machine),,,0,normal,40.0,11.0,,0.0,
Leg,"Dec 1, 2025, 8:46 PM","Dec 1, 2025, 9:54 PM",,Hip Thrust (Smith Machine),,,1,normal,60.0,10.0,,0.0,
Leg,"Dec 1, 2025, 8:46 PM","Dec 1, 2025, 9:54 PM",,Hip Thrust (Smith Machine),,,2,normal,80.5,11.0,,0.0,
Leg,"Dec 1, 2025, 8:46 PM","Dec 1, 2025, 9:54 PM",,Romanian Deadlift (Barbell),,,0,normal,25.0,14.0,,0.0,
Leg,"Dec 1, 2025, 8:46 PM","Dec 1, 2025, 9:54 PM",,Romanian Deadlift (Barbell),,,1,normal,35.0,9.0,,0.0,9.0
Leg,"Dec 1, 2025, 8:46 PM","Dec 1, 2025, 9:54 PM",,Romanian Deadlift (Barbell),,,2,normal,61.0,10.0,,0.0,6.0
Leg,"Dec 1, 2025, 8:46 PM","Dec 1, 2025, 9:54 PM",,Seated Calf Raise,,,0,normal,45.0,15.0,,0.0,6.0
Leg,"Dec 1, 2025, 8:46 PM","Dec 1, 2025, 9:54 PM",,Seated Calf Raise,,,1,normal,90.0,10.0,,0.0,7.0
Leg,"Dec 1, 2025, 8:46 PM","Dec 1, 2025, 9:54 PM",,Seated Calf Raise,,,2,normal,90.0,11.0,,0.0,10.0
Chest and back,"Nov 30, 2025, 6:52 PM","Nov 30, 2025, 7:47 PM",,Bench Press (Barbell),,,0,normal,50.0,12.0,,0.0,6.0
Chest and back,"Nov 30, 2025, 6:52 PM","Nov 30, 2025, 7:47 PM",,Bench Press (Barbell),,,1,normal,90.0,8.0,,0.0,7.5
Chest and back,"Nov 30, 2025, 6:52 PM","Nov 30, 2025, 7:47 PM",,Bench Press (Barbell),,,2,normal,100.0,8.0,,0.0,9.5
Chest and back,"Nov 30, 2025, 6:52 PM","Nov 30, 2025, 7:47 PM",,Bench Press (Barbell),,,3,normal,110.0,6.0,,0.0,10.0
Chest and back,"Nov 30, 2025, 6:52 PM","Nov 30, 2025, 7:47 PM",,Bench Press (Barbell),,,4,normal,110.0,6.0,,0.0,10.0
Chest and back,"Nov 30, 2025, 6:52 PM","Nov 30, 2025, 7:47 PM",,Lat Pulldown (Cable),,,0,normal,115.0,10.0,,0.0,7.5
Chest and back,"Nov 30, 2025, 6:52 PM","Nov 30, 2025, 7:47 PM",,Lat Pulldown (Cable),,,1,normal,130.0,10.0,,0.0,8.5
Chest and back,"Nov 30, 2025, 6:52 PM","Nov 30, 2025, 7:47 PM",,Lat Pulldown (Cable),,,2,normal,130.0,8.0,,0.0,10.0
Chest and back,"Nov 30, 2025, 6:52 PM","Nov 30, 2025, 7:47 PM",,Iso-Lateral High Row (Machine),,,0,normal,115.0,10.0,,0.0,7.5
Chest and back,"Nov 30, 2025, 6:52 PM","Nov 30, 2025, 7:47 PM",,Iso-Lateral High Row (Machine),,,1,normal,135.0,8.0,,0.0,10.0
Chest and back,"Nov 30, 2025, 6:52 PM","Nov 30, 2025, 7:47 PM",,Iso-Lateral High Row (Machine),,,2,normal,135.0,6.0,,0.0,6.0
Chest and back,"Nov 30, 2025, 6:52 PM","Nov 30, 2025, 7:47 PM",,Bench Press (Cable),,,0,normal,45.0,15.0,,0.0,6.0
Chest and back,"Nov 30, 2025, 6:52 PM","Nov 30, 2025, 7:47 PM",,Bench Press (Cable),,,1,normal,65.0,10.0,,0.0,6.0
Chest and back,"Nov 30, 2025, 6:52 PM","Nov 30, 2025, 7:47 PM",,Bench Press (Cable),,,2,normal,65.0,10.0,,0.0,7.0
Chest and back,"Nov 30, 2025, 6:52 PM","Nov 30, 2025, 7:47 PM",,Seated Cable Row - Bar Wide Grip,,,0,normal,55.0,11.0,,0.0,
Chest and back,"Nov 30, 2025, 6:52 PM","Nov 30, 2025, 7:47 PM",,Seated Cable Row - Bar Wide Grip,,,1,normal,70.0,10.0,,0.0,
Chest and back,"Nov 30, 2025, 6:52 PM","Nov 30, 2025, 7:47 PM",,Seated Cable Row - Bar Wide Grip,,,2,normal,115.0,8.0,,0.0,7.0
Chest and back,"Nov 30, 2025, 6:52 PM","Nov 30, 2025, 7:47 PM",,Push Up,,,0,normal,,20.0,,0.0,8.5
Chest and back,"Nov 30, 2025, 6:52 PM","Nov 30, 2025, 7:47 PM",,Push Up,,,1,normal,,15.0,,0.0,6.0
Chest and back,"Nov 30, 2025, 6:52 PM","Nov 30, 2025, 7:47 PM",,Push Up,,,2,normal,,7.0,,0.0,6.0
Chest and back,"Nov 30, 2025, 6:52 PM","Nov 30, 2025, 7:47 PM",,Pullover (Machine),,,0,normal,3.5,16.0,,0.0,
Chest and back,"Nov 30, 2025, 6:52 PM","Nov 30, 2025, 7:47 PM",,Pullover (Machine),,,1,normal,8.0,15.0,,0.0,
Chest and back,"Nov 30, 2025, 6:52 PM","Nov 30, 2025, 7:47 PM",,Pullover (Machine),,,2,normal,41.5,12.0,,0.0,
Shoulder and abd,"Nov 28, 2025, 7:44 PM","Nov 28, 2025, 8:30 PM",,Shoulder Press (Dumbbell),,,0,normal,35.0,10.0,,0.0,7.5
Shoulder and abd,"Nov 28, 2025, 7:44 PM","Nov 28, 2025, 8:30 PM",,Shoulder Press (Dumbbell),,,1,normal,45.0,10.0,,0.0,8.5
Shoulder and abd,"Nov 28, 2025, 7:44 PM","Nov 28, 2025, 8:30 PM",,Shoulder Press (Dumbbell),,,2,normal,51.5,8.0,,0.0,10.0
Shoulder and abd,"Nov 28, 2025, 7:44 PM","Nov 28, 2025, 8:30 PM",,Lateral Raise (Dumbbell),,,0,normal,10.0,15.0,,0.0,6.0
Shoulder and abd,"Nov 28, 2025, 7:44 PM","Nov 28, 2025, 8:30 PM",,Lateral Raise (Dumbbell),,,1,normal,15.0,10.0,,0.0,9.0
Shoulder and abd,"Nov 28, 2025, 7:44 PM","Nov 28, 2025, 8:30 PM",,Lateral Raise (Dumbbell),,,2,normal,17.5,10.0,,0.0,
Shoulder and abd,"Nov 28, 2025, 7:44 PM","Nov 28, 2025, 8:30 PM",,Front Raise (Cable),,,0,normal,20.0,8.0,,0.0,10.0
Shoulder and abd,"Nov 28, 2025, 7:44 PM","Nov 28, 2025, 8:30 PM",,Front Raise (Cable),,,1,normal,20.0,7.0,,0.0,
Shoulder and abd,"Nov 28, 2025, 7:44 PM","Nov 28, 2025, 8:30 PM",,Front Raise (Cable),,,2,normal,20.0,10.0,,0.0,10.0
Shoulder and abd,"Nov 28, 2025, 7:44 PM","Nov 28, 2025, 8:30 PM",,Face Pull,,,0,normal,30.0,10.0,,0.0,7.0
Shoulder and abd,"Nov 28, 2025, 7:44 PM","Nov 28, 2025, 8:30 PM",,Face Pull,,,1,normal,35.0,10.0,,0.0,6.0
Shoulder and abd,"Nov 28, 2025, 7:44 PM","Nov 28, 2025, 8:30 PM",,Face Pull,,,2,normal,40.0,10.0,,0.0,7.0
Shoulder and abd,"Nov 28, 2025, 7:44 PM","Nov 28, 2025, 8:30 PM",,Face Pull,,,3,normal,50.0,8.0,,0.0,7.0
Shoulder and abd,"Nov 28, 2025, 7:44 PM","Nov 28, 2025, 8:30 PM",,Rear Delt Reverse Fly (Machine),,,0,normal,120.0,9.0,,0.0,8.0
Shoulder and abd,"Nov 28, 2025, 7:44 PM","Nov 28, 2025, 8:30 PM",,Rear Delt Reverse Fly (Machine),,,1,normal,140.0,8.0,,0.0,7.0
Shoulder and abd,"Nov 28, 2025, 7:44 PM","Nov 28, 2025, 8:30 PM",,Rear Delt Reverse Fly (Machine),,,2,normal,140.0,8.0,,0.0,
Shoulder and abd,"Nov 28, 2025, 7:44 PM","Nov 28, 2025, 8:30 PM",,Shrug (Dumbbell),,,0,normal,10.5,2.0,,0.0,
Shoulder and abd,"Nov 28, 2025, 7:44 PM","Nov 28, 2025, 8:30 PM",,Shrug (Dumbbell),,,1,normal,10.5,2.0,,0.0,
Shoulder and abd,"Nov 28, 2025, 7:44 PM","Nov 28, 2025, 8:30 PM",,Shrug (Dumbbell),,,2,normal,10.5,2.0,,0.0,
Shoulder and abd,"Nov 28, 2025, 7:44 PM","Nov 28, 2025, 8:30 PM",,Shrug (Dumbbell),,,3,normal,10.5,2.0,,0.0,
Shoulder and abd,"Nov 28, 2025, 7:44 PM","Nov 28, 2025, 8:30 PM",,Shrug (Dumbbell),,,4,normal,10.5,2.0,,0.0,
Shoulder and abd,"Nov 28, 2025, 7:44 PM","Nov 28, 2025, 8:30 PM",,Shrug (Dumbbell),,,5,normal,10.5,2.0,,0.0,
Shoulder and abd,"Nov 28, 2025, 7:44 PM","Nov 28, 2025, 8:30 PM",,Shrug (Dumbbell),,,6,normal,10.5,2.0,,0.0,
Shoulder and abd,"Nov 28, 2025, 7:44 PM","Nov 28, 2025, 8:30 PM",,Shrug (Dumbbell),,,7,normal,10.5,2.0,,0.0,
Shoulder and abd,"Nov 28, 2025, 7:44 PM","Nov 28, 2025, 8:30 PM",,Shrug (Dumbbell),,,8,normal,10.5,2.0,,0.0,
Shoulder and abd,"Nov 28, 2025, 7:44 PM","Nov 28, 2025, 8:30 PM",,Shrug (Dumbbell),,,9,normal,10.5,2.0,,0.0,
Shoulder and abd,"Nov 28, 2025, 7:44 PM","Nov 28, 2025, 8:30 PM",,Crunch,,,0,normal,,15.0,,0.0,
Shoulder and abd,"Nov 28, 2025, 7:44 PM","Nov 28, 2025, 8:30 PM",,Crunch,,,1,normal,,15.0,,0.0,
Shoulder and abd,"Nov 28, 2025, 7:44 PM","Nov 28, 2025, 8:30 PM",,Crunch,,,2,normal,,15.0,,0.0,
Shoulder and abd,"Nov 28, 2025, 7:44 PM","Nov 28, 2025, 8:30 PM",,Crunch,,,3,normal,,15.0,,0.0,
Shoulder and abd,"Nov 28, 2025, 7:44 PM","Nov 28, 2025, 8:30 PM",,Bicycle Crunch,,,0,normal,,15.0,,0.0,
Shoulder and abd,"Nov 28, 2025, 7:44 PM","Nov 28, 2025, 8:30 PM",,Bicycle Crunch,,,1,normal,,15.0,,0.0,
Shoulder and abd,"Nov 28, 2025, 7:44 PM","Nov 28, 2025, 8:30 PM",,Bicycle Crunch,,,2,normal,,15.0,,0.0,
Arm,"Nov 26, 2025, 8:08 PM","Nov 26, 2025, 8:44 PM",,Triceps Pushdown,,,0,normal,45.5,12.0,,0.0,7.0
Arm,"Nov 26, 2025, 8:08 PM","Nov 26, 2025, 8:44 PM",,Triceps Pushdown,,,1,normal,55.0,12.0,,0.0,8.5
Arm,"Nov 26, 2025, 8:08 PM","Nov 26, 2025, 8:44 PM",,Triceps Pushdown,,,2,normal,60.0,8.0,,0.0,9.0
Arm,"Nov 26, 2025, 8:08 PM","Nov 26, 2025, 8:44 PM",,Overhead Triceps Extension (Cable),,,0,normal,20.0,12.0,,0.0,6.0
Arm,"Nov 26, 2025, 8:08 PM","Nov 26, 2025, 8:44 PM",,Overhead Triceps Extension (Cable),,,1,normal,25.0,8.0,,0.0,8.0
Arm,"Nov 26, 2025, 8:08 PM","Nov 26, 2025, 8:44 PM",,Overhead Triceps Extension (Cable),,,2,normal,25.0,8.0,,0.0,7.5
Arm,"Nov 26, 2025, 8:08 PM","Nov 26, 2025, 8:44 PM",,Bicep Curl (Barbell),,,0,normal,40.0,15.0,,0.0,7.0
Arm,"Nov 26, 2025, 8:08 PM","Nov 26, 2025, 8:44 PM",,Bicep Curl (Barbell),,,1,normal,50.0,9.0,,0.0,7.0
Arm,"Nov 26, 2025, 8:08 PM","Nov 26, 2025, 8:44 PM",,Bicep Curl (Barbell),,,2,normal,60.0,6.0,,0.0,6.0
Arm,"Nov 26, 2025, 8:08 PM","Nov 26, 2025, 8:44 PM",,Preacher Curl (Machine),,,0,normal,15.0,18.0,,0.0,
Arm,"Nov 26, 2025, 8:08 PM","Nov 26, 2025, 8:44 PM",,Preacher Curl (Machine),,,1,normal,20.0,10.0,,0.0,
Arm,"Nov 26, 2025, 8:08 PM","Nov 26, 2025, 8:44 PM",,Preacher Curl (Machine),,,2,normal,30.0,8.0,,0.0,
Arm,"Nov 26, 2025, 8:08 PM","Nov 26, 2025, 8:44 PM",,Bench Dip,,,0,normal,,13.0,,0.0,
Arm,"Nov 26, 2025, 8:08 PM","Nov 26, 2025, 8:44 PM",,Bench Dip,,,1,normal,,12.0,,0.0,
Arm,"Nov 26, 2025, 8:08 PM","Nov 26, 2025, 8:44 PM",,Bench Dip,,,2,normal,,10.0,,0.0,
Arm,"Nov 26, 2025, 8:08 PM","Nov 26, 2025, 8:44 PM",,Bicep Curl (Dumbbell),,,0,normal,30.0,10.0,,0.0,
Arm,"Nov 26, 2025, 8:08 PM","Nov 26, 2025, 8:44 PM",,Bicep Curl (Dumbbell),,,1,normal,30.0,10.0,,0.0,
Arm,"Nov 26, 2025, 8:08 PM","Nov 26, 2025, 8:44 PM",,Bicep Curl (Dumbbell),,,2,normal,30.0,8.0,,0.0,
Arm,"Nov 26, 2025, 8:08 PM","Nov 26, 2025, 8:44 PM",,Triceps Kickback (Cable),,,0,normal,15.5,10.0,,0.0,
Arm,"Nov 26, 2025, 8:08 PM","Nov 26, 2025, 8:44 PM",,Triceps Kickback (Cable),,,1,normal,17.5,12.0,,0.0,
Arm,"Nov 26, 2025, 8:08 PM","Nov 26, 2025, 8:44 PM",,Triceps Kickback (Cable),,,2,normal,20.0,10.0,,0.0,
Arm,"Nov 26, 2025, 8:08 PM","Nov 26, 2025, 8:44 PM",,Seated Wrist Extension (Barbell),,,0,normal,10.0,12.0,,0.0,
Arm,"Nov 26, 2025, 8:08 PM","Nov 26, 2025, 8:44 PM",,Seated Wrist Extension (Barbell),,,1,normal,10.5,10.0,,0.0,
Arm,"Nov 26, 2025, 8:08 PM","Nov 26, 2025, 8:44 PM",,Seated Wrist Extension (Barbell),,,2,normal,10.0,12.0,,0.0,
Chest and back,"Nov 25, 2025, 8:39 PM","Nov 25, 2025, 9:24 PM",,Bench Press (Barbell),,,0,normal,50.0,11.0,,0.0,6.0
Chest and back,"Nov 25, 2025, 8:39 PM","Nov 25, 2025, 9:24 PM",,Bench Press (Barbell),,,1,normal,70.0,10.0,,0.0,7.5
Chest and back,"Nov 25, 2025, 8:39 PM","Nov 25, 2025, 9:24 PM",,Bench Press (Barbell),,,2,normal,80.0,10.0,,0.0,6.0
Chest and back,"Nov 25, 2025, 8:39 PM","Nov 25, 2025, 9:24 PM",,Bench Press (Barbell),,,3,normal,90.0,10.0,,0.0,7.5
Chest and back,"Nov 25, 2025, 8:39 PM","Nov 25, 2025, 9:24 PM",,Bench Press (Barbell),,,4,normal,100.0,5.0,,0.0,10.0
Chest and back,"Nov 25, 2025, 8:39 PM","Nov 25, 2025, 9:24 PM",,Lat Pulldown (Cable),,,0,normal,100.0,10.0,,0.0,
Chest and back,"Nov 25, 2025, 8:39 PM","Nov 25, 2025, 9:24 PM",,Lat Pulldown (Cable),,,1,normal,115.0,10.0,,0.0,
Chest and back,"Nov 25, 2025, 8:39 PM","Nov 25, 2025, 9:24 PM",,Lat Pulldown (Cable),,,2,normal,115.0,8.0,,0.0,
Chest and back,"Nov 25, 2025, 8:39 PM","Nov 25, 2025, 9:24 PM",,Iso-Lateral High Row (Machine),,,0,normal,90.0,10.0,,0.0,
Chest and back,"Nov 25, 2025, 8:39 PM","Nov 25, 2025, 9:24 PM",,Iso-Lateral High Row (Machine),,,1,normal,115.0,10.0,,0.0,
Chest and back,"Nov 25, 2025, 8:39 PM","Nov 25, 2025, 9:24 PM",,Iso-Lateral High Row (Machine),,,2,normal,135.0,10.0,,0.0,
Chest and back,"Nov 25, 2025, 8:39 PM","Nov 25, 2025, 9:24 PM",,Bench Press (Cable),,,0,normal,15.5,15.0,,0.0,7.5
Chest and back,"Nov 25, 2025, 8:39 PM","Nov 25, 2025, 9:24 PM",,Bench Press (Cable),,,1,normal,20.0,10.0,,0.0,
Chest and back,"Nov 25, 2025, 8:39 PM","Nov 25, 2025, 9:24 PM",,Bench Press (Cable),,,2,normal,30.0,10.0,,0.0,10.0
Chest and back,"Nov 25, 2025, 8:39 PM","Nov 25, 2025, 9:24 PM",,Seated Cable Row - Bar Wide Grip,,,0,normal,55.0,9.0,,0.0,
Chest and back,"Nov 25, 2025, 8:39 PM","Nov 25, 2025, 9:24 PM",,Seated Cable Row - Bar Wide Grip,,,1,normal,70.0,10.0,,0.0,
Chest and back,"Nov 25, 2025, 8:39 PM","Nov 25, 2025, 9:24 PM",,Seated Cable Row - Bar Wide Grip,,,2,normal,100.0,8.0,,0.0,
Chest and back,"Nov 25, 2025, 8:39 PM","Nov 25, 2025, 9:24 PM",,Push Up,,,0,normal,,20.0,,0.0,
Chest and back,"Nov 25, 2025, 8:39 PM","Nov 25, 2025, 9:24 PM",,Push Up,,,1,normal,,15.0,,0.0,
Chest and back,"Nov 25, 2025, 8:39 PM","Nov 25, 2025, 9:24 PM",,Push Up,,,2,normal,,7.0,,0.0,
Chest and back,"Nov 25, 2025, 8:39 PM","Nov 25, 2025, 9:24 PM",,Pullover (Machine),,,0,normal,3.5,16.0,,0.0,
Chest and back,"Nov 25, 2025, 8:39 PM","Nov 25, 2025, 9:24 PM",,Pullover (Machine),,,1,normal,8.0,15.0,,0.0,
Chest and back,"Nov 25, 2025, 8:39 PM","Nov 25, 2025, 9:24 PM",,Pullover (Machine),,,2,normal,41.5,12.0,,0.0,
Leg,"Nov 23, 2025, 6:52 PM","Nov 23, 2025, 7:41 PM",,Lunge (Barbell),,,0,normal,25.0,9.0,,0.0,8.0
Leg,"Nov 23, 2025, 6:52 PM","Nov 23, 2025, 7:41 PM",,Lunge (Barbell),,,1,normal,35.0,7.0,,0.0,10.0
Leg,"Nov 23, 2025, 6:52 PM","Nov 23, 2025, 7:41 PM",,Lunge (Barbell),,,2,normal,35.0,8.0,,0.0,10.0
Leg,"Nov 23, 2025, 6:52 PM","Nov 23, 2025, 7:41 PM",,Leg Extension (Machine),,,0,normal,120.0,15.0,,0.0,7.5
Leg,"Nov 23, 2025, 6:52 PM","Nov 23, 2025, 7:41 PM",,Leg Extension (Machine),,,1,normal,140.0,12.0,,0.0,9.0
Leg,"Nov 23, 2025, 6:52 PM","Nov 23, 2025, 7:41 PM",,Leg Extension (Machine),,,2,normal,180.0,8.0,,0.0,10.0
Leg,"Nov 23, 2025, 6:52 PM","Nov 23, 2025, 7:41 PM",,Leg Press (Machine),,,0,normal,320.0,8.0,,0.0,7.5
Leg,"Nov 23, 2025, 6:52 PM","Nov 23, 2025, 7:41 PM",,Leg Press (Machine),,,1,normal,360.0,10.0,,0.0,10.0
Leg,"Nov 23, 2025, 6:52 PM","Nov 23, 2025, 7:41 PM",,Leg Press (Machine),,,2,normal,450.0,8.0,,0.0,10.0
Leg,"Nov 23, 2025, 6:52 PM","Nov 23, 2025, 7:41 PM",,Sumo Squat (Dumbbell),,,0,normal,30.0,16.0,,0.0,
Leg,"Nov 23, 2025, 6:52 PM","Nov 23, 2025, 7:41 PM",,Sumo Squat (Dumbbell),,,1,normal,40.0,10.0,,0.0,
Leg,"Nov 23, 2025, 6:52 PM","Nov 23, 2025, 7:41 PM",,Sumo Squat (Dumbbell),,,2,normal,50.0,9.0,,0.0,
Leg,"Nov 23, 2025, 6:52 PM","Nov 23, 2025, 7:41 PM",,Hip Thrust (Smith Machine),,,0,normal,40.0,11.0,,0.0,6.0
Leg,"Nov 23, 2025, 6:52 PM","Nov 23, 2025, 7:41 PM",,Hip Thrust (Smith Machine),,,1,normal,60.0,10.0,,0.0,8.0
Leg,"Nov 23, 2025, 6:52 PM","Nov 23, 2025, 7:41 PM",,Hip Thrust (Smith Machine),,,2,normal,80.5,11.0,,0.0,10.0
Leg,"Nov 23, 2025, 6:52 PM","Nov 23, 2025, 7:41 PM",,Romanian Deadlift (Barbell),,,0,normal,40.0,10.0,,0.0,6.0
Leg,"Nov 23, 2025, 6:52 PM","Nov 23, 2025, 7:41 PM",,Romanian Deadlift (Barbell),,,1,normal,50.0,10.0,,0.0,7.0
Leg,"Nov 23, 2025, 6:52 PM","Nov 23, 2025, 7:41 PM",,Romanian Deadlift (Barbell),,,2,normal,60.0,10.0,,0.0,8.5
Leg,"Nov 23, 2025, 6:52 PM","Nov 23, 2025, 7:41 PM",,Seated Calf Raise,,,0,normal,45.0,15.0,,0.0,
Leg,"Nov 23, 2025, 6:52 PM","Nov 23, 2025, 7:41 PM",,Seated Calf Raise,,,1,normal,45.0,15.0,,0.0,
Leg,"Nov 23, 2025, 6:52 PM","Nov 23, 2025, 7:41 PM",,Seated Calf Raise,,,2,normal,45.0,15.0,,0.0,
Shoulder and abd,"Nov 20, 2025, 8:15 PM","Nov 20, 2025, 9:04 PM",,Shoulder Press (Dumbbell),,,0,normal,30.0,10.0,,,7.0
Shoulder and abd,"Nov 20, 2025, 8:15 PM","Nov 20, 2025, 9:04 PM",,Shoulder Press (Dumbbell),,,1,normal,40.0,8.0,,,10.0
Shoulder and abd,"Nov 20, 2025, 8:15 PM","Nov 20, 2025, 9:04 PM",,Shoulder Press (Dumbbell),,,2,normal,45.0,8.0,,,10.0
Shoulder and abd,"Nov 20, 2025, 8:15 PM","Nov 20, 2025, 9:04 PM",,Lateral Raise (Dumbbell),,,0,normal,8.0,15.0,,,6.0
Shoulder and abd,"Nov 20, 2025, 8:15 PM","Nov 20, 2025, 9:04 PM",,Lateral Raise (Dumbbell),,,1,normal,12.0,13.0,,,7.0
Shoulder and abd,"Nov 20, 2025, 8:15 PM","Nov 20, 2025, 9:04 PM",,Lateral Raise (Dumbbell),,,2,normal,17.5,10.0,,,10.0
Shoulder and abd,"Nov 20, 2025, 8:15 PM","Nov 20, 2025, 9:04 PM",,Front Raise (Cable),,,0,normal,15.0,12.0,,,10.0
Shoulder and abd,"Nov 20, 2025, 8:15 PM","Nov 20, 2025, 9:04 PM",,Front Raise (Cable),,,1,normal,20.0,10.0,,,10.0
Shoulder and abd,"Nov 20, 2025, 8:15 PM","Nov 20, 2025, 9:04 PM",,Front Raise (Cable),,,2,normal,20.0,10.0,,,
Shoulder and abd,"Nov 20, 2025, 8:15 PM","Nov 20, 2025, 9:04 PM",,Face Pull,,,0,normal,25.0,10.0,,,6.0
Shoulder and abd,"Nov 20, 2025, 8:15 PM","Nov 20, 2025, 9:04 PM",,Face Pull,,,1,normal,30.0,10.0,,,7.0
Shoulder and abd,"Nov 20, 2025, 8:15 PM","Nov 20, 2025, 9:04 PM",,Rear Delt Reverse Fly (Machine),,,0,normal,120.0,8.0,,,
Shoulder and abd,"Nov 20, 2025, 8:15 PM","Nov 20, 2025, 9:04 PM",,Shrug (Dumbbell),,,0,normal,10.5,2.0,,,10.0
Shoulder and abd,"Nov 20, 2025, 8:15 PM","Nov 20, 2025, 9:04 PM",,Shrug (Dumbbell),,,1,normal,10.5,2.0,,,
Shoulder and abd,"Nov 20, 2025, 8:15 PM","Nov 20, 2025, 9:04 PM",,Shrug (Dumbbell),,,2,normal,10.5,2.0,,,
Shoulder and abd,"Nov 20, 2025, 8:15 PM","Nov 20, 2025, 9:04 PM",,Shrug (Dumbbell),,,3,normal,10.5,2.0,,,
Shoulder and abd,"Nov 20, 2025, 8:15 PM","Nov 20, 2025, 9:04 PM",,Shrug (Dumbbell),,,4,normal,10.5,2.0,,,
Shoulder and abd,"Nov 20, 2025, 8:15 PM","Nov 20, 2025, 9:04 PM",,Shrug (Dumbbell),,,5,normal,10.5,2.0,,,
Shoulder and abd,"Nov 20, 2025, 8:15 PM","Nov 20, 2025, 9:04 PM",,Shrug (Dumbbell),,,6,normal,10.5,2.0,,,
Shoulder and abd,"Nov 20, 2025, 8:15 PM","Nov 20, 2025, 9:04 PM",,Shrug (Dumbbell),,,7,normal,10.5,2.0,,,
Shoulder and abd,"Nov 20, 2025, 8:15 PM","Nov 20, 2025, 9:04 PM",,Shrug (Dumbbell),,,8,normal,10.5,2.0,,,
Shoulder and abd,"Nov 20, 2025, 8:15 PM","Nov 20, 2025, 9:04 PM",,Shrug (Dumbbell),,,9,normal,10.5,2.0,,,
Shoulder and abd,"Nov 20, 2025, 8:15 PM","Nov 20, 2025, 9:04 PM",,Crunch,,,0,normal,,15.0,,,
Shoulder and abd,"Nov 20, 2025, 8:15 PM","Nov 20, 2025, 9:04 PM",,Bicycle Crunch,,,0,normal,,15.0,,,
Arm,"Nov 19, 2025, 7:34 PM","Nov 19, 2025, 8:20 PM",,Triceps Pushdown,,,0,normal,30.0,20.0,,0.0,6.0
Arm,"Nov 19, 2025, 7:34 PM","Nov 19, 2025, 8:20 PM",,Triceps Pushdown,,,1,normal,40.0,15.0,,0.0,7.0
Arm,"Nov 19, 2025, 7:34 PM","Nov 19, 2025, 8:20 PM",,Triceps Pushdown,,,2,normal,50.0,10.0,,0.0,8.5
Arm,"Nov 19, 2025, 7:34 PM","Nov 19, 2025, 8:20 PM",,Overhead Triceps Extension (Cable),,,0,normal,15.0,12.0,,0.0,8.0
Arm,"Nov 19, 2025, 7:34 PM","Nov 19, 2025, 8:20 PM",,Overhead Triceps Extension (Cable),,,1,normal,20.0,8.0,,0.0,8.0
Arm,"Nov 19, 2025, 7:34 PM","Nov 19, 2025, 8:20 PM",,Overhead Triceps Extension (Cable),,,2,normal,20.0,8.0,,0.0,10.0
Arm,"Nov 19, 2025, 7:34 PM","Nov 19, 2025, 8:20 PM",,Bicep Curl (Barbell),,,0,normal,40.0,15.0,,0.0,7.0
Arm,"Nov 19, 2025, 7:34 PM","Nov 19, 2025, 8:20 PM",,Bicep Curl (Barbell),,,1,normal,50.0,9.0,,0.0,9.0
Arm,"Nov 19, 2025, 7:34 PM","Nov 19, 2025, 8:20 PM",,Bicep Curl (Barbell),,,2,normal,60.0,6.0,,0.0,10.0
Arm,"Nov 19, 2025, 7:34 PM","Nov 19, 2025, 8:20 PM",,Preacher Curl (Machine),,,0,normal,15.0,18.0,,0.0,6.0
Arm,"Nov 19, 2025, 7:34 PM","Nov 19, 2025, 8:20 PM",,Preacher Curl (Machine),,,1,normal,20.0,10.0,,0.0,8.0
Arm,"Nov 19, 2025, 7:34 PM","Nov 19, 2025, 8:20 PM",,Preacher Curl (Machine),,,2,normal,30.0,8.0,,0.0,10.0
Arm,"Nov 19, 2025, 7:34 PM","Nov 19, 2025, 8:20 PM",,Bench Dip,,,0,normal,,15.0,,0.0,6.0
Arm,"Nov 19, 2025, 7:34 PM","Nov 19, 2025, 8:20 PM",,Bench Dip,,,1,normal,,12.0,,0.0,10.0
Arm,"Nov 19, 2025, 7:34 PM","Nov 19, 2025, 8:20 PM",,Bench Dip,,,2,normal,,10.0,,0.0,10.0
Arm,"Nov 19, 2025, 7:34 PM","Nov 19, 2025, 8:20 PM",,Bicep Curl (Dumbbell),,,0,normal,30.0,10.0,,0.0,
Arm,"Nov 19, 2025, 7:34 PM","Nov 19, 2025, 8:20 PM",,Bicep Curl (Dumbbell),,,1,normal,30.0,10.0,,0.0,
Arm,"Nov 19, 2025, 7:34 PM","Nov 19, 2025, 8:20 PM",,Bicep Curl (Dumbbell),,,2,normal,30.0,8.0,,0.0,
Arm,"Nov 19, 2025, 7:34 PM","Nov 19, 2025, 8:20 PM",,Triceps Kickback (Cable),,,0,normal,15.5,10.0,,0.0,7.0
Arm,"Nov 19, 2025, 7:34 PM","Nov 19, 2025, 8:20 PM",,Triceps Kickback (Cable),,,1,normal,17.5,12.0,,0.0,8.5
Arm,"Nov 19, 2025, 7:34 PM","Nov 19, 2025, 8:20 PM",,Triceps Kickback (Cable),,,2,normal,20.0,10.0,,0.0,8.0
Arm,"Nov 19, 2025, 7:34 PM","Nov 19, 2025, 8:20 PM",,Seated Wrist Extension (Barbell),,,0,normal,10.0,12.0,,0.0,9.5
Arm,"Nov 19, 2025, 7:34 PM","Nov 19, 2025, 8:20 PM",,Seated Wrist Extension (Barbell),,,1,normal,10.5,10.0,,0.0,10.0
Arm,"Nov 19, 2025, 7:34 PM","Nov 19, 2025, 8:20 PM",,Seated Wrist Extension (Barbell),,,2,normal,10.0,12.0,,0.0,10.0
Chest and back,"Nov 18, 2025, 8:21 PM","Nov 18, 2025, 9:16 PM",,Bench Press (Barbell),,,0,normal,50.0,11.0,,0.0,6.0
Chest and back,"Nov 18, 2025, 8:21 PM","Nov 18, 2025, 9:16 PM",,Bench Press (Barbell),,,1,normal,60.0,10.0,,0.0,7.5
Chest and back,"Nov 18, 2025, 8:21 PM","Nov 18, 2025, 9:16 PM",,Bench Press (Barbell),,,2,normal,70.0,8.0,,0.0,9.0
Chest and back,"Nov 18, 2025, 8:21 PM","Nov 18, 2025, 9:16 PM",,Bench Press (Barbell),,,3,normal,90.0,6.0,,0.0,9.0
Chest and back,"Nov 18, 2025, 8:21 PM","Nov 18, 2025, 9:16 PM",,Bench Press (Barbell),,,4,normal,90.0,8.0,,0.0,10.0
Chest and back,"Nov 18, 2025, 8:21 PM","Nov 18, 2025, 9:16 PM",,Lat Pulldown (Cable),,,0,normal,100.0,10.0,,0.0,7.0
Chest and back,"Nov 18, 2025, 8:21 PM","Nov 18, 2025, 9:16 PM",,Lat Pulldown (Cable),,,1,normal,115.0,10.0,,0.0,8.0
Chest and back,"Nov 18, 2025, 8:21 PM","Nov 18, 2025, 9:16 PM",,Lat Pulldown (Cable),,,2,normal,115.0,8.0,,0.0,8.0
Chest and back,"Nov 18, 2025, 8:21 PM","Nov 18, 2025, 9:16 PM",,Iso-Lateral High Row (Machine),,,0,normal,90.0,10.0,,0.0,7.0
Chest and back,"Nov 18, 2025, 8:21 PM","Nov 18, 2025, 9:16 PM",,Iso-Lateral High Row (Machine),,,1,normal,115.0,10.0,,0.0,7.0
Chest and back,"Nov 18, 2025, 8:21 PM","Nov 18, 2025, 9:16 PM",,Iso-Lateral High Row (Machine),,,2,normal,135.0,10.0,,0.0,8.0
Chest and back,"Nov 18, 2025, 8:21 PM","Nov 18, 2025, 9:16 PM",,Bench Press (Cable),,,0,normal,45.0,10.0,,0.0,6.0
Chest and back,"Nov 18, 2025, 8:21 PM","Nov 18, 2025, 9:16 PM",,Bench Press (Cable),,,1,normal,70.0,8.0,,0.0,7.0
Chest and back,"Nov 18, 2025, 8:21 PM","Nov 18, 2025, 9:16 PM",,Bench Press (Cable),,,2,normal,90.0,5.0,,0.0,10.0
Chest and back,"Nov 18, 2025, 8:21 PM","Nov 18, 2025, 9:16 PM",,Seated Cable Row - Bar Wide Grip,,,0,normal,55.0,10.0,,0.0,7.0
Chest and back,"Nov 18, 2025, 8:21 PM","Nov 18, 2025, 9:16 PM",,Seated Cable Row - Bar Wide Grip,,,1,normal,70.0,10.0,,0.0,7.5
Chest and back,"Nov 18, 2025, 8:21 PM","Nov 18, 2025, 9:16 PM",,Seated Cable Row - Bar Wide Grip,,,2,normal,100.0,8.0,,0.0,10.0
Chest and back,"Nov 18, 2025, 8:21 PM","Nov 18, 2025, 9:16 PM",,Push Up,,,0,normal,,20.0,,0.0,7.0
Chest and back,"Nov 18, 2025, 8:21 PM","Nov 18, 2025, 9:16 PM",,Push Up,,,1,normal,,15.0,,0.0,10.0
Chest and back,"Nov 18, 2025, 8:21 PM","Nov 18, 2025, 9:16 PM",,Push Up,,,2,normal,,7.0,,0.0,10.0
Chest and back,"Nov 18, 2025, 8:21 PM","Nov 18, 2025, 9:16 PM",,Pullover (Machine),,,0,normal,3.5,16.0,,0.0,9.0
Chest and back,"Nov 18, 2025, 8:21 PM","Nov 18, 2025, 9:16 PM",,Pullover (Machine),,,1,normal,8.0,15.0,,0.0,9.5
Chest and back,"Nov 18, 2025, 8:21 PM","Nov 18, 2025, 9:16 PM",,Pullover (Machine),,,2,normal,41.5,12.0,,0.0,10.0
Upper #2,"Nov 16, 2025, 6:56 PM","Nov 16, 2025, 8:09 PM",,Lat Pulldown (Cable),,,0,normal,110.0,12.0,,0.0,6.0
Upper #2,"Nov 16, 2025, 6:56 PM","Nov 16, 2025, 8:09 PM",,Lat Pulldown (Cable),,,1,normal,130.0,10.0,,0.0,8.5
Upper #2,"Nov 16, 2025, 6:56 PM","Nov 16, 2025, 8:09 PM",,Lat Pulldown (Cable),,,2,normal,135.0,8.0,,0.0,8.0
Upper #2,"Nov 16, 2025, 6:56 PM","Nov 16, 2025, 8:09 PM",,Lat Pulldown (Cable),,,3,normal,160.0,4.0,,0.0,
Upper #2,"Nov 16, 2025, 6:56 PM","Nov 16, 2025, 8:09 PM",,Straight Arm Lat Pulldown (Cable),,,0,normal,40.0,11.0,,0.0,7.5
Upper #2,"Nov 16, 2025, 6:56 PM","Nov 16, 2025, 8:09 PM",,Straight Arm Lat Pulldown (Cable),,,1,normal,45.0,10.0,,0.0,7.5
Upper #2,"Nov 16, 2025, 6:56 PM","Nov 16, 2025, 8:09 PM",,Straight Arm Lat Pulldown (Cable),,,2,normal,50.0,8.0,,0.0,9.5
Upper #2,"Nov 16, 2025, 6:56 PM","Nov 16, 2025, 8:09 PM",,Rear Delt Reverse Fly (Machine),,,0,normal,70.0,13.0,,0.0,
Upper #2,"Nov 16, 2025, 6:56 PM","Nov 16, 2025, 8:09 PM",,Rear Delt Reverse Fly (Machine),,,1,normal,90.0,8.0,,0.0,
Upper #2,"Nov 16, 2025, 6:56 PM","Nov 16, 2025, 8:09 PM",,Rear Delt Reverse Fly (Machine),,,2,normal,120.0,8.0,,0.0,
Upper #2,"Nov 16, 2025, 6:56 PM","Nov 16, 2025, 8:09 PM",,Dumbbell Row,,,0,normal,50.0,10.0,,0.0,
Upper #2,"Nov 16, 2025, 6:56 PM","Nov 16, 2025, 8:09 PM",,Dumbbell Row,,,1,normal,60.0,10.0,,0.0,7.5
Upper #2,"Nov 16, 2025, 6:56 PM","Nov 16, 2025, 8:09 PM",,Dumbbell Row,,,2,normal,65.0,6.0,,0.0,
Upper #2,"Nov 16, 2025, 6:56 PM","Nov 16, 2025, 8:09 PM",,Incline Bench Press (Dumbbell),,,0,normal,50.0,12.0,,0.0,
Upper #2,"Nov 16, 2025, 6:56 PM","Nov 16, 2025, 8:09 PM",,Incline Bench Press (Dumbbell),,,1,normal,90.0,10.0,,0.0,
Upper #2,"Nov 16, 2025, 6:56 PM","Nov 16, 2025, 8:09 PM",,Incline Bench Press (Dumbbell),,,2,normal,90.0,7.0,,0.0,
Upper #2,"Nov 16, 2025, 6:56 PM","Nov 16, 2025, 8:09 PM",,Cable Fly Crossovers,,,0,normal,20.0,12.0,,0.0,
Upper #2,"Nov 16, 2025, 6:56 PM","Nov 16, 2025, 8:09 PM",,Cable Fly Crossovers,,,1,normal,25.0,10.0,,0.0,
Upper #2,"Nov 16, 2025, 6:56 PM","Nov 16, 2025, 8:09 PM",,Cable Fly Crossovers,,,2,normal,30.0,10.0,,0.0,
Upper #2,"Nov 16, 2025, 6:56 PM","Nov 16, 2025, 8:09 PM",,Single Arm Lateral Raise (Cable),,,0,normal,5.0,15.0,,0.0,
Upper #2,"Nov 16, 2025, 6:56 PM","Nov 16, 2025, 8:09 PM",,Single Arm Lateral Raise (Cable),,,1,normal,10.0,12.0,,0.0,
Upper #2,"Nov 16, 2025, 6:56 PM","Nov 16, 2025, 8:09 PM",,Single Arm Lateral Raise (Cable),,,2,normal,10.0,10.0,,0.0,
Upper #2,"Nov 16, 2025, 6:56 PM","Nov 16, 2025, 8:09 PM",,Triceps Extension (Cable),,,0,normal,5.0,15.0,,0.0,
Upper #2,"Nov 16, 2025, 6:56 PM","Nov 16, 2025, 8:09 PM",,Triceps Extension (Cable),,,1,normal,35.5,10.0,,0.0,
Upper #2,"Nov 16, 2025, 6:56 PM","Nov 16, 2025, 8:09 PM",,Triceps Extension (Cable),,,2,normal,35.0,10.0,,0.0,
Upper #2,"Nov 16, 2025, 6:56 PM","Nov 16, 2025, 8:09 PM",,Bicep Curl (Dumbbell),,,0,normal,30.0,10.0,,0.0,
Upper #2,"Nov 16, 2025, 6:56 PM","Nov 16, 2025, 8:09 PM",,Bicep Curl (Dumbbell),,,1,normal,30.0,10.0,,0.0,
Upper #2,"Nov 16, 2025, 6:56 PM","Nov 16, 2025, 8:09 PM",,Bicep Curl (Dumbbell),,,2,normal,30.0,8.0,,0.0,
Lower #1,"Nov 15, 2025, 6:05 PM","Nov 15, 2025, 6:56 PM",,Walking Lunge (Dumbbell),,,0,normal,30.0,0.0,0.01,0.0,
Lower #1,"Nov 15, 2025, 6:05 PM","Nov 15, 2025, 6:56 PM",,Walking Lunge (Dumbbell),,,1,normal,40.0,0.0,0.01,0.0,
Lower #1,"Nov 15, 2025, 6:05 PM","Nov 15, 2025, 6:56 PM",,Walking Lunge (Dumbbell),,,2,normal,40.0,0.0,0.0,0.0,
Lower #1,"Nov 15, 2025, 6:05 PM","Nov 15, 2025, 6:56 PM",,Leg Extension (Machine),,,0,normal,110.0,15.0,,0.0,9.5
Lower #1,"Nov 15, 2025, 6:05 PM","Nov 15, 2025, 6:56 PM",,Leg Extension (Machine),,,1,normal,130.0,12.0,,0.0,9.0
Lower #1,"Nov 15, 2025, 6:05 PM","Nov 15, 2025, 6:56 PM",,Leg Extension (Machine),,,2,normal,170.0,10.0,,0.0,10.0
Lower #1,"Nov 15, 2025, 6:05 PM","Nov 15, 2025, 6:56 PM",,Leg Press (Machine),,,0,normal,270.0,15.0,,0.0,
Lower #1,"Nov 15, 2025, 6:05 PM","Nov 15, 2025, 6:56 PM",,Leg Press (Machine),,,1,normal,360.0,12.0,,0.0,
Lower #1,"Nov 15, 2025, 6:05 PM","Nov 15, 2025, 6:56 PM",,Leg Press (Machine),,,2,normal,450.0,8.0,,0.0,
Lower #1,"Nov 15, 2025, 6:05 PM","Nov 15, 2025, 6:56 PM",,Leg Press (Machine),,,3,normal,450.0,8.0,,0.0,
Lower #1,"Nov 15, 2025, 6:05 PM","Nov 15, 2025, 6:56 PM",,Sumo Squat (Dumbbell),,,0,normal,30.0,16.0,,0.0,8.0
Lower #1,"Nov 15, 2025, 6:05 PM","Nov 15, 2025, 6:56 PM",,Sumo Squat (Dumbbell),,,1,normal,40.0,10.0,,0.0,
Lower #1,"Nov 15, 2025, 6:05 PM","Nov 15, 2025, 6:56 PM",,Sumo Squat (Dumbbell),,,2,normal,50.0,9.0,,0.0,
Lower #1,"Nov 15, 2025, 6:05 PM","Nov 15, 2025, 6:56 PM",,Sumo Squat (Dumbbell),,,3,normal,70.0,8.0,,0.0,
Lower #1,"Nov 15, 2025, 6:05 PM","Nov 15, 2025, 6:56 PM",,Hip Thrust (Machine),,,0,normal,25.0,10.0,,0.0,
Lower #1,"Nov 15, 2025, 6:05 PM","Nov 15, 2025, 6:56 PM",,Hip Thrust (Machine),,,1,normal,35.0,10.0,,0.0,
Lower #1,"Nov 15, 2025, 6:05 PM","Nov 15, 2025, 6:56 PM",,Hip Thrust (Machine),,,2,normal,35.5,10.0,,0.0,
Lower #1,"Nov 15, 2025, 6:05 PM","Nov 15, 2025, 6:56 PM",,Deadlift (Dumbbell),,,0,normal,15.0,10.0,,0.0,
Lower #1,"Nov 15, 2025, 6:05 PM","Nov 15, 2025, 6:56 PM",,Deadlift (Dumbbell),,,1,normal,25.0,10.0,,0.0,
Lower #1,"Nov 15, 2025, 6:05 PM","Nov 15, 2025, 6:56 PM",,Deadlift (Dumbbell),,,2,normal,35.0,8.0,,0.0,6.0
Lower #1,"Nov 15, 2025, 6:05 PM","Nov 15, 2025, 6:56 PM",,Deadlift (Dumbbell),,,3,normal,55.0,8.0,,0.0,
Lower #1,"Nov 15, 2025, 6:05 PM","Nov 15, 2025, 6:56 PM",,Standing Calf Raise (Machine),,,0,normal,90.0,20.0,,0.0,
Lower #1,"Nov 15, 2025, 6:05 PM","Nov 15, 2025, 6:56 PM",,Standing Calf Raise (Machine),,,1,normal,115.0,16.0,,0.0,
Lower #1,"Nov 15, 2025, 6:05 PM","Nov 15, 2025, 6:56 PM",,Standing Calf Raise (Machine),,,2,normal,110.0,12.0,,0.0,
Upper 1,"Nov 14, 2025, 6:58 PM","Nov 14, 2025, 7:48 PM",,Bench Press (Barbell),,,0,normal,50.0,11.0,,0.0,6.0
Upper 1,"Nov 14, 2025, 6:58 PM","Nov 14, 2025, 7:48 PM",,Bench Press (Barbell),,,1,normal,90.0,9.0,,0.0,9.5
Upper 1,"Nov 14, 2025, 6:58 PM","Nov 14, 2025, 7:48 PM",,Bench Press (Barbell),,,2,normal,90.0,9.0,,0.0,
Upper 1,"Nov 14, 2025, 6:58 PM","Nov 14, 2025, 7:48 PM",,Iso-Lateral Chest Press (Machine),0.0,,0,normal,25.0,13.0,,0.0,
Upper 1,"Nov 14, 2025, 6:58 PM","Nov 14, 2025, 7:48 PM",,Iso-Lateral Chest Press (Machine),0.0,,1,normal,55.0,8.0,,0.0,
Upper 1,"Nov 14, 2025, 6:58 PM","Nov 14, 2025, 7:48 PM",,Chest Fly (Machine),0.0,,0,normal,100.0,10.0,,0.0,
Upper 1,"Nov 14, 2025, 6:58 PM","Nov 14, 2025, 7:48 PM",,Chest Fly (Machine),0.0,,1,normal,120.0,8.0,,0.0,
Upper 1,"Nov 14, 2025, 6:58 PM","Nov 14, 2025, 7:48 PM",,Shoulder Press (Machine Plates),,,0,normal,45.0,10.0,,0.0,
Upper 1,"Nov 14, 2025, 6:58 PM","Nov 14, 2025, 7:48 PM",,Shoulder Press (Machine Plates),,,1,normal,70.0,10.0,,0.0,
Upper 1,"Nov 14, 2025, 6:58 PM","Nov 14, 2025, 7:48 PM",,Shoulder Press (Machine Plates),,,2,normal,90.0,10.0,,0.0,
Upper 1,"Nov 14, 2025, 6:58 PM","Nov 14, 2025, 7:48 PM",,Front Raise (Cable),1.0,,0,normal,15.0,12.0,,0.0,9.0
Upper 1,"Nov 14, 2025, 6:58 PM","Nov 14, 2025, 7:48 PM",,Front Raise (Cable),1.0,,1,normal,20.0,10.0,,0.0,
Upper 1,"Nov 14, 2025, 6:58 PM","Nov 14, 2025, 7:48 PM",,Seated Cable Row - V Grip (Cable),1.0,,0,normal,80.5,10.0,,0.0,7.0
Upper 1,"Nov 14, 2025, 6:58 PM","Nov 14, 2025, 7:48 PM",,Seated Cable Row - V Grip (Cable),1.0,,1,normal,90.0,10.0,,0.0,
Upper 1,"Nov 14, 2025, 6:58 PM","Nov 14, 2025, 7:48 PM",,T Bar Row,,,0,normal,45.0,10.0,,0.0,
Upper 1,"Nov 14, 2025, 6:58 PM","Nov 14, 2025, 7:48 PM",,T Bar Row,,,1,normal,45.0,10.0,,0.0,
Upper 1,"Nov 14, 2025, 6:58 PM","Nov 14, 2025, 7:48 PM",,T Bar Row,,,2,normal,45.0,10.0,,0.0,
Upper 1,"Nov 14, 2025, 6:58 PM","Nov 14, 2025, 7:48 PM",,Triceps Pressdown,2.0,,0,normal,40.0,15.0,,0.0,
Upper 1,"Nov 14, 2025, 6:58 PM","Nov 14, 2025, 7:48 PM",,Triceps Pressdown,2.0,,1,normal,60.0,9.0,,0.0,
Upper 1,"Nov 14, 2025, 6:58 PM","Nov 14, 2025, 7:48 PM",,Triceps Pressdown,2.0,,2,normal,60.0,6.0,,0.0,
Upper 1,"Nov 14, 2025, 6:58 PM","Nov 14, 2025, 7:48 PM",,Bicep Curl (Cable),2.0,,0,normal,20.0,12.0,,0.0,
Upper 1,"Nov 14, 2025, 6:58 PM","Nov 14, 2025, 7:48 PM",,Bicep Curl (Cable),2.0,,1,normal,35.0,12.0,,0.0,
Upper 1,"Nov 14, 2025, 6:58 PM","Nov 14, 2025, 7:48 PM",,Bicep Curl (Cable),2.0,,2,normal,40.0,8.0,,0.0,
Lower #2,"Nov 12, 2025, 7:42 PM","Nov 12, 2025, 8:00 PM",,Squat (Barbell),,,0,normal,25.0,11.0,,0.0,6.0
Lower #2,"Nov 12, 2025, 7:42 PM","Nov 12, 2025, 8:00 PM",,Squat (Barbell),,,1,normal,45.0,8.0,,0.0,
Lower #2,"Nov 12, 2025, 7:42 PM","Nov 12, 2025, 8:00 PM",,Squat (Barbell),,,2,normal,45.0,10.0,,0.0,6.0
Lower #2,"Nov 12, 2025, 7:42 PM","Nov 12, 2025, 8:00 PM",,Squat (Barbell),,,3,normal,45.0,8.0,,0.0,
Lower #2,"Nov 12, 2025, 7:42 PM","Nov 12, 2025, 8:00 PM",,Leg Extension (Machine),,,0,normal,90.0,15.0,,0.0,6.0
Lower #2,"Nov 12, 2025, 7:42 PM","Nov 12, 2025, 8:00 PM",,Leg Extension (Machine),,,1,normal,120.0,10.0,,0.0,6.0
Lower #2,"Nov 12, 2025, 7:42 PM","Nov 12, 2025, 8:00 PM",,Leg Extension (Machine),,,2,normal,160.0,10.0,,0.0,
Lower #2,"Nov 12, 2025, 7:42 PM","Nov 12, 2025, 8:00 PM",,Hip Abduction (Machine),,,0,normal,65.0,15.0,,0.0,
Lower #2,"Nov 12, 2025, 7:42 PM","Nov 12, 2025, 8:00 PM",,Hip Abduction (Machine),,,1,normal,80.0,13.0,,0.0,
Lower #2,"Nov 12, 2025, 7:42 PM","Nov 12, 2025, 8:00 PM",,Hip Abduction (Machine),,,2,normal,95.0,12.0,,0.0,
Lower #2,"Nov 12, 2025, 7:42 PM","Nov 12, 2025, 8:00 PM",,Seated Leg Curl (Machine),,,0,normal,90.0,10.0,,0.0,
Lower #2,"Nov 12, 2025, 7:42 PM","Nov 12, 2025, 8:00 PM",,Seated Leg Curl (Machine),,,1,normal,100.0,8.0,,0.0,
Lower #2,"Nov 12, 2025, 7:42 PM","Nov 12, 2025, 8:00 PM",,Seated Leg Curl (Machine),,,2,normal,90.0,10.0,,0.0,
Lower #2,"Nov 12, 2025, 7:42 PM","Nov 12, 2025, 8:00 PM",,Seated Calf Raise,,,0,normal,45.0,15.0,,0.0,
Lower #2,"Nov 12, 2025, 7:42 PM","Nov 12, 2025, 8:00 PM",,Seated Calf Raise,,,1,normal,45.0,15.0,,0.0,
Lower #2,"Nov 12, 2025, 7:42 PM","Nov 12, 2025, 8:00 PM",,Seated Calf Raise,,,2,normal,45.0,15.0,,0.0,
Upper #2,"Nov 11, 2025, 7:36 PM","Nov 11, 2025, 8:48 PM",,Lat Pulldown (Cable),,,0,normal,110.0,12.0,,0.0,
Upper #2,"Nov 11, 2025, 7:36 PM","Nov 11, 2025, 8:48 PM",,Lat Pulldown (Cable),,,1,normal,145.0,10.0,,0.0,
Upper #2,"Nov 11, 2025, 7:36 PM","Nov 11, 2025, 8:48 PM",,Lat Pulldown (Cable),,,2,normal,145.0,8.0,,0.0,
Upper #2,"Nov 11, 2025, 7:36 PM","Nov 11, 2025, 8:48 PM",,Lat Pulldown (Cable),,,3,normal,160.0,4.0,,0.0,
Upper #2,"Nov 11, 2025, 7:36 PM","Nov 11, 2025, 8:48 PM",,Straight Arm Lat Pulldown (Cable),,,0,normal,40.0,11.0,,0.0,
Upper #2,"Nov 11, 2025, 7:36 PM","Nov 11, 2025, 8:48 PM",,Straight Arm Lat Pulldown (Cable),,,1,normal,50.0,10.0,,0.0,
Upper #2,"Nov 11, 2025, 7:36 PM","Nov 11, 2025, 8:48 PM",,Straight Arm Lat Pulldown (Cable),,,2,normal,40.0,10.0,,0.0,
Upper #2,"Nov 11, 2025, 7:36 PM","Nov 11, 2025, 8:48 PM",,Rear Delt Reverse Fly (Machine),,,0,normal,70.0,13.0,,0.0,
Upper #2,"Nov 11, 2025, 7:36 PM","Nov 11, 2025, 8:48 PM",,Rear Delt Reverse Fly (Machine),,,1,normal,90.0,8.0,,0.0,
Upper #2,"Nov 11, 2025, 7:36 PM","Nov 11, 2025, 8:48 PM",,Rear Delt Reverse Fly (Machine),,,2,normal,120.0,8.0,,0.0,
Upper #2,"Nov 11, 2025, 7:36 PM","Nov 11, 2025, 8:48 PM",,Dumbbell Row,,,0,normal,50.0,10.0,,0.0,
Upper #2,"Nov 11, 2025, 7:36 PM","Nov 11, 2025, 8:48 PM",,Dumbbell Row,,,1,normal,60.0,9.0,,0.0,
Upper #2,"Nov 11, 2025, 7:36 PM","Nov 11, 2025, 8:48 PM",,Dumbbell Row,,,2,normal,60.0,8.0,,0.0,
Upper #2,"Nov 11, 2025, 7:36 PM","Nov 11, 2025, 8:48 PM",,Incline Bench Press (Dumbbell),,,0,normal,50.0,12.0,,0.0,
Upper #2,"Nov 11, 2025, 7:36 PM","Nov 11, 2025, 8:48 PM",,Incline Bench Press (Dumbbell),,,1,normal,90.0,10.0,,0.0,
Upper #2,"Nov 11, 2025, 7:36 PM","Nov 11, 2025, 8:48 PM",,Incline Bench Press (Dumbbell),,,2,normal,90.0,7.0,,0.0,
Upper #2,"Nov 11, 2025, 7:36 PM","Nov 11, 2025, 8:48 PM",,Cable Fly Crossovers,,,0,normal,20.0,12.0,,0.0,
Upper #2,"Nov 11, 2025, 7:36 PM","Nov 11, 2025, 8:48 PM",,Cable Fly Crossovers,,,1,normal,25.0,10.0,,0.0,
Upper #2,"Nov 11, 2025, 7:36 PM","Nov 11, 2025, 8:48 PM",,Cable Fly Crossovers,,,2,normal,30.0,10.0,,0.0,
Upper #2,"Nov 11, 2025, 7:36 PM","Nov 11, 2025, 8:48 PM",,Single Arm Lateral Raise (Cable),,,0,normal,5.0,15.0,,0.0,
Upper #2,"Nov 11, 2025, 7:36 PM","Nov 11, 2025, 8:48 PM",,Single Arm Lateral Raise (Cable),,,1,normal,10.0,12.0,,0.0,
Upper #2,"Nov 11, 2025, 7:36 PM","Nov 11, 2025, 8:48 PM",,Single Arm Lateral Raise (Cable),,,2,normal,10.0,10.0,,0.0,
Upper #2,"Nov 11, 2025, 7:36 PM","Nov 11, 2025, 8:48 PM",,Triceps Extension (Cable),,,0,normal,5.0,15.0,,0.0,
Upper #2,"Nov 11, 2025, 7:36 PM","Nov 11, 2025, 8:48 PM",,Triceps Extension (Cable),,,1,normal,35.5,10.0,,0.0,
Upper #2,"Nov 11, 2025, 7:36 PM","Nov 11, 2025, 8:48 PM",,Triceps Extension (Cable),,,2,normal,35.0,10.0,,0.0,
Upper #2,"Nov 11, 2025, 7:36 PM","Nov 11, 2025, 8:48 PM",,Bicep Curl (Dumbbell),,,0,normal,30.0,10.0,,0.0,
Upper #2,"Nov 11, 2025, 7:36 PM","Nov 11, 2025, 8:48 PM",,Bicep Curl (Dumbbell),,,1,normal,30.0,10.0,,0.0,
Upper #2,"Nov 11, 2025, 7:36 PM","Nov 11, 2025, 8:48 PM",,Bicep Curl (Dumbbell),,,2,normal,30.0,8.0,,0.0,
Lower #1,"Nov 9, 2025, 6:40 PM","Nov 9, 2025, 7:35 PM",,Leg Extension (Machine),,,0,normal,100.0,15.0,,,
Lower #1,"Nov 9, 2025, 6:40 PM","Nov 9, 2025, 7:35 PM",,Leg Extension (Machine),,,1,normal,120.0,12.0,,,
Upper 1,"Nov 7, 2025, 6:54 PM","Nov 7, 2025, 7:37 PM",,Bench Press (Barbell),,,0,normal,50.0,11.0,,0.0,
Upper 1,"Nov 7, 2025, 6:54 PM","Nov 7, 2025, 7:37 PM",,Bench Press (Barbell),,,1,normal,90.0,10.0,,0.0,
Upper 1,"Nov 7, 2025, 6:54 PM","Nov 7, 2025, 7:37 PM",,Bench Press (Barbell),,,2,normal,110.0,7.0,,0.0,
Upper 1,"Nov 7, 2025, 6:54 PM","Nov 7, 2025, 7:37 PM",,Iso-Lateral Chest Press (Machine),,,0,normal,25.0,13.0,,0.0,
Upper 1,"Nov 7, 2025, 6:54 PM","Nov 7, 2025, 7:37 PM",,Iso-Lateral Chest Press (Machine),,,1,normal,55.0,8.0,,0.0,
Upper 1,"Nov 7, 2025, 6:54 PM","Nov 7, 2025, 7:37 PM",,Chest Fly (Machine),,,0,normal,100.0,10.0,,0.0,
Upper 1,"Nov 7, 2025, 6:54 PM","Nov 7, 2025, 7:37 PM",,Chest Fly (Machine),,,1,normal,120.0,8.0,,0.0,
Upper 1,"Nov 7, 2025, 6:54 PM","Nov 7, 2025, 7:37 PM",,Shoulder Press (Machine Plates),,,0,normal,45.0,10.0,,0.0,
Upper 1,"Nov 7, 2025, 6:54 PM","Nov 7, 2025, 7:37 PM",,Shoulder Press (Machine Plates),,,1,normal,70.0,10.0,,0.0,
Upper 1,"Nov 7, 2025, 6:54 PM","Nov 7, 2025, 7:37 PM",,Shoulder Press (Machine Plates),,,2,normal,90.0,10.0,,0.0,
Upper 1,"Nov 7, 2025, 6:54 PM","Nov 7, 2025, 7:37 PM",,Front Raise (Cable),,,0,normal,12.0,10.0,,0.0,
Upper 1,"Nov 7, 2025, 6:54 PM","Nov 7, 2025, 7:37 PM",,Front Raise (Cable),,,1,normal,20.0,10.0,,0.0,
Upper 1,"Nov 7, 2025, 6:54 PM","Nov 7, 2025, 7:37 PM",,Seated Cable Row - V Grip (Cable),,,0,normal,80.5,10.0,,0.0,
Upper 1,"Nov 7, 2025, 6:54 PM","Nov 7, 2025, 7:37 PM",,Seated Cable Row - V Grip (Cable),,,1,normal,90.0,10.0,,0.0,
Upper 1,"Nov 7, 2025, 6:54 PM","Nov 7, 2025, 7:37 PM",,T Bar Row,,,0,normal,45.0,10.0,,0.0,
Upper 1,"Nov 7, 2025, 6:54 PM","Nov 7, 2025, 7:37 PM",,T Bar Row,,,1,normal,45.0,10.0,,0.0,
Upper 1,"Nov 7, 2025, 6:54 PM","Nov 7, 2025, 7:37 PM",,T Bar Row,,,2,normal,45.0,10.0,,0.0,
Upper 1,"Nov 7, 2025, 6:54 PM","Nov 7, 2025, 7:37 PM",,Triceps Pressdown,,,0,normal,40.0,15.0,,0.0,
Upper 1,"Nov 7, 2025, 6:54 PM","Nov 7, 2025, 7:37 PM",,Triceps Pressdown,,,1,normal,60.0,9.0,,0.0,
Upper 1,"Nov 7, 2025, 6:54 PM","Nov 7, 2025, 7:37 PM",,Triceps Pressdown,,,2,normal,60.0,6.0,,0.0,
Upper 1,"Nov 7, 2025, 6:54 PM","Nov 7, 2025, 7:37 PM",,Bicep Curl (Cable),,,0,normal,20.0,12.0,,0.0,
Upper 1,"Nov 7, 2025, 6:54 PM","Nov 7, 2025, 7:37 PM",,Bicep Curl (Cable),,,1,normal,35.0,12.0,,0.0,
Upper 1,"Nov 7, 2025, 6:54 PM","Nov 7, 2025, 7:37 PM",,Bicep Curl (Cable),,,2,normal,40.0,8.0,,0.0,
Upper #2,"Nov 4, 2025, 7:05 PM","Nov 4, 2025, 8:14 PM",,Lat Pulldown (Cable),,,0,normal,100.0,12.0,,0.0,
Upper #2,"Nov 4, 2025, 7:05 PM","Nov 4, 2025, 8:14 PM",,Lat Pulldown (Cable),,,1,normal,145.0,9.0,,0.0,
Upper #2,"Nov 4, 2025, 7:05 PM","Nov 4, 2025, 8:14 PM",,Lat Pulldown (Cable),,,2,normal,145.0,8.0,,0.0,
Upper #2,"Nov 4, 2025, 7:05 PM","Nov 4, 2025, 8:14 PM",,Lat Pulldown (Cable),,,3,normal,145.0,10.0,,0.0,
Upper #2,"Nov 4, 2025, 7:05 PM","Nov 4, 2025, 8:14 PM",,Straight Arm Lat Pulldown (Cable),,,0,normal,30.0,12.0,,0.0,
Upper #2,"Nov 4, 2025, 7:05 PM","Nov 4, 2025, 8:14 PM",,Straight Arm Lat Pulldown (Cable),,,1,normal,40.0,10.0,,0.0,
Upper #2,"Nov 4, 2025, 7:05 PM","Nov 4, 2025, 8:14 PM",,Straight Arm Lat Pulldown (Cable),,,2,normal,40.0,10.0,,0.0,
Upper #2,"Nov 4, 2025, 7:05 PM","Nov 4, 2025, 8:14 PM",,Rear Delt Reverse Fly (Machine),,,0,normal,60.0,15.0,,0.0,
Upper #2,"Nov 4, 2025, 7:05 PM","Nov 4, 2025, 8:14 PM",,Rear Delt Reverse Fly (Machine),,,1,normal,90.0,10.0,,0.0,
Upper #2,"Nov 4, 2025, 7:05 PM","Nov 4, 2025, 8:14 PM",,Rear Delt Reverse Fly (Machine),,,2,normal,100.0,8.0,,0.0,
Upper #2,"Nov 4, 2025, 7:05 PM","Nov 4, 2025, 8:14 PM",,Dumbbell Row,,,0,normal,50.0,10.0,,0.0,
Upper #2,"Nov 4, 2025, 7:05 PM","Nov 4, 2025, 8:14 PM",,Dumbbell Row,,,1,normal,60.0,9.0,,0.0,
Upper #2,"Nov 4, 2025, 7:05 PM","Nov 4, 2025, 8:14 PM",,Dumbbell Row,,,2,normal,60.0,8.0,,0.0,
Upper #2,"Nov 4, 2025, 7:05 PM","Nov 4, 2025, 8:14 PM",,Incline Bench Press (Dumbbell),,,0,normal,50.0,12.0,,0.0,
Upper #2,"Nov 4, 2025, 7:05 PM","Nov 4, 2025, 8:14 PM",,Incline Bench Press (Dumbbell),,,1,normal,90.0,8.0,,0.0,
Upper #2,"Nov 4, 2025, 7:05 PM","Nov 4, 2025, 8:14 PM",,Incline Bench Press (Dumbbell),,,2,normal,90.0,7.0,,0.0,
Upper #2,"Nov 4, 2025, 7:05 PM","Nov 4, 2025, 8:14 PM",,Cable Fly Crossovers,,,0,normal,20.0,12.0,,0.0,
Upper #2,"Nov 4, 2025, 7:05 PM","Nov 4, 2025, 8:14 PM",,Cable Fly Crossovers,,,1,normal,25.0,10.0,,0.0,
Upper #2,"Nov 4, 2025, 7:05 PM","Nov 4, 2025, 8:14 PM",,Cable Fly Crossovers,,,2,normal,30.0,10.0,,0.0,
Upper #2,"Nov 4, 2025, 7:05 PM","Nov 4, 2025, 8:14 PM",,Single Arm Lateral Raise (Cable),,,0,normal,5.0,15.0,,0.0,
Upper #2,"Nov 4, 2025, 7:05 PM","Nov 4, 2025, 8:14 PM",,Single Arm Lateral Raise (Cable),,,1,normal,10.0,12.0,,0.0,
Upper #2,"Nov 4, 2025, 7:05 PM","Nov 4, 2025, 8:14 PM",,Single Arm Lateral Raise (Cable),,,2,normal,10.0,10.0,,0.0,
Upper #2,"Nov 4, 2025, 7:05 PM","Nov 4, 2025, 8:14 PM",,Triceps Extension (Cable),,,0,normal,5.0,15.0,,0.0,
Upper #2,"Nov 4, 2025, 7:05 PM","Nov 4, 2025, 8:14 PM",,Triceps Extension (Cable),,,1,normal,35.5,10.0,,0.0,
Upper #2,"Nov 4, 2025, 7:05 PM","Nov 4, 2025, 8:14 PM",,Triceps Extension (Cable),,,2,normal,35.0,10.0,,0.0,
Upper #2,"Nov 4, 2025, 7:05 PM","Nov 4, 2025, 8:14 PM",,Bicep Curl (Dumbbell),,,0,normal,30.0,10.0,,0.0,
Upper #2,"Nov 4, 2025, 7:05 PM","Nov 4, 2025, 8:14 PM",,Bicep Curl (Dumbbell),,,1,normal,30.0,10.0,,0.0,
Upper #2,"Nov 4, 2025, 7:05 PM","Nov 4, 2025, 8:14 PM",,Bicep Curl (Dumbbell),,,2,normal,30.0,8.0,,0.0,
Lower #1,"Nov 3, 2025, 7:21 PM","Nov 3, 2025, 8:36 PM",,Walking Lunge (Dumbbell),,,0,normal,30.0,0.0,0.01,0.0,
Lower #1,"Nov 3, 2025, 7:21 PM","Nov 3, 2025, 8:36 PM",,Walking Lunge (Dumbbell),,,1,normal,40.0,0.0,0.01,0.0,
Lower #1,"Nov 3, 2025, 7:21 PM","Nov 3, 2025, 8:36 PM",,Walking Lunge (Dumbbell),,,2,normal,40.0,0.0,0.0,0.0,
Lower #1,"Nov 3, 2025, 7:21 PM","Nov 3, 2025, 8:36 PM",,Leg Extension (Machine),,,0,normal,90.0,15.0,,0.0,
Lower #1,"Nov 3, 2025, 7:21 PM","Nov 3, 2025, 8:36 PM",,Leg Extension (Machine),,,1,normal,110.0,12.0,,0.0,
Lower #1,"Nov 3, 2025, 7:21 PM","Nov 3, 2025, 8:36 PM",,Leg Extension (Machine),,,2,normal,170.0,8.0,,0.0,
Lower #1,"Nov 3, 2025, 7:21 PM","Nov 3, 2025, 8:36 PM",,Leg Press (Machine),,,0,normal,270.0,15.0,,0.0,
Lower #1,"Nov 3, 2025, 7:21 PM","Nov 3, 2025, 8:36 PM",,Leg Press (Machine),,,1,normal,360.0,12.0,,0.0,
Lower #1,"Nov 3, 2025, 7:21 PM","Nov 3, 2025, 8:36 PM",,Leg Press (Machine),,,2,normal,450.0,8.0,,0.0,
Lower #1,"Nov 3, 2025, 7:21 PM","Nov 3, 2025, 8:36 PM",,Leg Press (Machine),,,3,normal,450.0,8.0,,0.0,
Lower #1,"Nov 3, 2025, 7:21 PM","Nov 3, 2025, 8:36 PM",,Sumo Squat (Dumbbell),,,0,normal,30.0,16.0,,0.0,
Lower #1,"Nov 3, 2025, 7:21 PM","Nov 3, 2025, 8:36 PM",,Sumo Squat (Dumbbell),,,1,normal,40.0,9.0,,0.0,
Lower #1,"Nov 3, 2025, 7:21 PM","Nov 3, 2025, 8:36 PM",,Sumo Squat (Dumbbell),,,2,normal,50.0,9.0,,0.0,
Lower #1,"Nov 3, 2025, 7:21 PM","Nov 3, 2025, 8:36 PM",,Sumo Squat (Dumbbell),,,3,normal,70.0,8.0,,0.0,
Lower #1,"Nov 3, 2025, 7:21 PM","Nov 3, 2025, 8:36 PM",,Hip Thrust (Machine),,,0,normal,25.0,10.0,,0.0,
Lower #1,"Nov 3, 2025, 7:21 PM","Nov 3, 2025, 8:36 PM",,Hip Thrust (Machine),,,1,normal,35.0,10.0,,0.0,
Lower #1,"Nov 3, 2025, 7:21 PM","Nov 3, 2025, 8:36 PM",,Hip Thrust (Machine),,,2,normal,35.5,10.0,,0.0,
Lower #1,"Nov 3, 2025, 7:21 PM","Nov 3, 2025, 8:36 PM",,Deadlift (Dumbbell),,,0,normal,15.0,10.0,,0.0,
Lower #1,"Nov 3, 2025, 7:21 PM","Nov 3, 2025, 8:36 PM",,Deadlift (Dumbbell),,,1,normal,20.0,10.0,,0.0,
Lower #1,"Nov 3, 2025, 7:21 PM","Nov 3, 2025, 8:36 PM",,Deadlift (Dumbbell),,,2,normal,30.0,8.0,,0.0,
Lower #1,"Nov 3, 2025, 7:21 PM","Nov 3, 2025, 8:36 PM",,Deadlift (Dumbbell),,,3,normal,55.0,5.0,,0.0,
Lower #1,"Nov 3, 2025, 7:21 PM","Nov 3, 2025, 8:36 PM",,Standing Calf Raise (Machine),,,0,normal,90.0,20.0,,0.0,
Lower #1,"Nov 3, 2025, 7:21 PM","Nov 3, 2025, 8:36 PM",,Standing Calf Raise (Machine),,,1,normal,115.0,16.0,,0.0,
Lower #1,"Nov 3, 2025, 7:21 PM","Nov 3, 2025, 8:36 PM",,Standing Calf Raise (Machine),,,2,normal,110.0,12.0,,0.0,
Upper 1,"Nov 1, 2025, 2:57 PM","Nov 1, 2025, 3:40 PM",,Bench Press (Barbell),,,0,normal,50.0,11.0,,,
Upper 1,"Nov 1, 2025, 2:57 PM","Nov 1, 2025, 3:40 PM",,Bench Press (Barbell),,,1,normal,90.0,10.0,,,
Upper 1,"Nov 1, 2025, 2:57 PM","Nov 1, 2025, 3:40 PM",,Bench Press (Barbell),,,2,normal,110.0,7.0,,,
Upper 1,"Nov 1, 2025, 2:57 PM","Nov 1, 2025, 3:40 PM",,Iso-Lateral Chest Press (Machine),,,0,normal,25.0,13.0,,,
Upper 1,"Nov 1, 2025, 2:57 PM","Nov 1, 2025, 3:40 PM",,Iso-Lateral Chest Press (Machine),,,1,normal,55.0,8.0,,,
Upper 1,"Nov 1, 2025, 2:57 PM","Nov 1, 2025, 3:40 PM",,Chest Fly (Machine),,,0,normal,80.0,10.0,,,
Upper 1,"Nov 1, 2025, 2:57 PM","Nov 1, 2025, 3:40 PM",,Chest Fly (Machine),,,1,normal,90.0,8.0,,,
Upper 1,"Nov 1, 2025, 2:57 PM","Nov 1, 2025, 3:40 PM",,Shoulder Press (Machine Plates),,,0,normal,25.0,10.0,,,
Upper 1,"Nov 1, 2025, 2:57 PM","Nov 1, 2025, 3:40 PM",,Shoulder Press (Machine Plates),,,1,normal,45.0,10.0,,,
Upper 1,"Nov 1, 2025, 2:57 PM","Nov 1, 2025, 3:40 PM",,Shoulder Press (Machine Plates),,,2,normal,45.0,10.0,,,
Upper 1,"Nov 1, 2025, 2:57 PM","Nov 1, 2025, 3:40 PM",,Front Raise (Cable),,,0,normal,12.0,10.0,,,
Upper 1,"Nov 1, 2025, 2:57 PM","Nov 1, 2025, 3:40 PM",,Front Raise (Cable),,,1,normal,20.0,10.0,,,
Upper 1,"Nov 1, 2025, 2:57 PM","Nov 1, 2025, 3:40 PM",,T Bar Row,,,0,normal,35.0,10.0,,,
Upper 1,"Nov 1, 2025, 2:57 PM","Nov 1, 2025, 3:40 PM",,T Bar Row,,,1,normal,35.0,10.0,,,
Upper 1,"Nov 1, 2025, 2:57 PM","Nov 1, 2025, 3:40 PM",,T Bar Row,,,2,normal,35.0,10.0,,,
Upper 1,"Nov 1, 2025, 2:57 PM","Nov 1, 2025, 3:40 PM",,Seated Cable Row - V Grip (Cable),,,0,normal,80.5,10.0,,,
Upper 1,"Nov 1, 2025, 2:57 PM","Nov 1, 2025, 3:40 PM",,Seated Cable Row - V Grip (Cable),,,1,normal,90.0,10.0,,,
Upper 1,"Nov 1, 2025, 2:57 PM","Nov 1, 2025, 3:40 PM",,Triceps Pressdown,,,0,normal,30.0,15.0,,,
Upper 1,"Nov 1, 2025, 2:57 PM","Nov 1, 2025, 3:40 PM",,Triceps Pressdown,,,1,normal,50.0,10.0,,,
Upper 1,"Nov 1, 2025, 2:57 PM","Nov 1, 2025, 3:40 PM",,Triceps Pressdown,,,2,normal,60.0,9.0,,,
Upper 1,"Nov 1, 2025, 2:57 PM","Nov 1, 2025, 3:40 PM",,Bicep Curl (Cable),,,0,normal,20.0,12.0,,,
Upper 1,"Nov 1, 2025, 2:57 PM","Nov 1, 2025, 3:40 PM",,Bicep Curl (Cable),,,1,normal,35.0,10.0,,,
Lower #2,"Oct 31, 2025, 7:03 PM","Oct 31, 2025, 7:58 PM",,Squat (Barbell),,,0,normal,25.0,11.0,,,
Lower #2,"Oct 31, 2025, 7:03 PM","Oct 31, 2025, 7:58 PM",,Squat (Barbell),,,1,normal,45.0,11.0,,,
Lower #2,"Oct 31, 2025, 7:03 PM","Oct 31, 2025, 7:58 PM",,Squat (Barbell),,,2,normal,45.0,10.0,,,
Lower #2,"Oct 31, 2025, 7:03 PM","Oct 31, 2025, 7:58 PM",,Squat (Barbell),,,3,normal,45.0,8.0,,,
Lower #2,"Oct 31, 2025, 7:03 PM","Oct 31, 2025, 7:58 PM",,Leg Extension (Machine),,,0,normal,80.0,15.0,,,
Lower #2,"Oct 31, 2025, 7:03 PM","Oct 31, 2025, 7:58 PM",,Leg Extension (Machine),,,1,normal,120.0,12.0,,,
Lower #2,"Oct 31, 2025, 7:03 PM","Oct 31, 2025, 7:58 PM",,Leg Extension (Machine),,,2,normal,160.0,9.0,,,
Lower #2,"Oct 31, 2025, 7:03 PM","Oct 31, 2025, 7:58 PM",,Hip Abduction (Machine),,,0,normal,65.0,15.0,,,
Lower #2,"Oct 31, 2025, 7:03 PM","Oct 31, 2025, 7:58 PM",,Hip Abduction (Machine),,,1,normal,80.0,13.0,,,
Lower #2,"Oct 31, 2025, 7:03 PM","Oct 31, 2025, 7:58 PM",,Hip Abduction (Machine),,,2,normal,95.0,12.0,,,
Lower #2,"Oct 31, 2025, 7:03 PM","Oct 31, 2025, 7:58 PM",,Hip Adduction (Machine),,,0,normal,50.0,15.0,,,
Lower #2,"Oct 31, 2025, 7:03 PM","Oct 31, 2025, 7:58 PM",,Hip Adduction (Machine),,,1,normal,80.0,10.0,,,
Lower #2,"Oct 31, 2025, 7:03 PM","Oct 31, 2025, 7:58 PM",,Hip Adduction (Machine),,,2,normal,80.0,9.0,,,
Lower #2,"Oct 31, 2025, 7:03 PM","Oct 31, 2025, 7:58 PM",,Seated Leg Curl (Machine),,,0,normal,60.5,15.0,,,
Lower #2,"Oct 31, 2025, 7:03 PM","Oct 31, 2025, 7:58 PM",,Seated Leg Curl (Machine),,,1,normal,80.0,10.0,,,
Lower #2,"Oct 31, 2025, 7:03 PM","Oct 31, 2025, 7:58 PM",,Seated Leg Curl (Machine),,,2,normal,90.0,10.0,,,
Lower #2,"Oct 31, 2025, 7:03 PM","Oct 31, 2025, 7:58 PM",,Seated Calf Raise,,,0,normal,45.0,15.0,,,
Lower #2,"Oct 31, 2025, 7:03 PM","Oct 31, 2025, 7:58 PM",,Seated Calf Raise,,,1,normal,45.0,15.0,,,
Lower #2,"Oct 31, 2025, 7:03 PM","Oct 31, 2025, 7:58 PM",,Seated Calf Raise,,,2,normal,45.0,15.0,,,
Upper #2,"Oct 29, 2025, 7:21 PM","Oct 29, 2025, 8:36 PM",,Lat Pulldown (Cable),,,0,normal,100.0,12.0,,0.0,
Upper #2,"Oct 29, 2025, 7:21 PM","Oct 29, 2025, 8:36 PM",,Lat Pulldown (Cable),,,1,normal,130.0,10.0,,0.0,
Upper #2,"Oct 29, 2025, 7:21 PM","Oct 29, 2025, 8:36 PM",,Lat Pulldown (Cable),,,2,normal,145.0,10.0,,0.0,
Upper #2,"Oct 29, 2025, 7:21 PM","Oct 29, 2025, 8:36 PM",,Lat Pulldown (Cable),,,3,normal,145.0,10.0,,0.0,
Upper #2,"Oct 29, 2025, 7:21 PM","Oct 29, 2025, 8:36 PM",,Rear Delt Reverse Fly (Machine),,,0,normal,50.0,15.0,,0.0,
Upper #2,"Oct 29, 2025, 7:21 PM","Oct 29, 2025, 8:36 PM",,Rear Delt Reverse Fly (Machine),,,1,normal,70.0,15.0,,0.0,
Upper #2,"Oct 29, 2025, 7:21 PM","Oct 29, 2025, 8:36 PM",,Rear Delt Reverse Fly (Machine),,,2,normal,80.0,10.0,,0.0,
Upper #2,"Oct 29, 2025, 7:21 PM","Oct 29, 2025, 8:36 PM",,Straight Arm Lat Pulldown (Cable),,,0,normal,30.0,12.0,,0.0,
Upper #2,"Oct 29, 2025, 7:21 PM","Oct 29, 2025, 8:36 PM",,Straight Arm Lat Pulldown (Cable),,,1,normal,40.0,10.0,,0.0,
Upper #2,"Oct 29, 2025, 7:21 PM","Oct 29, 2025, 8:36 PM",,Straight Arm Lat Pulldown (Cable),,,2,normal,40.0,10.0,,0.0,
Upper #2,"Oct 29, 2025, 7:21 PM","Oct 29, 2025, 8:36 PM",,Dumbbell Row,,,0,normal,40.0,15.0,,0.0,
Upper #2,"Oct 29, 2025, 7:21 PM","Oct 29, 2025, 8:36 PM",,Dumbbell Row,,,1,normal,50.0,10.0,,0.0,
Upper #2,"Oct 29, 2025, 7:21 PM","Oct 29, 2025, 8:36 PM",,Dumbbell Row,,,2,normal,55.0,10.0,,0.0,
Upper #2,"Oct 29, 2025, 7:21 PM","Oct 29, 2025, 8:36 PM",,Incline Bench Press (Dumbbell),,,0,normal,50.0,12.0,,0.0,
Upper #2,"Oct 29, 2025, 7:21 PM","Oct 29, 2025, 8:36 PM",,Incline Bench Press (Dumbbell),,,1,normal,70.0,6.0,,0.0,
Upper #2,"Oct 29, 2025, 7:21 PM","Oct 29, 2025, 8:36 PM",,Incline Bench Press (Dumbbell),,,2,normal,70.0,8.0,,0.0,
Upper #2,"Oct 29, 2025, 7:21 PM","Oct 29, 2025, 8:36 PM",,Cable Fly Crossovers,,,0,normal,15.0,15.0,,0.0,
Upper #2,"Oct 29, 2025, 7:21 PM","Oct 29, 2025, 8:36 PM",,Cable Fly Crossovers,,,1,normal,20.0,13.0,,0.0,
Upper #2,"Oct 29, 2025, 7:21 PM","Oct 29, 2025, 8:36 PM",,Cable Fly Crossovers,,,2,normal,25.0,12.0,,0.0,
Upper #2,"Oct 29, 2025, 7:21 PM","Oct 29, 2025, 8:36 PM",,Single Arm Lateral Raise (Cable),,,0,normal,5.0,15.0,,0.0,
Upper #2,"Oct 29, 2025, 7:21 PM","Oct 29, 2025, 8:36 PM",,Single Arm Lateral Raise (Cable),,,1,normal,5.0,12.0,,0.0,
Upper #2,"Oct 29, 2025, 7:21 PM","Oct 29, 2025, 8:36 PM",,Single Arm Lateral Raise (Cable),,,2,normal,10.0,12.0,,0.0,
Upper #2,"Oct 29, 2025, 7:21 PM","Oct 29, 2025, 8:36 PM",,Triceps Extension (Cable),,,0,normal,5.0,15.0,,0.0,
Upper #2,"Oct 29, 2025, 7:21 PM","Oct 29, 2025, 8:36 PM",,Triceps Extension (Cable),,,1,normal,30.0,10.0,,0.0,
Upper #2,"Oct 29, 2025, 7:21 PM","Oct 29, 2025, 8:36 PM",,Triceps Extension (Cable),,,2,normal,30.5,12.0,,0.0,
Upper #2,"Oct 29, 2025, 7:21 PM","Oct 29, 2025, 8:36 PM",,Bicep Curl (Dumbbell),,,0,normal,30.0,10.0,,0.0,
Upper #2,"Oct 29, 2025, 7:21 PM","Oct 29, 2025, 8:36 PM",,Bicep Curl (Dumbbell),,,1,normal,30.0,10.0,,0.0,
Upper #2,"Oct 29, 2025, 7:21 PM","Oct 29, 2025, 8:36 PM",,Bicep Curl (Dumbbell),,,2,normal,30.0,8.0,,0.0,
Lower #1,"Oct 27, 2025, 7:44 PM","Oct 27, 2025, 8:55 PM",,Walking Lunge (Dumbbell),,,0,normal,30.0,0.0,0.01,0.0,
Lower #1,"Oct 27, 2025, 7:44 PM","Oct 27, 2025, 8:55 PM",,Walking Lunge (Dumbbell),,,1,normal,40.0,0.0,0.01,0.0,
Lower #1,"Oct 27, 2025, 7:44 PM","Oct 27, 2025, 8:55 PM",,Walking Lunge (Dumbbell),,,2,normal,40.0,0.0,0.0,0.0,
Lower #1,"Oct 27, 2025, 7:44 PM","Oct 27, 2025, 8:55 PM",,Leg Extension (Machine),,,0,normal,80.0,15.0,,0.0,
Lower #1,"Oct 27, 2025, 7:44 PM","Oct 27, 2025, 8:55 PM",,Leg Extension (Machine),,,1,normal,105.5,12.0,,0.0,
Lower #1,"Oct 27, 2025, 7:44 PM","Oct 27, 2025, 8:55 PM",,Leg Extension (Machine),,,2,normal,160.5,8.0,,0.0,
Lower #1,"Oct 27, 2025, 7:44 PM","Oct 27, 2025, 8:55 PM",,Leg Press (Machine),,,0,normal,180.0,15.0,,0.0,
Lower #1,"Oct 27, 2025, 7:44 PM","Oct 27, 2025, 8:55 PM",,Leg Press (Machine),,,1,normal,270.0,12.0,,0.0,
Lower #1,"Oct 27, 2025, 7:44 PM","Oct 27, 2025, 8:55 PM",,Leg Press (Machine),,,2,normal,360.0,10.0,,0.0,
Lower #1,"Oct 27, 2025, 7:44 PM","Oct 27, 2025, 8:55 PM",,Leg Press (Machine),,,3,normal,450.0,8.0,,0.0,
Lower #1,"Oct 27, 2025, 7:44 PM","Oct 27, 2025, 8:55 PM",,Sumo Squat (Dumbbell),,,0,normal,55.0,16.0,,0.0,
Lower #1,"Oct 27, 2025, 7:44 PM","Oct 27, 2025, 8:55 PM",,Sumo Squat (Dumbbell),,,1,normal,65.0,9.0,,0.0,
Lower #1,"Oct 27, 2025, 7:44 PM","Oct 27, 2025, 8:55 PM",,Sumo Squat (Dumbbell),,,2,normal,70.0,9.0,,0.0,
Lower #1,"Oct 27, 2025, 7:44 PM","Oct 27, 2025, 8:55 PM",,Sumo Squat (Dumbbell),,,3,normal,70.0,8.0,,0.0,
Lower #1,"Oct 27, 2025, 7:44 PM","Oct 27, 2025, 8:55 PM",,Hip Thrust (Machine),,,0,normal,25.0,12.0,,0.0,
Lower #1,"Oct 27, 2025, 7:44 PM","Oct 27, 2025, 8:55 PM",,Hip Thrust (Machine),,,1,normal,35.0,10.0,,0.0,
Lower #1,"Oct 27, 2025, 7:44 PM","Oct 27, 2025, 8:55 PM",,Hip Thrust (Machine),,,2,normal,35.5,10.0,,0.0,
Lower #1,"Oct 27, 2025, 7:44 PM","Oct 27, 2025, 8:55 PM",,Deadlift (Dumbbell),,,0,normal,30.0,10.0,,0.0,
Lower #1,"Oct 27, 2025, 7:44 PM","Oct 27, 2025, 8:55 PM",,Deadlift (Dumbbell),,,1,normal,20.0,8.0,,0.0,
Lower #1,"Oct 27, 2025, 7:44 PM","Oct 27, 2025, 8:55 PM",,Deadlift (Dumbbell),,,2,normal,20.0,8.0,,0.0,
Lower #1,"Oct 27, 2025, 7:44 PM","Oct 27, 2025, 8:55 PM",,Deadlift (Dumbbell),,,3,normal,55.0,5.0,,0.0,
Lower #1,"Oct 27, 2025, 7:44 PM","Oct 27, 2025, 8:55 PM",,Standing Calf Raise (Machine),,,0,normal,90.0,20.0,,0.0,
Lower #1,"Oct 27, 2025, 7:44 PM","Oct 27, 2025, 8:55 PM",,Standing Calf Raise (Machine),,,1,normal,115.0,16.0,,0.0,
Lower #1,"Oct 27, 2025, 7:44 PM","Oct 27, 2025, 8:55 PM",,Standing Calf Raise (Machine),,,2,normal,110.0,12.0,,0.0,
Upper 1,"Oct 26, 2025, 6:31 PM","Oct 26, 2025, 7:26 PM",,Bench Press (Barbell),,,0,normal,50.0,11.0,,0.0,
Upper 1,"Oct 26, 2025, 6:31 PM","Oct 26, 2025, 7:26 PM",,Bench Press (Barbell),,,1,normal,90.0,10.0,,0.0,
Upper 1,"Oct 26, 2025, 6:31 PM","Oct 26, 2025, 7:26 PM",,Bench Press (Barbell),,,2,normal,110.0,6.0,,0.0,
Upper 1,"Oct 26, 2025, 6:31 PM","Oct 26, 2025, 7:26 PM",,Iso-Lateral Chest Press (Machine),,,0,normal,45.0,10.0,,0.0,
Upper 1,"Oct 26, 2025, 6:31 PM","Oct 26, 2025, 7:26 PM",,Iso-Lateral Chest Press (Machine),,,1,normal,55.0,8.0,,0.0,
Upper 1,"Oct 26, 2025, 6:31 PM","Oct 26, 2025, 7:26 PM",,Chest Fly (Machine),,,0,normal,80.0,10.0,,0.0,
Upper 1,"Oct 26, 2025, 6:31 PM","Oct 26, 2025, 7:26 PM",,Chest Fly (Machine),,,1,normal,90.0,8.0,,0.0,
Upper 1,"Oct 26, 2025, 6:31 PM","Oct 26, 2025, 7:26 PM",,Shoulder Press (Machine Plates),,,0,normal,25.0,10.0,,0.0,
Upper 1,"Oct 26, 2025, 6:31 PM","Oct 26, 2025, 7:26 PM",,Shoulder Press (Machine Plates),,,1,normal,45.0,10.0,,0.0,
Upper 1,"Oct 26, 2025, 6:31 PM","Oct 26, 2025, 7:26 PM",,Shoulder Press (Machine Plates),,,2,normal,45.0,10.0,,0.0,
Upper 1,"Oct 26, 2025, 6:31 PM","Oct 26, 2025, 7:26 PM",,Front Raise (Cable),,,0,normal,10.0,12.0,,0.0,
Upper 1,"Oct 26, 2025, 6:31 PM","Oct 26, 2025, 7:26 PM",,Front Raise (Cable),,,1,normal,15.0,10.0,,0.0,
Upper 1,"Oct 26, 2025, 6:31 PM","Oct 26, 2025, 7:26 PM",,Seated Cable Row - V Grip (Cable),,,0,normal,80.5,10.0,,0.0,
Upper 1,"Oct 26, 2025, 6:31 PM","Oct 26, 2025, 7:26 PM",,Seated Cable Row - V Grip (Cable),,,1,normal,90.0,10.0,,0.0,
Upper 1,"Oct 26, 2025, 6:31 PM","Oct 26, 2025, 7:26 PM",,Iso-Lateral Row (Machine),,,0,normal,45.0,9.0,,0.0,
Upper 1,"Oct 26, 2025, 6:31 PM","Oct 26, 2025, 7:26 PM",,Iso-Lateral Row (Machine),,,1,normal,45.0,9.0,,0.0,
Upper 1,"Oct 26, 2025, 6:31 PM","Oct 26, 2025, 7:26 PM",,Iso-Lateral Row (Machine),,,2,normal,45.0,10.0,,0.0,
Upper 1,"Oct 26, 2025, 6:31 PM","Oct 26, 2025, 7:26 PM",,Triceps Pressdown,,,0,normal,30.0,15.0,,0.0,
Upper 1,"Oct 26, 2025, 6:31 PM","Oct 26, 2025, 7:26 PM",,Triceps Pressdown,,,1,normal,50.0,10.0,,0.0,
Upper 1,"Oct 26, 2025, 6:31 PM","Oct 26, 2025, 7:26 PM",,Triceps Pressdown,,,2,normal,60.0,9.0,,0.0,
Upper 1,"Oct 26, 2025, 6:31 PM","Oct 26, 2025, 7:26 PM",,Bicep Curl (Cable),,,0,normal,15.0,15.0,,0.0,
Upper 1,"Oct 26, 2025, 6:31 PM","Oct 26, 2025, 7:26 PM",,Bicep Curl (Cable),,,1,normal,35.0,8.0,,0.0,
Upper 1,"Oct 26, 2025, 6:31 PM","Oct 26, 2025, 7:26 PM",,Bicep Curl (Cable),,,2,normal,35.0,9.0,,0.0,
Lower #2,"Oct 24, 2025, 7:18 PM","Oct 24, 2025, 7:57 PM",,Squat (Barbell),,,0,normal,25.0,10.0,,0.0,
Lower #2,"Oct 24, 2025, 7:18 PM","Oct 24, 2025, 7:57 PM",,Squat (Barbell),,,1,normal,35.0,11.0,,0.0,
Lower #2,"Oct 24, 2025, 7:18 PM","Oct 24, 2025, 7:57 PM",,Squat (Barbell),,,2,normal,45.0,10.0,,0.0,
Lower #2,"Oct 24, 2025, 7:18 PM","Oct 24, 2025, 7:57 PM",,Squat (Barbell),,,3,normal,45.0,10.0,,0.0,
Lower #2,"Oct 24, 2025, 7:18 PM","Oct 24, 2025, 7:57 PM",,Leg Extension (Machine),,,0,normal,70.0,15.0,,0.0,
Lower #2,"Oct 24, 2025, 7:18 PM","Oct 24, 2025, 7:57 PM",,Leg Extension (Machine),,,1,normal,110.0,12.0,,0.0,
Lower #2,"Oct 24, 2025, 7:18 PM","Oct 24, 2025, 7:57 PM",,Leg Extension (Machine),,,2,normal,150.0,10.0,,0.0,
Lower #2,"Oct 24, 2025, 7:18 PM","Oct 24, 2025, 7:57 PM",,Hip Abduction (Machine),,,0,normal,40.0,15.0,,0.0,
Lower #2,"Oct 24, 2025, 7:18 PM","Oct 24, 2025, 7:57 PM",,Hip Abduction (Machine),,,1,normal,65.0,13.0,,0.0,
Lower #2,"Oct 24, 2025, 7:18 PM","Oct 24, 2025, 7:57 PM",,Hip Abduction (Machine),,,2,normal,80.0,12.0,,0.0,
Lower #2,"Oct 24, 2025, 7:18 PM","Oct 24, 2025, 7:57 PM",,Hip Adduction (Machine),,,0,normal,40.0,15.0,,0.0,
Lower #2,"Oct 24, 2025, 7:18 PM","Oct 24, 2025, 7:57 PM",,Hip Adduction (Machine),,,1,normal,65.0,12.0,,0.0,
Lower #2,"Oct 24, 2025, 7:18 PM","Oct 24, 2025, 7:57 PM",,Hip Adduction (Machine),,,2,normal,65.0,12.0,,0.0,
Lower #2,"Oct 24, 2025, 7:18 PM","Oct 24, 2025, 7:57 PM",,Seated Leg Curl (Machine),,,0,normal,60.0,15.0,,0.0,
Lower #2,"Oct 24, 2025, 7:18 PM","Oct 24, 2025, 7:57 PM",,Seated Leg Curl (Machine),,,1,normal,70.0,13.0,,0.0,
Lower #2,"Oct 24, 2025, 7:18 PM","Oct 24, 2025, 7:57 PM",,Seated Leg Curl (Machine),,,2,normal,80.0,10.0,,0.0,
Upper #2,"Oct 23, 2025, 6:59 PM","Oct 23, 2025, 8:16 PM",,Lat Pulldown (Cable),,,0,normal,70.0,12.0,,0.0,
Upper #2,"Oct 23, 2025, 6:59 PM","Oct 23, 2025, 8:16 PM",,Lat Pulldown (Cable),,,1,normal,115.0,10.0,,0.0,
Upper #2,"Oct 23, 2025, 6:59 PM","Oct 23, 2025, 8:16 PM",,Lat Pulldown (Cable),,,2,normal,145.0,10.0,,0.0,
Upper #2,"Oct 23, 2025, 6:59 PM","Oct 23, 2025, 8:16 PM",,Lat Pulldown (Cable),,,3,normal,145.0,8.0,,0.0,
Upper #2,"Oct 23, 2025, 6:59 PM","Oct 23, 2025, 8:16 PM",,Rear Delt Reverse Fly (Machine),,,0,normal,40.0,15.0,,0.0,
Upper #2,"Oct 23, 2025, 6:59 PM","Oct 23, 2025, 8:16 PM",,Rear Delt Reverse Fly (Machine),,,1,normal,60.0,13.0,,0.0,
Upper #2,"Oct 23, 2025, 6:59 PM","Oct 23, 2025, 8:16 PM",,Rear Delt Reverse Fly (Machine),,,2,normal,60.0,12.0,,0.0,
Upper #2,"Oct 23, 2025, 6:59 PM","Oct 23, 2025, 8:16 PM",,Seated Cable Row - V Grip (Cable),,,0,normal,55.0,12.0,,0.0,
Upper #2,"Oct 23, 2025, 6:59 PM","Oct 23, 2025, 8:16 PM",,Seated Cable Row - V Grip (Cable),,,1,normal,70.0,10.0,,0.0,
Upper #2,"Oct 23, 2025, 6:59 PM","Oct 23, 2025, 8:16 PM",,Seated Cable Row - V Grip (Cable),,,2,normal,70.0,10.0,,0.0,
Upper #2,"Oct 23, 2025, 6:59 PM","Oct 23, 2025, 8:16 PM",,Dumbbell Row,,,0,normal,40.0,12.0,,0.0,
Upper #2,"Oct 23, 2025, 6:59 PM","Oct 23, 2025, 8:16 PM",,Dumbbell Row,,,1,normal,45.0,10.0,,0.0,
Upper #2,"Oct 23, 2025, 6:59 PM","Oct 23, 2025, 8:16 PM",,Dumbbell Row,,,2,normal,50.0,10.0,,0.0,
Upper #2,"Oct 23, 2025, 6:59 PM","Oct 23, 2025, 8:16 PM",,Incline Bench Press (Dumbbell),,,0,normal,50.0,15.0,,0.0,
Upper #2,"Oct 23, 2025, 6:59 PM","Oct 23, 2025, 8:16 PM",,Incline Bench Press (Dumbbell),,,1,normal,70.0,13.0,,0.0,
Upper #2,"Oct 23, 2025, 6:59 PM","Oct 23, 2025, 8:16 PM",,Incline Bench Press (Dumbbell),,,2,normal,90.0,9.0,,0.0,
Upper #2,"Oct 23, 2025, 6:59 PM","Oct 23, 2025, 8:16 PM",,Cable Fly Crossovers,,,0,normal,10.0,15.0,,0.0,
Upper #2,"Oct 23, 2025, 6:59 PM","Oct 23, 2025, 8:16 PM",,Cable Fly Crossovers,,,1,normal,15.0,15.0,,0.0,
Upper #2,"Oct 23, 2025, 6:59 PM","Oct 23, 2025, 8:16 PM",,Cable Fly Crossovers,,,2,normal,20.0,12.0,,0.0,
Upper #2,"Oct 23, 2025, 6:59 PM","Oct 23, 2025, 8:16 PM",,Single Arm Lateral Raise (Cable),,,0,normal,5.0,15.0,,0.0,
Upper #2,"Oct 23, 2025, 6:59 PM","Oct 23, 2025, 8:16 PM",,Single Arm Lateral Raise (Cable),,,1,normal,5.0,12.0,,0.0,
Upper #2,"Oct 23, 2025, 6:59 PM","Oct 23, 2025, 8:16 PM",,Single Arm Lateral Raise (Cable),,,2,normal,10.0,12.0,,0.0,
Upper #2,"Oct 23, 2025, 6:59 PM","Oct 23, 2025, 8:16 PM",,Triceps Extension (Cable),,,0,normal,5.0,15.0,,0.0,
Upper #2,"Oct 23, 2025, 6:59 PM","Oct 23, 2025, 8:16 PM",,Triceps Extension (Cable),,,1,normal,10.0,12.0,,0.0,
Upper #2,"Oct 23, 2025, 6:59 PM","Oct 23, 2025, 8:16 PM",,Triceps Extension (Cable),,,2,normal,10.0,12.0,,0.0,
Upper #2,"Oct 23, 2025, 6:59 PM","Oct 23, 2025, 8:16 PM",,Bicep Curl (Dumbbell),,,0,normal,15.0,15.0,,0.0,
Upper #2,"Oct 23, 2025, 6:59 PM","Oct 23, 2025, 8:16 PM",,Bicep Curl (Dumbbell),,,1,normal,17.0,12.0,,0.0,
Upper #2,"Oct 23, 2025, 6:59 PM","Oct 23, 2025, 8:16 PM",,Bicep Curl (Dumbbell),,,2,normal,20.0,10.0,,0.0,
Lower #1,"Oct 21, 2025, 7:34 PM","Oct 21, 2025, 8:58 PM",,Walking Lunge (Dumbbell),,,0,normal,20.0,0.0,0.01,0.0,
Lower #1,"Oct 21, 2025, 7:34 PM","Oct 21, 2025, 8:58 PM",,Walking Lunge (Dumbbell),,,1,normal,30.0,0.0,0.01,0.0,
Lower #1,"Oct 21, 2025, 7:34 PM","Oct 21, 2025, 8:58 PM",,Walking Lunge (Dumbbell),,,2,normal,44.5,0.0,0.0,0.0,
Lower #1,"Oct 21, 2025, 7:34 PM","Oct 21, 2025, 8:58 PM",,Leg Extension (Machine),,,0,normal,70.0,15.0,,0.0,
Lower #1,"Oct 21, 2025, 7:34 PM","Oct 21, 2025, 8:58 PM",,Leg Extension (Machine),,,1,normal,105.5,12.0,,0.0,
Lower #1,"Oct 21, 2025, 7:34 PM","Oct 21, 2025, 8:58 PM",,Leg Extension (Machine),,,2,normal,150.5,10.0,,0.0,
Lower #1,"Oct 21, 2025, 7:34 PM","Oct 21, 2025, 8:58 PM",,Leg Press (Machine),,,0,normal,200.0,9.0,,0.0,
Lower #1,"Oct 21, 2025, 7:34 PM","Oct 21, 2025, 8:58 PM",,Leg Press (Machine),,,1,normal,240.5,12.0,,0.0,
Lower #1,"Oct 21, 2025, 7:34 PM","Oct 21, 2025, 8:58 PM",,Leg Press (Machine),,,2,normal,320.0,7.0,,0.0,
Lower #1,"Oct 21, 2025, 7:34 PM","Oct 21, 2025, 8:58 PM",,Leg Press (Machine),,,3,normal,380.0,6.0,,0.0,
Lower #1,"Oct 21, 2025, 7:34 PM","Oct 21, 2025, 8:58 PM",,Sumo Squat (Dumbbell),,,0,normal,55.0,16.0,,0.0,
Lower #1,"Oct 21, 2025, 7:34 PM","Oct 21, 2025, 8:58 PM",,Sumo Squat (Dumbbell),,,1,normal,65.0,9.0,,0.0,
Lower #1,"Oct 21, 2025, 7:34 PM","Oct 21, 2025, 8:58 PM",,Sumo Squat (Dumbbell),,,2,normal,70.0,9.0,,0.0,
Lower #1,"Oct 21, 2025, 7:34 PM","Oct 21, 2025, 8:58 PM",,Sumo Squat (Dumbbell),,,3,normal,70.0,8.0,,0.0,
Lower #1,"Oct 21, 2025, 7:34 PM","Oct 21, 2025, 8:58 PM",,Hip Thrust (Machine),,,0,normal,25.0,12.0,,0.0,
Lower #1,"Oct 21, 2025, 7:34 PM","Oct 21, 2025, 8:58 PM",,Hip Thrust (Machine),,,1,normal,35.0,10.0,,0.0,
Lower #1,"Oct 21, 2025, 7:34 PM","Oct 21, 2025, 8:58 PM",,Hip Thrust (Machine),,,2,normal,45.0,10.0,,0.0,
Lower #1,"Oct 21, 2025, 7:34 PM","Oct 21, 2025, 8:58 PM",,Deadlift (Dumbbell),,,0,normal,30.0,10.0,,0.0,
Lower #1,"Oct 21, 2025, 7:34 PM","Oct 21, 2025, 8:58 PM",,Deadlift (Dumbbell),,,1,normal,45.5,8.0,,0.0,
Lower #1,"Oct 21, 2025, 7:34 PM","Oct 21, 2025, 8:58 PM",,Deadlift (Dumbbell),,,2,normal,50.0,8.0,,0.0,
Lower #1,"Oct 21, 2025, 7:34 PM","Oct 21, 2025, 8:58 PM",,Deadlift (Dumbbell),,,3,normal,60.0,8.0,,0.0,
Lower #1,"Oct 21, 2025, 7:34 PM","Oct 21, 2025, 8:58 PM",,Standing Calf Raise (Machine),,,0,normal,90.0,20.0,,0.0,
Lower #1,"Oct 21, 2025, 7:34 PM","Oct 21, 2025, 8:58 PM",,Standing Calf Raise (Machine),,,1,normal,115.0,16.0,,0.0,
Lower #1,"Oct 21, 2025, 7:34 PM","Oct 21, 2025, 8:58 PM",,Standing Calf Raise (Machine),,,2,normal,110.0,12.0,,0.0,
